video_id,video_path,extension,label,label_source,subject_id,subject_id_reason,fps,frame_count,decoded_frame_count,duration_seconds,width,height,is_readable,read_error
d_1,data/raw/SUST Driver Drowsiness Dataset/drowsiness/d_1.mp4,.mp4,drowsy,directory:drowsiness,,No subject identifier or documented video-to-driver mapping in path or filename.,30.0,300,300,10.0,720,1280,True,
d_10,data/raw/SUST Driver Drowsiness Dataset/drowsiness/d_10.mp4,.mp4,drowsy,directory:drowsiness,,No subject identifier or documented video-to-driver mapping in path or filename.,30.0,300,300,10.0,720,1280,True,
d_100,data/raw/SUST Driver Drowsiness Dataset/drowsiness/d_100.mp4,.mp4,drowsy,directory:drowsiness,,No subject identifier or documented video-to-driver mapping in path or filename.,25.0,250,250,10.0,720,1280,True,
d_101,data/raw/SUST Driver Drowsiness Dataset/drowsiness/d_101.mp4,.mp4,drowsy,directory:drowsiness,,No subject identifier or documented video-to-driver mapping in path or filename.,25.0,250,250,10.0,720,1280,True,
d_102,data/raw/SUST Driver Drowsiness Dataset/drowsiness/d_102.mp4,.mp4,drowsy,directory:drowsiness,,No subject identifier or documented video-to-driver mapping in path or filename.,25.0,250,250,10.0,720,1280,True,
d_103,data/raw/SUST Driver Drowsiness Dataset/drowsiness/d_103.mp4,.mp4,drowsy,directory:drowsiness,,No subject identifier or documented video-to-driver mapping in path or filename.,25.0,250,250,10.0,720,1280,True,
d_104,data/raw/SUST Driver Drowsiness Dataset/drowsiness/d_104.mp4,.mp4,drowsy,directory:drowsiness,,No subject identifier or documented video-to-driver mapping in path or filename.,25.0,250,250,10.0,720,1280,True,
d_105,data/raw/SUST Driver Drowsiness Dataset/drowsiness/d_105.mp4,.mp4,drowsy,directory:drowsiness,,No subject identifier or documented video-to-driver mapping in path or filename.,25.0,250,250,10.0,720,1280,True,
d_106,data/raw/SUST Driver Drowsiness Dataset/drowsiness/d_106.mp4,.mp4,drowsy,directory:drowsiness,,No subject identifier or documented video-to-driver mapping in path or filename.,25.0,250,250,10.0,720,1280,True,
d_107,data/raw/SUST Driver Drowsiness Dataset/drowsiness/d_107.mp4,.mp4,drowsy,directory:drowsiness,,No subject identifier or documented video-to-driver mapping in path or filename.,25.0,250,250,10.0,720,1280,True,
d_108,data/raw/SUST Driver Drowsiness Dataset/drowsiness/d_108.mp4,.mp4,drowsy,directory:drowsiness,,No subject identifier or documented video-to-driver mapping in path or filename.,25.0,250,250,10.0,720,1280,True,
d_109,data/raw/SUST Driver Drowsiness Dataset/drowsiness/d_109.mp4,.mp4,drowsy,directory:drowsiness,,No subject identifier or documented video-to-driver mapping in path or filename.,25.0,250,250,10.0,720,1280,True,
d_11,data/raw/SUST Driver Drowsiness Dataset/drowsiness/d_11.mp4,.mp4,drowsy,directory:drowsiness,,No subject identifier or documented video-to-driver mapping in path or filename.,30.0,300,300,10.0,720,1280,True,
d_110,data/raw/SUST Driver Drowsiness Dataset/drowsiness/d_110.mp4,.mp4,drowsy,directory:drowsiness,,No subject identifier or documented video-to-driver mapping in path or filename.,25.0,250,250,10.0,720,1280,True,
d_111,data/raw/SUST Driver Drowsiness Dataset/drowsiness/d_111.mp4,.mp4,drowsy,directory:drowsiness,,No subject identifier or documented video-to-driver mapping in path or filename.,25.0,250,250,10.0,720,1280,True,
d_112,data/raw/SUST Driver Drowsiness Dataset/drowsiness/d_112.mp4,.mp4,drowsy,directory:drowsiness,,No subject identifier or documented video-to-driver mapping in path or filename.,25.0,250,250,10.0,720,1280,True,
d_113,data/raw/SUST Driver Drowsiness Dataset/drowsiness/d_113.mp4,.mp4,drowsy,directory:drowsiness,,No subject identifier or documented video-to-driver mapping in path or filename.,25.0,250,250,10.0,720,1280,True,
d_114,data/raw/SUST Driver Drowsiness Dataset/drowsiness/d_114.mp4,.mp4,drowsy,directory:drowsiness,,No subject identifier or documented video-to-driver mapping in path or filename.,25.0,250,250,10.0,720,1280,True,
d_115,data/raw/SUST Driver Drowsiness Dataset/drowsiness/d_115.mp4,.mp4,drowsy,directory:drowsiness,,No subject identifier or documented video-to-driver mapping in path or filename.,25.0,250,250,10.0,720,1280,True,
d_116,data/raw/SUST Driver Drowsiness Dataset/drowsiness/d_116.mp4,.mp4,drowsy,directory:drowsiness,,No subject identifier or documented video-to-driver mapping in path or filename.,25.0,250,250,10.0,720,1280,True,
d_117,data/raw/SUST Driver Drowsiness Dataset/drowsiness/d_117.mp4,.mp4,drowsy,directory:drowsiness,,No subject identifier or documented video-to-driver mapping in path or filename.,25.0,250,250,10.0,720,1280,True,
d_118,data/raw/SUST Driver Drowsiness Dataset/drowsiness/d_118.mp4,.mp4,drowsy,directory:drowsiness,,No subject identifier or documented video-to-driver mapping in path or filename.,25.0,250,250,10.0,720,1280,True,
d_119,data/raw/SUST Driver Drowsiness Dataset/drowsiness/d_119.mp4,.mp4,drowsy,directory:drowsiness,,No subject identifier or documented video-to-driver mapping in path or filename.,25.0,250,250,10.0,720,1280,True,
d_12,data/raw/SUST Driver Drowsiness Dataset/drowsiness/d_12.mp4,.mp4,drowsy,directory:drowsiness,,No subject identifier or documented video-to-driver mapping in path or filename.,30.0,300,300,10.0,720,1280,True,
d_120,data/raw/SUST Driver Drowsiness Dataset/drowsiness/d_120.mp4,.mp4,drowsy,directory:drowsiness,,No subject identifier or documented video-to-driver mapping in path or filename.,25.0,250,250,10.0,720,1280,True,
d_121,data/raw/SUST Driver Drowsiness Dataset/drowsiness/d_121.mp4,.mp4,drowsy,directory:drowsiness,,No subject identifier or documented video-to-driver mapping in path or filename.,25.0,250,250,10.0,720,1280,True,
d_122,data/raw/SUST Driver Drowsiness Dataset/drowsiness/d_122.mp4,.mp4,drowsy,directory:drowsiness,,No subject identifier or documented video-to-driver mapping in path or filename.,25.0,250,250,10.0,720,1280,True,
d_123,data/raw/SUST Driver Drowsiness Dataset/drowsiness/d_123.mp4,.mp4,drowsy,directory:drowsiness,,No subject identifier or documented video-to-driver mapping in path or filename.,25.0,250,250,10.0,720,1280,True,
d_124,data/raw/SUST Driver Drowsiness Dataset/drowsiness/d_124.mp4,.mp4,drowsy,directory:drowsiness,,No subject identifier or documented video-to-driver mapping in path or filename.,25.0,250,250,10.0,720,1280,True,
d_125,data/raw/SUST Driver Drowsiness Dataset/drowsiness/d_125.mp4,.mp4,drowsy,directory:drowsiness,,No subject identifier or documented video-to-driver mapping in path or filename.,25.0,250,250,10.0,720,1280,True,
d_126,data/raw/SUST Driver Drowsiness Dataset/drowsiness/d_126.mp4,.mp4,drowsy,directory:drowsiness,,No subject identifier or documented video-to-driver mapping in path or filename.,25.0,250,250,10.0,720,1280,True,
d_127,data/raw/SUST Driver Drowsiness Dataset/drowsiness/d_127.mp4,.mp4,drowsy,directory:drowsiness,,No subject identifier or documented video-to-driver mapping in path or filename.,25.0,250,250,10.0,720,1280,True,
d_128,data/raw/SUST Driver Drowsiness Dataset/drowsiness/d_128.mp4,.mp4,drowsy,directory:drowsiness,,No subject identifier or documented video-to-driver mapping in path or filename.,25.0,250,250,10.0,720,1280,True,
d_129,data/raw/SUST Driver Drowsiness Dataset/drowsiness/d_129.mp4,.mp4,drowsy,directory:drowsiness,,No subject identifier or documented video-to-driver mapping in path or filename.,25.0,250,250,10.0,720,1280,True,
d_13,data/raw/SUST Driver Drowsiness Dataset/drowsiness/d_13.mp4,.mp4,drowsy,directory:drowsiness,,No subject identifier or documented video-to-driver mapping in path or filename.,30.0,300,300,10.0,720,1280,True,
d_130,data/raw/SUST Driver Drowsiness Dataset/drowsiness/d_130.mp4,.mp4,drowsy,directory:drowsiness,,No subject identifier or documented video-to-driver mapping in path or filename.,25.0,250,250,10.0,720,1280,True,
d_131,data/raw/SUST Driver Drowsiness Dataset/drowsiness/d_131.mp4,.mp4,drowsy,directory:drowsiness,,No subject identifier or documented video-to-driver mapping in path or filename.,25.0,250,250,10.0,720,1280,True,
d_132,data/raw/SUST Driver Drowsiness Dataset/drowsiness/d_132.mp4,.mp4,drowsy,directory:drowsiness,,No subject identifier or documented video-to-driver mapping in path or filename.,25.0,250,250,10.0,720,1280,True,
d_133,data/raw/SUST Driver Drowsiness Dataset/drowsiness/d_133.mp4,.mp4,drowsy,directory:drowsiness,,No subject identifier or documented video-to-driver mapping in path or filename.,25.0,250,250,10.0,720,1280,True,
d_134,data/raw/SUST Driver Drowsiness Dataset/drowsiness/d_134.mp4,.mp4,drowsy,directory:drowsiness,,No subject identifier or documented video-to-driver mapping in path or filename.,25.0,250,250,10.0,720,1280,True,
d_135,data/raw/SUST Driver Drowsiness Dataset/drowsiness/d_135.mp4,.mp4,drowsy,directory:drowsiness,,No subject identifier or documented video-to-driver mapping in path or filename.,25.0,250,250,10.0,720,1280,True,
d_136,data/raw/SUST Driver Drowsiness Dataset/drowsiness/d_136.mp4,.mp4,drowsy,directory:drowsiness,,No subject identifier or documented video-to-driver mapping in path or filename.,25.0,250,250,10.0,720,1280,True,
d_137,data/raw/SUST Driver Drowsiness Dataset/drowsiness/d_137.mp4,.mp4,drowsy,directory:drowsiness,,No subject identifier or documented video-to-driver mapping in path or filename.,25.0,250,250,10.0,720,1280,True,
d_138,data/raw/SUST Driver Drowsiness Dataset/drowsiness/d_138.mp4,.mp4,drowsy,directory:drowsiness,,No subject identifier or documented video-to-driver mapping in path or filename.,25.0,250,250,10.0,720,1280,True,
d_139,data/raw/SUST Driver Drowsiness Dataset/drowsiness/d_139.mp4,.mp4,drowsy,directory:drowsiness,,No subject identifier or documented video-to-driver mapping in path or filename.,25.0,250,250,10.0,720,1280,True,
d_14,data/raw/SUST Driver Drowsiness Dataset/drowsiness/d_14.mp4,.mp4,drowsy,directory:drowsiness,,No subject identifier or documented video-to-driver mapping in path or filename.,30.0,300,300,10.0,720,1280,True,
d_140,data/raw/SUST Driver Drowsiness Dataset/drowsiness/d_140.mp4,.mp4,drowsy,directory:drowsiness,,No subject identifier or documented video-to-driver mapping in path or filename.,25.0,250,250,10.0,720,1280,True,
d_141,data/raw/SUST Driver Drowsiness Dataset/drowsiness/d_141.mp4,.mp4,drowsy,directory:drowsiness,,No subject identifier or documented video-to-driver mapping in path or filename.,25.0,250,250,10.0,720,1280,True,
d_142,data/raw/SUST Driver Drowsiness Dataset/drowsiness/d_142.mp4,.mp4,drowsy,directory:drowsiness,,No subject identifier or documented video-to-driver mapping in path or filename.,25.0,250,250,10.0,720,1280,True,
d_143,data/raw/SUST Driver Drowsiness Dataset/drowsiness/d_143.mp4,.mp4,drowsy,directory:drowsiness,,No subject identifier or documented video-to-driver mapping in path or filename.,25.0,250,250,10.0,720,1280,True,
d_144,data/raw/SUST Driver Drowsiness Dataset/drowsiness/d_144.mp4,.mp4,drowsy,directory:drowsiness,,No subject identifier or documented video-to-driver mapping in path or filename.,25.0,250,250,10.0,720,1280,True,
d_145,data/raw/SUST Driver Drowsiness Dataset/drowsiness/d_145.mp4,.mp4,drowsy,directory:drowsiness,,No subject identifier or documented video-to-driver mapping in path or filename.,25.0,250,250,10.0,720,1280,True,
d_146,data/raw/SUST Driver Drowsiness Dataset/drowsiness/d_146.mp4,.mp4,drowsy,directory:drowsiness,,No subject identifier or documented video-to-driver mapping in path or filename.,25.0,250,250,10.0,720,1280,True,
d_147,data/raw/SUST Driver Drowsiness Dataset/drowsiness/d_147.mp4,.mp4,drowsy,directory:drowsiness,,No subject identifier or documented video-to-driver mapping in path or filename.,25.0,250,250,10.0,720,1280,True,
d_148,data/raw/SUST Driver Drowsiness Dataset/drowsiness/d_148.mp4,.mp4,drowsy,directory:drowsiness,,No subject identifier or documented video-to-driver mapping in path or filename.,25.0,250,250,10.0,720,1280,True,
d_149,data/raw/SUST Driver Drowsiness Dataset/drowsiness/d_149.mp4,.mp4,drowsy,directory:drowsiness,,No subject identifier or documented video-to-driver mapping in path or filename.,25.0,250,250,10.0,720,1280,True,
d_15,data/raw/SUST Driver Drowsiness Dataset/drowsiness/d_15.mp4,.mp4,drowsy,directory:drowsiness,,No subject identifier or documented video-to-driver mapping in path or filename.,30.0,300,300,10.0,720,1280,True,
d_150,data/raw/SUST Driver Drowsiness Dataset/drowsiness/d_150.mp4,.mp4,drowsy,directory:drowsiness,,No subject identifier or documented video-to-driver mapping in path or filename.,29.5,295,295,10.0,720,1280,True,
d_151,data/raw/SUST Driver Drowsiness Dataset/drowsiness/d_151.mp4,.mp4,drowsy,directory:drowsiness,,No subject identifier or documented video-to-driver mapping in path or filename.,29.5,295,295,10.0,720,1280,True,
d_152,data/raw/SUST Driver Drowsiness Dataset/drowsiness/d_152.mp4,.mp4,drowsy,directory:drowsiness,,No subject identifier or documented video-to-driver mapping in path or filename.,29.5,295,295,10.0,720,1280,True,
d_153,data/raw/SUST Driver Drowsiness Dataset/drowsiness/d_153.mp4,.mp4,drowsy,directory:drowsiness,,No subject identifier or documented video-to-driver mapping in path or filename.,29.5,295,295,10.0,720,1280,True,
d_154,data/raw/SUST Driver Drowsiness Dataset/drowsiness/d_154.mp4,.mp4,drowsy,directory:drowsiness,,No subject identifier or documented video-to-driver mapping in path or filename.,29.5,295,295,10.0,720,1280,True,
d_155,data/raw/SUST Driver Drowsiness Dataset/drowsiness/d_155.mp4,.mp4,drowsy,directory:drowsiness,,No subject identifier or documented video-to-driver mapping in path or filename.,29.5,295,295,10.0,720,1280,True,
d_156,data/raw/SUST Driver Drowsiness Dataset/drowsiness/d_156.mp4,.mp4,drowsy,directory:drowsiness,,No subject identifier or documented video-to-driver mapping in path or filename.,29.5,295,295,10.0,720,1280,True,
d_157,data/raw/SUST Driver Drowsiness Dataset/drowsiness/d_157.mp4,.mp4,drowsy,directory:drowsiness,,No subject identifier or documented video-to-driver mapping in path or filename.,29.5,295,295,10.0,720,1280,True,
d_158,data/raw/SUST Driver Drowsiness Dataset/drowsiness/d_158.mp4,.mp4,drowsy,directory:drowsiness,,No subject identifier or documented video-to-driver mapping in path or filename.,29.5,295,295,10.0,720,1280,True,
d_159,data/raw/SUST Driver Drowsiness Dataset/drowsiness/d_159.mp4,.mp4,drowsy,directory:drowsiness,,No subject identifier or documented video-to-driver mapping in path or filename.,29.5,295,295,10.0,720,1280,True,
d_16,data/raw/SUST Driver Drowsiness Dataset/drowsiness/d_16.mp4,.mp4,drowsy,directory:drowsiness,,No subject identifier or documented video-to-driver mapping in path or filename.,30.0,300,300,10.0,720,1280,True,
d_160,data/raw/SUST Driver Drowsiness Dataset/drowsiness/d_160.mp4,.mp4,drowsy,directory:drowsiness,,No subject identifier or documented video-to-driver mapping in path or filename.,29.5,295,295,10.0,720,1280,True,
d_161,data/raw/SUST Driver Drowsiness Dataset/drowsiness/d_161.mp4,.mp4,drowsy,directory:drowsiness,,No subject identifier or documented video-to-driver mapping in path or filename.,29.5,295,295,10.0,720,1280,True,
d_162,data/raw/SUST Driver Drowsiness Dataset/drowsiness/d_162.mp4,.mp4,drowsy,directory:drowsiness,,No subject identifier or documented video-to-driver mapping in path or filename.,29.5,295,295,10.0,720,1280,True,
d_163,data/raw/SUST Driver Drowsiness Dataset/drowsiness/d_163.mp4,.mp4,drowsy,directory:drowsiness,,No subject identifier or documented video-to-driver mapping in path or filename.,29.5,295,295,10.0,720,1280,True,
d_164,data/raw/SUST Driver Drowsiness Dataset/drowsiness/d_164.mp4,.mp4,drowsy,directory:drowsiness,,No subject identifier or documented video-to-driver mapping in path or filename.,29.5,295,295,10.0,720,1280,True,
d_165,data/raw/SUST Driver Drowsiness Dataset/drowsiness/d_165.mp4,.mp4,drowsy,directory:drowsiness,,No subject identifier or documented video-to-driver mapping in path or filename.,29.5,295,295,10.0,720,1280,True,
d_166,data/raw/SUST Driver Drowsiness Dataset/drowsiness/d_166.mp4,.mp4,drowsy,directory:drowsiness,,No subject identifier or documented video-to-driver mapping in path or filename.,29.5,295,295,10.0,720,1280,True,
d_167,data/raw/SUST Driver Drowsiness Dataset/drowsiness/d_167.mp4,.mp4,drowsy,directory:drowsiness,,No subject identifier or documented video-to-driver mapping in path or filename.,29.5,295,295,10.0,720,1280,True,
d_168,data/raw/SUST Driver Drowsiness Dataset/drowsiness/d_168.mp4,.mp4,drowsy,directory:drowsiness,,No subject identifier or documented video-to-driver mapping in path or filename.,29.5,295,295,10.0,720,1280,True,
d_169,data/raw/SUST Driver Drowsiness Dataset/drowsiness/d_169.mp4,.mp4,drowsy,directory:drowsiness,,No subject identifier or documented video-to-driver mapping in path or filename.,29.5,295,295,10.0,720,1280,True,
d_17,data/raw/SUST Driver Drowsiness Dataset/drowsiness/d_17.mp4,.mp4,drowsy,directory:drowsiness,,No subject identifier or documented video-to-driver mapping in path or filename.,30.0,300,300,10.0,720,1280,True,
d_170,data/raw/SUST Driver Drowsiness Dataset/drowsiness/d_170.mp4,.mp4,drowsy,directory:drowsiness,,No subject identifier or documented video-to-driver mapping in path or filename.,29.5,295,295,10.0,720,1280,True,
d_171,data/raw/SUST Driver Drowsiness Dataset/drowsiness/d_171.mp4,.mp4,drowsy,directory:drowsiness,,No subject identifier or documented video-to-driver mapping in path or filename.,29.5,295,295,10.0,720,1280,True,
d_172,data/raw/SUST Driver Drowsiness Dataset/drowsiness/d_172.mp4,.mp4,drowsy,directory:drowsiness,,No subject identifier or documented video-to-driver mapping in path or filename.,29.5,295,295,10.0,720,1280,True,
d_173,data/raw/SUST Driver Drowsiness Dataset/drowsiness/d_173.mp4,.mp4,drowsy,directory:drowsiness,,No subject identifier or documented video-to-driver mapping in path or filename.,29.5,295,295,10.0,720,1280,True,
d_174,data/raw/SUST Driver Drowsiness Dataset/drowsiness/d_174.mp4,.mp4,drowsy,directory:drowsiness,,No subject identifier or documented video-to-driver mapping in path or filename.,29.5,295,295,10.0,720,1280,True,
d_175,data/raw/SUST Driver Drowsiness Dataset/drowsiness/d_175.mp4,.mp4,drowsy,directory:drowsiness,,No subject identifier or documented video-to-driver mapping in path or filename.,29.5,295,295,10.0,720,1280,True,
d_176,data/raw/SUST Driver Drowsiness Dataset/drowsiness/d_176.mp4,.mp4,drowsy,directory:drowsiness,,No subject identifier or documented video-to-driver mapping in path or filename.,29.5,295,295,10.0,720,1280,True,
d_177,data/raw/SUST Driver Drowsiness Dataset/drowsiness/d_177.mp4,.mp4,drowsy,directory:drowsiness,,No subject identifier or documented video-to-driver mapping in path or filename.,29.5,295,295,10.0,720,1280,True,
d_178,data/raw/SUST Driver Drowsiness Dataset/drowsiness/d_178.mp4,.mp4,drowsy,directory:drowsiness,,No subject identifier or documented video-to-driver mapping in path or filename.,29.5,295,295,10.0,720,1280,True,
d_179,data/raw/SUST Driver Drowsiness Dataset/drowsiness/d_179.mp4,.mp4,drowsy,directory:drowsiness,,No subject identifier or documented video-to-driver mapping in path or filename.,29.5,295,295,10.0,720,1280,True,
d_18,data/raw/SUST Driver Drowsiness Dataset/drowsiness/d_18.mp4,.mp4,drowsy,directory:drowsiness,,No subject identifier or documented video-to-driver mapping in path or filename.,30.0,300,300,10.0,720,1280,True,
d_180,data/raw/SUST Driver Drowsiness Dataset/drowsiness/d_180.mp4,.mp4,drowsy,directory:drowsiness,,No subject identifier or documented video-to-driver mapping in path or filename.,29.5,295,295,10.0,720,1280,True,
d_181,data/raw/SUST Driver Drowsiness Dataset/drowsiness/d_181.mp4,.mp4,drowsy,directory:drowsiness,,No subject identifier or documented video-to-driver mapping in path or filename.,29.5,295,295,10.0,720,1280,True,
d_182,data/raw/SUST Driver Drowsiness Dataset/drowsiness/d_182.mp4,.mp4,drowsy,directory:drowsiness,,No subject identifier or documented video-to-driver mapping in path or filename.,29.5,295,295,10.0,720,1280,True,
d_183,data/raw/SUST Driver Drowsiness Dataset/drowsiness/d_183.mp4,.mp4,drowsy,directory:drowsiness,,No subject identifier or documented video-to-driver mapping in path or filename.,29.5,295,295,10.0,720,1280,True,
d_184,data/raw/SUST Driver Drowsiness Dataset/drowsiness/d_184.mp4,.mp4,drowsy,directory:drowsiness,,No subject identifier or documented video-to-driver mapping in path or filename.,29.5,295,295,10.0,720,1280,True,
d_185,data/raw/SUST Driver Drowsiness Dataset/drowsiness/d_185.mp4,.mp4,drowsy,directory:drowsiness,,No subject identifier or documented video-to-driver mapping in path or filename.,29.5,295,295,10.0,720,1280,True,
d_186,data/raw/SUST Driver Drowsiness Dataset/drowsiness/d_186.mp4,.mp4,drowsy,directory:drowsiness,,No subject identifier or documented video-to-driver mapping in path or filename.,29.5,295,295,10.0,720,1280,True,
d_187,data/raw/SUST Driver Drowsiness Dataset/drowsiness/d_187.mp4,.mp4,drowsy,directory:drowsiness,,No subject identifier or documented video-to-driver mapping in path or filename.,29.5,295,295,10.0,720,1280,True,
d_188,data/raw/SUST Driver Drowsiness Dataset/drowsiness/d_188.mp4,.mp4,drowsy,directory:drowsiness,,No subject identifier or documented video-to-driver mapping in path or filename.,29.5,295,295,10.0,720,1280,True,
d_189,data/raw/SUST Driver Drowsiness Dataset/drowsiness/d_189.mp4,.mp4,drowsy,directory:drowsiness,,No subject identifier or documented video-to-driver mapping in path or filename.,29.5,295,295,10.0,720,1280,True,
d_19,data/raw/SUST Driver Drowsiness Dataset/drowsiness/d_19.mp4,.mp4,drowsy,directory:drowsiness,,No subject identifier or documented video-to-driver mapping in path or filename.,30.0,300,300,10.0,720,1280,True,
d_190,data/raw/SUST Driver Drowsiness Dataset/drowsiness/d_190.mp4,.mp4,drowsy,directory:drowsiness,,No subject identifier or documented video-to-driver mapping in path or filename.,29.5,295,295,10.0,720,1280,True,
d_191,data/raw/SUST Driver Drowsiness Dataset/drowsiness/d_191.mp4,.mp4,drowsy,directory:drowsiness,,No subject identifier or documented video-to-driver mapping in path or filename.,29.5,295,295,10.0,720,1280,True,
d_192,data/raw/SUST Driver Drowsiness Dataset/drowsiness/d_192.mp4,.mp4,drowsy,directory:drowsiness,,No subject identifier or documented video-to-driver mapping in path or filename.,29.5,295,295,10.0,720,1280,True,
d_193,data/raw/SUST Driver Drowsiness Dataset/drowsiness/d_193.mp4,.mp4,drowsy,directory:drowsiness,,No subject identifier or documented video-to-driver mapping in path or filename.,29.5,295,295,10.0,720,1280,True,
d_194,data/raw/SUST Driver Drowsiness Dataset/drowsiness/d_194.mp4,.mp4,drowsy,directory:drowsiness,,No subject identifier or documented video-to-driver mapping in path or filename.,29.5,295,295,10.0,720,1280,True,
d_195,data/raw/SUST Driver Drowsiness Dataset/drowsiness/d_195.mp4,.mp4,drowsy,directory:drowsiness,,No subject identifier or documented video-to-driver mapping in path or filename.,29.5,295,295,10.0,720,1280,True,
d_196,data/raw/SUST Driver Drowsiness Dataset/drowsiness/d_196.mp4,.mp4,drowsy,directory:drowsiness,,No subject identifier or documented video-to-driver mapping in path or filename.,29.5,295,295,10.0,720,1280,True,
d_197,data/raw/SUST Driver Drowsiness Dataset/drowsiness/d_197.mp4,.mp4,drowsy,directory:drowsiness,,No subject identifier or documented video-to-driver mapping in path or filename.,30.0,300,300,10.0,720,1280,True,
d_198,data/raw/SUST Driver Drowsiness Dataset/drowsiness/d_198.mp4,.mp4,drowsy,directory:drowsiness,,No subject identifier or documented video-to-driver mapping in path or filename.,30.0,300,300,10.0,720,1280,True,
d_199,data/raw/SUST Driver Drowsiness Dataset/drowsiness/d_199.mp4,.mp4,drowsy,directory:drowsiness,,No subject identifier or documented video-to-driver mapping in path or filename.,30.0,300,300,10.0,720,1280,True,
d_2,data/raw/SUST Driver Drowsiness Dataset/drowsiness/d_2.mp4,.mp4,drowsy,directory:drowsiness,,No subject identifier or documented video-to-driver mapping in path or filename.,30.0,300,300,10.0,720,1280,True,
d_20,data/raw/SUST Driver Drowsiness Dataset/drowsiness/d_20.mp4,.mp4,drowsy,directory:drowsiness,,No subject identifier or documented video-to-driver mapping in path or filename.,30.0,300,300,10.0,720,1280,True,
d_200,data/raw/SUST Driver Drowsiness Dataset/drowsiness/d_200.mp4,.mp4,drowsy,directory:drowsiness,,No subject identifier or documented video-to-driver mapping in path or filename.,30.0,300,300,10.0,720,1280,True,
d_201,data/raw/SUST Driver Drowsiness Dataset/drowsiness/d_201.mp4,.mp4,drowsy,directory:drowsiness,,No subject identifier or documented video-to-driver mapping in path or filename.,30.0,300,300,10.0,720,1280,True,
d_202,data/raw/SUST Driver Drowsiness Dataset/drowsiness/d_202.mp4,.mp4,drowsy,directory:drowsiness,,No subject identifier or documented video-to-driver mapping in path or filename.,30.0,300,300,10.0,720,1280,True,
d_203,data/raw/SUST Driver Drowsiness Dataset/drowsiness/d_203.mp4,.mp4,drowsy,directory:drowsiness,,No subject identifier or documented video-to-driver mapping in path or filename.,30.0,300,300,10.0,720,1280,True,
d_204,data/raw/SUST Driver Drowsiness Dataset/drowsiness/d_204.mp4,.mp4,drowsy,directory:drowsiness,,No subject identifier or documented video-to-driver mapping in path or filename.,30.0,300,300,10.0,720,1280,True,
d_205,data/raw/SUST Driver Drowsiness Dataset/drowsiness/d_205.mp4,.mp4,drowsy,directory:drowsiness,,No subject identifier or documented video-to-driver mapping in path or filename.,30.0,300,300,10.0,720,1280,True,
d_206,data/raw/SUST Driver Drowsiness Dataset/drowsiness/d_206.mp4,.mp4,drowsy,directory:drowsiness,,No subject identifier or documented video-to-driver mapping in path or filename.,30.0,300,300,10.0,720,1280,True,
d_207,data/raw/SUST Driver Drowsiness Dataset/drowsiness/d_207.mp4,.mp4,drowsy,directory:drowsiness,,No subject identifier or documented video-to-driver mapping in path or filename.,30.0,300,300,10.0,720,1280,True,
d_208,data/raw/SUST Driver Drowsiness Dataset/drowsiness/d_208.mp4,.mp4,drowsy,directory:drowsiness,,No subject identifier or documented video-to-driver mapping in path or filename.,30.0,300,300,10.0,720,1280,True,
d_209,data/raw/SUST Driver Drowsiness Dataset/drowsiness/d_209.mp4,.mp4,drowsy,directory:drowsiness,,No subject identifier or documented video-to-driver mapping in path or filename.,30.0,300,300,10.0,720,1280,True,
d_21,data/raw/SUST Driver Drowsiness Dataset/drowsiness/d_21.mp4,.mp4,drowsy,directory:drowsiness,,No subject identifier or documented video-to-driver mapping in path or filename.,30.0,300,300,10.0,720,1280,True,
d_210,data/raw/SUST Driver Drowsiness Dataset/drowsiness/d_210.mp4,.mp4,drowsy,directory:drowsiness,,No subject identifier or documented video-to-driver mapping in path or filename.,30.0,300,300,10.0,720,1280,True,
d_211,data/raw/SUST Driver Drowsiness Dataset/drowsiness/d_211.mp4,.mp4,drowsy,directory:drowsiness,,No subject identifier or documented video-to-driver mapping in path or filename.,30.0,300,300,10.0,720,1280,True,
d_212,data/raw/SUST Driver Drowsiness Dataset/drowsiness/d_212.mp4,.mp4,drowsy,directory:drowsiness,,No subject identifier or documented video-to-driver mapping in path or filename.,30.0,300,300,10.0,720,1280,True,
d_213,data/raw/SUST Driver Drowsiness Dataset/drowsiness/d_213.mp4,.mp4,drowsy,directory:drowsiness,,No subject identifier or documented video-to-driver mapping in path or filename.,30.0,300,300,10.0,720,1280,True,
d_214,data/raw/SUST Driver Drowsiness Dataset/drowsiness/d_214.mp4,.mp4,drowsy,directory:drowsiness,,No subject identifier or documented video-to-driver mapping in path or filename.,30.0,300,300,10.0,720,1280,True,
d_215,data/raw/SUST Driver Drowsiness Dataset/drowsiness/d_215.mp4,.mp4,drowsy,directory:drowsiness,,No subject identifier or documented video-to-driver mapping in path or filename.,30.0,300,300,10.0,720,1280,True,
d_216,data/raw/SUST Driver Drowsiness Dataset/drowsiness/d_216.mp4,.mp4,drowsy,directory:drowsiness,,No subject identifier or documented video-to-driver mapping in path or filename.,30.0,300,300,10.0,720,1280,True,
d_217,data/raw/SUST Driver Drowsiness Dataset/drowsiness/d_217.mp4,.mp4,drowsy,directory:drowsiness,,No subject identifier or documented video-to-driver mapping in path or filename.,30.0,300,300,10.0,720,1280,True,
d_218,data/raw/SUST Driver Drowsiness Dataset/drowsiness/d_218.mp4,.mp4,drowsy,directory:drowsiness,,No subject identifier or documented video-to-driver mapping in path or filename.,30.0,300,300,10.0,720,1280,True,
d_219,data/raw/SUST Driver Drowsiness Dataset/drowsiness/d_219.mp4,.mp4,drowsy,directory:drowsiness,,No subject identifier or documented video-to-driver mapping in path or filename.,30.0,300,300,10.0,720,1280,True,
d_22,data/raw/SUST Driver Drowsiness Dataset/drowsiness/d_22.mp4,.mp4,drowsy,directory:drowsiness,,No subject identifier or documented video-to-driver mapping in path or filename.,30.0,300,300,10.0,720,1280,True,
d_220,data/raw/SUST Driver Drowsiness Dataset/drowsiness/d_220.mp4,.mp4,drowsy,directory:drowsiness,,No subject identifier or documented video-to-driver mapping in path or filename.,30.0,300,300,10.0,720,1280,True,
d_221,data/raw/SUST Driver Drowsiness Dataset/drowsiness/d_221.mp4,.mp4,drowsy,directory:drowsiness,,No subject identifier or documented video-to-driver mapping in path or filename.,30.0,300,300,10.0,720,1280,True,
d_222,data/raw/SUST Driver Drowsiness Dataset/drowsiness/d_222.mp4,.mp4,drowsy,directory:drowsiness,,No subject identifier or documented video-to-driver mapping in path or filename.,30.0,300,300,10.0,720,1280,True,
d_223,data/raw/SUST Driver Drowsiness Dataset/drowsiness/d_223.mp4,.mp4,drowsy,directory:drowsiness,,No subject identifier or documented video-to-driver mapping in path or filename.,30.0,300,300,10.0,720,1280,True,
d_224,data/raw/SUST Driver Drowsiness Dataset/drowsiness/d_224.mp4,.mp4,drowsy,directory:drowsiness,,No subject identifier or documented video-to-driver mapping in path or filename.,30.0,300,300,10.0,720,1280,True,
d_225,data/raw/SUST Driver Drowsiness Dataset/drowsiness/d_225.mp4,.mp4,drowsy,directory:drowsiness,,No subject identifier or documented video-to-driver mapping in path or filename.,30.0,300,300,10.0,720,1280,True,
d_226,data/raw/SUST Driver Drowsiness Dataset/drowsiness/d_226.mp4,.mp4,drowsy,directory:drowsiness,,No subject identifier or documented video-to-driver mapping in path or filename.,30.0,300,300,10.0,720,1280,True,
d_227,data/raw/SUST Driver Drowsiness Dataset/drowsiness/d_227.mp4,.mp4,drowsy,directory:drowsiness,,No subject identifier or documented video-to-driver mapping in path or filename.,30.0,300,300,10.0,720,1280,True,
d_228,data/raw/SUST Driver Drowsiness Dataset/drowsiness/d_228.mp4,.mp4,drowsy,directory:drowsiness,,No subject identifier or documented video-to-driver mapping in path or filename.,30.0,300,300,10.0,720,1280,True,
d_229,data/raw/SUST Driver Drowsiness Dataset/drowsiness/d_229.mp4,.mp4,drowsy,directory:drowsiness,,No subject identifier or documented video-to-driver mapping in path or filename.,30.0,300,300,10.0,720,1280,True,
d_23,data/raw/SUST Driver Drowsiness Dataset/drowsiness/d_23.mp4,.mp4,drowsy,directory:drowsiness,,No subject identifier or documented video-to-driver mapping in path or filename.,30.0,300,300,10.0,720,1280,True,
d_230,data/raw/SUST Driver Drowsiness Dataset/drowsiness/d_230.mp4,.mp4,drowsy,directory:drowsiness,,No subject identifier or documented video-to-driver mapping in path or filename.,30.0,300,300,10.0,720,1280,True,
d_231,data/raw/SUST Driver Drowsiness Dataset/drowsiness/d_231.mp4,.mp4,drowsy,directory:drowsiness,,No subject identifier or documented video-to-driver mapping in path or filename.,30.0,300,300,10.0,720,1280,True,
d_232,data/raw/SUST Driver Drowsiness Dataset/drowsiness/d_232.mp4,.mp4,drowsy,directory:drowsiness,,No subject identifier or documented video-to-driver mapping in path or filename.,30.0,300,300,10.0,720,1280,True,
d_233,data/raw/SUST Driver Drowsiness Dataset/drowsiness/d_233.mp4,.mp4,drowsy,directory:drowsiness,,No subject identifier or documented video-to-driver mapping in path or filename.,30.0,300,300,10.0,720,1280,True,
d_234,data/raw/SUST Driver Drowsiness Dataset/drowsiness/d_234.mp4,.mp4,drowsy,directory:drowsiness,,No subject identifier or documented video-to-driver mapping in path or filename.,30.0,300,300,10.0,720,1280,True,
d_235,data/raw/SUST Driver Drowsiness Dataset/drowsiness/d_235.mp4,.mp4,drowsy,directory:drowsiness,,No subject identifier or documented video-to-driver mapping in path or filename.,30.0,300,300,10.0,720,1280,True,
d_236,data/raw/SUST Driver Drowsiness Dataset/drowsiness/d_236.mp4,.mp4,drowsy,directory:drowsiness,,No subject identifier or documented video-to-driver mapping in path or filename.,30.0,300,300,10.0,720,1280,True,
d_237,data/raw/SUST Driver Drowsiness Dataset/drowsiness/d_237.mp4,.mp4,drowsy,directory:drowsiness,,No subject identifier or documented video-to-driver mapping in path or filename.,29.97,300,300,10.01001,720,1280,True,
d_238,data/raw/SUST Driver Drowsiness Dataset/drowsiness/d_238.mp4,.mp4,drowsy,directory:drowsiness,,No subject identifier or documented video-to-driver mapping in path or filename.,29.97,300,300,10.01001,720,1280,True,
d_239,data/raw/SUST Driver Drowsiness Dataset/drowsiness/d_239.mp4,.mp4,drowsy,directory:drowsiness,,No subject identifier or documented video-to-driver mapping in path or filename.,29.97,300,300,10.01001,720,1280,True,
d_24,data/raw/SUST Driver Drowsiness Dataset/drowsiness/d_24.mp4,.mp4,drowsy,directory:drowsiness,,No subject identifier or documented video-to-driver mapping in path or filename.,30.0,300,300,10.0,720,1280,True,
d_240,data/raw/SUST Driver Drowsiness Dataset/drowsiness/d_240.mp4,.mp4,drowsy,directory:drowsiness,,No subject identifier or documented video-to-driver mapping in path or filename.,29.97,300,300,10.01001,720,1280,True,
d_241,data/raw/SUST Driver Drowsiness Dataset/drowsiness/d_241.mp4,.mp4,drowsy,directory:drowsiness,,No subject identifier or documented video-to-driver mapping in path or filename.,29.97,300,300,10.01001,720,1280,True,
d_242,data/raw/SUST Driver Drowsiness Dataset/drowsiness/d_242.mp4,.mp4,drowsy,directory:drowsiness,,No subject identifier or documented video-to-driver mapping in path or filename.,29.97,300,300,10.01001,720,1280,True,
d_243,data/raw/SUST Driver Drowsiness Dataset/drowsiness/d_243.mp4,.mp4,drowsy,directory:drowsiness,,No subject identifier or documented video-to-driver mapping in path or filename.,29.97,300,300,10.01001,720,1280,True,
d_244,data/raw/SUST Driver Drowsiness Dataset/drowsiness/d_244.mp4,.mp4,drowsy,directory:drowsiness,,No subject identifier or documented video-to-driver mapping in path or filename.,29.97,300,300,10.01001,720,1280,True,
d_245,data/raw/SUST Driver Drowsiness Dataset/drowsiness/d_245.mp4,.mp4,drowsy,directory:drowsiness,,No subject identifier or documented video-to-driver mapping in path or filename.,29.97,300,300,10.01001,720,1280,True,
d_246,data/raw/SUST Driver Drowsiness Dataset/drowsiness/d_246.mp4,.mp4,drowsy,directory:drowsiness,,No subject identifier or documented video-to-driver mapping in path or filename.,29.97,300,300,10.01001,720,1280,True,
d_247,data/raw/SUST Driver Drowsiness Dataset/drowsiness/d_247.mp4,.mp4,drowsy,directory:drowsiness,,No subject identifier or documented video-to-driver mapping in path or filename.,29.97,300,300,10.01001,720,1280,True,
d_248,data/raw/SUST Driver Drowsiness Dataset/drowsiness/d_248.mp4,.mp4,drowsy,directory:drowsiness,,No subject identifier or documented video-to-driver mapping in path or filename.,29.97,300,300,10.01001,720,1280,True,
d_249,data/raw/SUST Driver Drowsiness Dataset/drowsiness/d_249.mp4,.mp4,drowsy,directory:drowsiness,,No subject identifier or documented video-to-driver mapping in path or filename.,29.97,300,300,10.01001,720,1280,True,
d_25,data/raw/SUST Driver Drowsiness Dataset/drowsiness/d_25.mp4,.mp4,drowsy,directory:drowsiness,,No subject identifier or documented video-to-driver mapping in path or filename.,30.0,300,300,10.0,720,1280,True,
d_250,data/raw/SUST Driver Drowsiness Dataset/drowsiness/d_250.mp4,.mp4,drowsy,directory:drowsiness,,No subject identifier or documented video-to-driver mapping in path or filename.,29.97,300,300,10.01001,720,1280,True,
d_251,data/raw/SUST Driver Drowsiness Dataset/drowsiness/d_251.mp4,.mp4,drowsy,directory:drowsiness,,No subject identifier or documented video-to-driver mapping in path or filename.,29.97,300,300,10.01001,720,1280,True,
d_252,data/raw/SUST Driver Drowsiness Dataset/drowsiness/d_252.mp4,.mp4,drowsy,directory:drowsiness,,No subject identifier or documented video-to-driver mapping in path or filename.,29.97,300,300,10.01001,720,1280,True,
d_253,data/raw/SUST Driver Drowsiness Dataset/drowsiness/d_253.mp4,.mp4,drowsy,directory:drowsiness,,No subject identifier or documented video-to-driver mapping in path or filename.,29.97,300,300,10.01001,720,1280,True,
d_254,data/raw/SUST Driver Drowsiness Dataset/drowsiness/d_254.mp4,.mp4,drowsy,directory:drowsiness,,No subject identifier or documented video-to-driver mapping in path or filename.,29.97,300,300,10.01001,720,1280,True,
d_255,data/raw/SUST Driver Drowsiness Dataset/drowsiness/d_255.mp4,.mp4,drowsy,directory:drowsiness,,No subject identifier or documented video-to-driver mapping in path or filename.,29.97,300,300,10.01001,720,1280,True,
d_256,data/raw/SUST Driver Drowsiness Dataset/drowsiness/d_256.mp4,.mp4,drowsy,directory:drowsiness,,No subject identifier or documented video-to-driver mapping in path or filename.,29.97,300,300,10.01001,720,1280,True,
d_257,data/raw/SUST Driver Drowsiness Dataset/drowsiness/d_257.mp4,.mp4,drowsy,directory:drowsiness,,No subject identifier or documented video-to-driver mapping in path or filename.,29.97,300,300,10.01001,720,1280,True,
d_258,data/raw/SUST Driver Drowsiness Dataset/drowsiness/d_258.mp4,.mp4,drowsy,directory:drowsiness,,No subject identifier or documented video-to-driver mapping in path or filename.,29.97,300,300,10.01001,720,1280,True,
d_259,data/raw/SUST Driver Drowsiness Dataset/drowsiness/d_259.mp4,.mp4,drowsy,directory:drowsiness,,No subject identifier or documented video-to-driver mapping in path or filename.,29.97,300,300,10.01001,720,1280,True,
d_26,data/raw/SUST Driver Drowsiness Dataset/drowsiness/d_26.mp4,.mp4,drowsy,directory:drowsiness,,No subject identifier or documented video-to-driver mapping in path or filename.,30.0,300,300,10.0,720,1280,True,
d_260,data/raw/SUST Driver Drowsiness Dataset/drowsiness/d_260.mp4,.mp4,drowsy,directory:drowsiness,,No subject identifier or documented video-to-driver mapping in path or filename.,29.97,300,300,10.01001,720,1280,True,
d_261,data/raw/SUST Driver Drowsiness Dataset/drowsiness/d_261.mp4,.mp4,drowsy,directory:drowsiness,,No subject identifier or documented video-to-driver mapping in path or filename.,29.97,300,300,10.01001,720,1280,True,
d_262,data/raw/SUST Driver Drowsiness Dataset/drowsiness/d_262.mp4,.mp4,drowsy,directory:drowsiness,,No subject identifier or documented video-to-driver mapping in path or filename.,29.97,300,300,10.01001,720,1280,True,
d_263,data/raw/SUST Driver Drowsiness Dataset/drowsiness/d_263.mp4,.mp4,drowsy,directory:drowsiness,,No subject identifier or documented video-to-driver mapping in path or filename.,29.97,300,300,10.01001,720,1280,True,
d_264,data/raw/SUST Driver Drowsiness Dataset/drowsiness/d_264.mp4,.mp4,drowsy,directory:drowsiness,,No subject identifier or documented video-to-driver mapping in path or filename.,29.97,300,300,10.01001,720,1280,True,
d_265,data/raw/SUST Driver Drowsiness Dataset/drowsiness/d_265.mp4,.mp4,drowsy,directory:drowsiness,,No subject identifier or documented video-to-driver mapping in path or filename.,29.97,300,300,10.01001,720,1280,True,
d_266,data/raw/SUST Driver Drowsiness Dataset/drowsiness/d_266.mp4,.mp4,drowsy,directory:drowsiness,,No subject identifier or documented video-to-driver mapping in path or filename.,29.97,300,300,10.01001,720,1280,True,
d_267,data/raw/SUST Driver Drowsiness Dataset/drowsiness/d_267.mp4,.mp4,drowsy,directory:drowsiness,,No subject identifier or documented video-to-driver mapping in path or filename.,29.97,300,300,10.01001,720,1280,True,
d_268,data/raw/SUST Driver Drowsiness Dataset/drowsiness/d_268.mp4,.mp4,drowsy,directory:drowsiness,,No subject identifier or documented video-to-driver mapping in path or filename.,29.97,300,300,10.01001,720,1280,True,
d_269,data/raw/SUST Driver Drowsiness Dataset/drowsiness/d_269.mp4,.mp4,drowsy,directory:drowsiness,,No subject identifier or documented video-to-driver mapping in path or filename.,29.97,300,300,10.01001,720,1280,True,
d_27,data/raw/SUST Driver Drowsiness Dataset/drowsiness/d_27.mp4,.mp4,drowsy,directory:drowsiness,,No subject identifier or documented video-to-driver mapping in path or filename.,30.0,300,300,10.0,720,1280,True,
d_270,data/raw/SUST Driver Drowsiness Dataset/drowsiness/d_270.mp4,.mp4,drowsy,directory:drowsiness,,No subject identifier or documented video-to-driver mapping in path or filename.,29.97,300,300,10.01001,720,1280,True,
d_271,data/raw/SUST Driver Drowsiness Dataset/drowsiness/d_271.mp4,.mp4,drowsy,directory:drowsiness,,No subject identifier or documented video-to-driver mapping in path or filename.,29.97,300,300,10.01001,720,1280,True,
d_272,data/raw/SUST Driver Drowsiness Dataset/drowsiness/d_272.mp4,.mp4,drowsy,directory:drowsiness,,No subject identifier or documented video-to-driver mapping in path or filename.,29.97,300,300,10.01001,720,1280,True,
d_273,data/raw/SUST Driver Drowsiness Dataset/drowsiness/d_273.mp4,.mp4,drowsy,directory:drowsiness,,No subject identifier or documented video-to-driver mapping in path or filename.,29.97,300,300,10.01001,720,1280,True,
d_274,data/raw/SUST Driver Drowsiness Dataset/drowsiness/d_274.mp4,.mp4,drowsy,directory:drowsiness,,No subject identifier or documented video-to-driver mapping in path or filename.,29.97,300,300,10.01001,720,1280,True,
d_275,data/raw/SUST Driver Drowsiness Dataset/drowsiness/d_275.mp4,.mp4,drowsy,directory:drowsiness,,No subject identifier or documented video-to-driver mapping in path or filename.,29.97,300,300,10.01001,720,1280,True,
d_276,data/raw/SUST Driver Drowsiness Dataset/drowsiness/d_276.mp4,.mp4,drowsy,directory:drowsiness,,No subject identifier or documented video-to-driver mapping in path or filename.,29.95,300,300,10.016694,720,1280,True,
d_277,data/raw/SUST Driver Drowsiness Dataset/drowsiness/d_277.mp4,.mp4,drowsy,directory:drowsiness,,No subject identifier or documented video-to-driver mapping in path or filename.,29.95,300,300,10.016694,720,1280,True,
d_278,data/raw/SUST Driver Drowsiness Dataset/drowsiness/d_278.mp4,.mp4,drowsy,directory:drowsiness,,No subject identifier or documented video-to-driver mapping in path or filename.,29.95,300,300,10.016694,720,1280,True,
d_279,data/raw/SUST Driver Drowsiness Dataset/drowsiness/d_279.mp4,.mp4,drowsy,directory:drowsiness,,No subject identifier or documented video-to-driver mapping in path or filename.,29.95,300,300,10.016694,720,1280,True,
d_28,data/raw/SUST Driver Drowsiness Dataset/drowsiness/d_28.mp4,.mp4,drowsy,directory:drowsiness,,No subject identifier or documented video-to-driver mapping in path or filename.,30.0,300,300,10.0,720,1280,True,
d_280,data/raw/SUST Driver Drowsiness Dataset/drowsiness/d_280.mp4,.mp4,drowsy,directory:drowsiness,,No subject identifier or documented video-to-driver mapping in path or filename.,29.95,300,300,10.016694,720,1280,True,
d_281,data/raw/SUST Driver Drowsiness Dataset/drowsiness/d_281.mp4,.mp4,drowsy,directory:drowsiness,,No subject identifier or documented video-to-driver mapping in path or filename.,29.95,300,300,10.016694,720,1280,True,
d_282,data/raw/SUST Driver Drowsiness Dataset/drowsiness/d_282.mp4,.mp4,drowsy,directory:drowsiness,,No subject identifier or documented video-to-driver mapping in path or filename.,29.95,300,300,10.016694,720,1280,True,
d_283,data/raw/SUST Driver Drowsiness Dataset/drowsiness/d_283.mp4,.mp4,drowsy,directory:drowsiness,,No subject identifier or documented video-to-driver mapping in path or filename.,29.95,300,300,10.016694,720,1280,True,
d_284,data/raw/SUST Driver Drowsiness Dataset/drowsiness/d_284.mp4,.mp4,drowsy,directory:drowsiness,,No subject identifier or documented video-to-driver mapping in path or filename.,29.83,299,299,10.023466,720,1280,True,
d_285,data/raw/SUST Driver Drowsiness Dataset/drowsiness/d_285.mp4,.mp4,drowsy,directory:drowsiness,,No subject identifier or documented video-to-driver mapping in path or filename.,29.83,299,299,10.023466,720,1280,True,
d_286,data/raw/SUST Driver Drowsiness Dataset/drowsiness/d_286.mp4,.mp4,drowsy,directory:drowsiness,,No subject identifier or documented video-to-driver mapping in path or filename.,29.83,299,299,10.023466,720,1280,True,
d_287,data/raw/SUST Driver Drowsiness Dataset/drowsiness/d_287.mp4,.mp4,drowsy,directory:drowsiness,,No subject identifier or documented video-to-driver mapping in path or filename.,29.83,299,299,10.023466,720,1280,True,
d_288,data/raw/SUST Driver Drowsiness Dataset/drowsiness/d_288.mp4,.mp4,drowsy,directory:drowsiness,,No subject identifier or documented video-to-driver mapping in path or filename.,29.83,299,299,10.023466,720,1280,True,
d_289,data/raw/SUST Driver Drowsiness Dataset/drowsiness/d_289.mp4,.mp4,drowsy,directory:drowsiness,,No subject identifier or documented video-to-driver mapping in path or filename.,29.83,299,299,10.023466,720,1280,True,
d_29,data/raw/SUST Driver Drowsiness Dataset/drowsiness/d_29.mp4,.mp4,drowsy,directory:drowsiness,,No subject identifier or documented video-to-driver mapping in path or filename.,30.0,300,300,10.0,720,1280,True,
d_290,data/raw/SUST Driver Drowsiness Dataset/drowsiness/d_290.mp4,.mp4,drowsy,directory:drowsiness,,No subject identifier or documented video-to-driver mapping in path or filename.,29.83,299,299,10.023466,720,1280,True,
d_291,data/raw/SUST Driver Drowsiness Dataset/drowsiness/d_291.mp4,.mp4,drowsy,directory:drowsiness,,No subject identifier or documented video-to-driver mapping in path or filename.,29.83,299,299,10.023466,720,1280,True,
d_292,data/raw/SUST Driver Drowsiness Dataset/drowsiness/d_292.mp4,.mp4,drowsy,directory:drowsiness,,No subject identifier or documented video-to-driver mapping in path or filename.,29.83,299,299,10.023466,720,1280,True,
d_293,data/raw/SUST Driver Drowsiness Dataset/drowsiness/d_293.mp4,.mp4,drowsy,directory:drowsiness,,No subject identifier or documented video-to-driver mapping in path or filename.,29.83,299,299,10.023466,720,1280,True,
d_294,data/raw/SUST Driver Drowsiness Dataset/drowsiness/d_294.mp4,.mp4,drowsy,directory:drowsiness,,No subject identifier or documented video-to-driver mapping in path or filename.,29.83,299,299,10.023466,720,1280,True,
d_295,data/raw/SUST Driver Drowsiness Dataset/drowsiness/d_295.mp4,.mp4,drowsy,directory:drowsiness,,No subject identifier or documented video-to-driver mapping in path or filename.,29.83,299,299,10.023466,720,1280,True,
d_296,data/raw/SUST Driver Drowsiness Dataset/drowsiness/d_296.mp4,.mp4,drowsy,directory:drowsiness,,No subject identifier or documented video-to-driver mapping in path or filename.,29.83,299,299,10.023466,720,1280,True,
d_297,data/raw/SUST Driver Drowsiness Dataset/drowsiness/d_297.mp4,.mp4,drowsy,directory:drowsiness,,No subject identifier or documented video-to-driver mapping in path or filename.,29.83,299,299,10.023466,720,1280,True,
d_298,data/raw/SUST Driver Drowsiness Dataset/drowsiness/d_298.mp4,.mp4,drowsy,directory:drowsiness,,No subject identifier or documented video-to-driver mapping in path or filename.,29.83,299,299,10.023466,720,1280,True,
d_299,data/raw/SUST Driver Drowsiness Dataset/drowsiness/d_299.mp4,.mp4,drowsy,directory:drowsiness,,No subject identifier or documented video-to-driver mapping in path or filename.,29.83,299,299,10.023466,720,1280,True,
d_3,data/raw/SUST Driver Drowsiness Dataset/drowsiness/d_3.mp4,.mp4,drowsy,directory:drowsiness,,No subject identifier or documented video-to-driver mapping in path or filename.,30.0,300,300,10.0,720,1280,True,
d_30,data/raw/SUST Driver Drowsiness Dataset/drowsiness/d_30.mp4,.mp4,drowsy,directory:drowsiness,,No subject identifier or documented video-to-driver mapping in path or filename.,30.0,300,300,10.0,720,1280,True,
d_300,data/raw/SUST Driver Drowsiness Dataset/drowsiness/d_300.mp4,.mp4,drowsy,directory:drowsiness,,No subject identifier or documented video-to-driver mapping in path or filename.,29.83,299,299,10.023466,720,1280,True,
d_301,data/raw/SUST Driver Drowsiness Dataset/drowsiness/d_301.mp4,.mp4,drowsy,directory:drowsiness,,No subject identifier or documented video-to-driver mapping in path or filename.,29.83,299,299,10.023466,720,1280,True,
d_302,data/raw/SUST Driver Drowsiness Dataset/drowsiness/d_302.mp4,.mp4,drowsy,directory:drowsiness,,No subject identifier or documented video-to-driver mapping in path or filename.,29.83,299,299,10.023466,720,1280,True,
d_303,data/raw/SUST Driver Drowsiness Dataset/drowsiness/d_303.mp4,.mp4,drowsy,directory:drowsiness,,No subject identifier or documented video-to-driver mapping in path or filename.,29.83,299,299,10.023466,720,1280,True,
d_304,data/raw/SUST Driver Drowsiness Dataset/drowsiness/d_304.mp4,.mp4,drowsy,directory:drowsiness,,No subject identifier or documented video-to-driver mapping in path or filename.,29.83,299,299,10.023466,720,1280,True,
d_305,data/raw/SUST Driver Drowsiness Dataset/drowsiness/d_305.mp4,.mp4,drowsy,directory:drowsiness,,No subject identifier or documented video-to-driver mapping in path or filename.,29.83,299,299,10.023466,720,1280,True,
d_306,data/raw/SUST Driver Drowsiness Dataset/drowsiness/d_306.mp4,.mp4,drowsy,directory:drowsiness,,No subject identifier or documented video-to-driver mapping in path or filename.,29.83,299,299,10.023466,720,1280,True,
d_307,data/raw/SUST Driver Drowsiness Dataset/drowsiness/d_307.mp4,.mp4,drowsy,directory:drowsiness,,No subject identifier or documented video-to-driver mapping in path or filename.,29.83,299,299,10.023466,720,1280,True,
d_308,data/raw/SUST Driver Drowsiness Dataset/drowsiness/d_308.mp4,.mp4,drowsy,directory:drowsiness,,No subject identifier or documented video-to-driver mapping in path or filename.,29.83,299,299,10.023466,720,1280,True,
d_309,data/raw/SUST Driver Drowsiness Dataset/drowsiness/d_309.mp4,.mp4,drowsy,directory:drowsiness,,No subject identifier or documented video-to-driver mapping in path or filename.,29.83,299,299,10.023466,720,1280,True,
d_31,data/raw/SUST Driver Drowsiness Dataset/drowsiness/d_31.mp4,.mp4,drowsy,directory:drowsiness,,No subject identifier or documented video-to-driver mapping in path or filename.,30.0,300,300,10.0,720,1280,True,
d_310,data/raw/SUST Driver Drowsiness Dataset/drowsiness/d_310.mp4,.mp4,drowsy,directory:drowsiness,,No subject identifier or documented video-to-driver mapping in path or filename.,29.83,299,299,10.023466,720,1280,True,
d_311,data/raw/SUST Driver Drowsiness Dataset/drowsiness/d_311.mp4,.mp4,drowsy,directory:drowsiness,,No subject identifier or documented video-to-driver mapping in path or filename.,29.83,299,299,10.023466,720,1280,True,
d_312,data/raw/SUST Driver Drowsiness Dataset/drowsiness/d_312.mp4,.mp4,drowsy,directory:drowsiness,,No subject identifier or documented video-to-driver mapping in path or filename.,29.83,299,299,10.023466,720,1280,True,
d_313,data/raw/SUST Driver Drowsiness Dataset/drowsiness/d_313.mp4,.mp4,drowsy,directory:drowsiness,,No subject identifier or documented video-to-driver mapping in path or filename.,29.83,299,299,10.023466,720,1280,True,
d_314,data/raw/SUST Driver Drowsiness Dataset/drowsiness/d_314.mp4,.mp4,drowsy,directory:drowsiness,,No subject identifier or documented video-to-driver mapping in path or filename.,29.83,299,299,10.023466,720,1280,True,
d_315,data/raw/SUST Driver Drowsiness Dataset/drowsiness/d_315.mp4,.mp4,drowsy,directory:drowsiness,,No subject identifier or documented video-to-driver mapping in path or filename.,29.83,299,299,10.023466,720,1280,True,
d_316,data/raw/SUST Driver Drowsiness Dataset/drowsiness/d_316.mp4,.mp4,drowsy,directory:drowsiness,,No subject identifier or documented video-to-driver mapping in path or filename.,29.83,299,299,10.023466,720,1280,True,
d_317,data/raw/SUST Driver Drowsiness Dataset/drowsiness/d_317.mp4,.mp4,drowsy,directory:drowsiness,,No subject identifier or documented video-to-driver mapping in path or filename.,29.83,299,299,10.023466,720,1280,True,
d_318,data/raw/SUST Driver Drowsiness Dataset/drowsiness/d_318.mp4,.mp4,drowsy,directory:drowsiness,,No subject identifier or documented video-to-driver mapping in path or filename.,29.83,299,299,10.023466,720,1280,True,
d_319,data/raw/SUST Driver Drowsiness Dataset/drowsiness/d_319.mp4,.mp4,drowsy,directory:drowsiness,,No subject identifier or documented video-to-driver mapping in path or filename.,29.83,299,299,10.023466,720,1280,True,
d_32,data/raw/SUST Driver Drowsiness Dataset/drowsiness/d_32.mp4,.mp4,drowsy,directory:drowsiness,,No subject identifier or documented video-to-driver mapping in path or filename.,30.0,300,300,10.0,720,1280,True,
d_320,data/raw/SUST Driver Drowsiness Dataset/drowsiness/d_320.mp4,.mp4,drowsy,directory:drowsiness,,No subject identifier or documented video-to-driver mapping in path or filename.,29.83,299,299,10.023466,720,1280,True,
d_321,data/raw/SUST Driver Drowsiness Dataset/drowsiness/d_321.mp4,.mp4,drowsy,directory:drowsiness,,No subject identifier or documented video-to-driver mapping in path or filename.,29.83,299,299,10.023466,720,1280,True,
d_322,data/raw/SUST Driver Drowsiness Dataset/drowsiness/d_322.mp4,.mp4,drowsy,directory:drowsiness,,No subject identifier or documented video-to-driver mapping in path or filename.,29.83,299,299,10.023466,720,1280,True,
d_323,data/raw/SUST Driver Drowsiness Dataset/drowsiness/d_323.mp4,.mp4,drowsy,directory:drowsiness,,No subject identifier or documented video-to-driver mapping in path or filename.,29.83,299,299,10.023466,720,1280,True,
d_324,data/raw/SUST Driver Drowsiness Dataset/drowsiness/d_324.mp4,.mp4,drowsy,directory:drowsiness,,No subject identifier or documented video-to-driver mapping in path or filename.,29.83,299,299,10.023466,720,1280,True,
d_325,data/raw/SUST Driver Drowsiness Dataset/drowsiness/d_325.mp4,.mp4,drowsy,directory:drowsiness,,No subject identifier or documented video-to-driver mapping in path or filename.,29.83,299,299,10.023466,720,1280,True,
d_326,data/raw/SUST Driver Drowsiness Dataset/drowsiness/d_326.mp4,.mp4,drowsy,directory:drowsiness,,No subject identifier or documented video-to-driver mapping in path or filename.,29.83,299,299,10.023466,720,1280,True,
d_327,data/raw/SUST Driver Drowsiness Dataset/drowsiness/d_327.mp4,.mp4,drowsy,directory:drowsiness,,No subject identifier or documented video-to-driver mapping in path or filename.,29.83,299,299,10.023466,720,1280,True,
d_328,data/raw/SUST Driver Drowsiness Dataset/drowsiness/d_328.mp4,.mp4,drowsy,directory:drowsiness,,No subject identifier or documented video-to-driver mapping in path or filename.,29.83,299,299,10.023466,720,1280,True,
d_329,data/raw/SUST Driver Drowsiness Dataset/drowsiness/d_329.mp4,.mp4,drowsy,directory:drowsiness,,No subject identifier or documented video-to-driver mapping in path or filename.,29.83,299,299,10.023466,720,1280,True,
d_33,data/raw/SUST Driver Drowsiness Dataset/drowsiness/d_33.mp4,.mp4,drowsy,directory:drowsiness,,No subject identifier or documented video-to-driver mapping in path or filename.,30.0,300,300,10.0,720,1280,True,
d_330,data/raw/SUST Driver Drowsiness Dataset/drowsiness/d_330.mp4,.mp4,drowsy,directory:drowsiness,,No subject identifier or documented video-to-driver mapping in path or filename.,29.83,299,299,10.023466,720,1280,True,
d_331,data/raw/SUST Driver Drowsiness Dataset/drowsiness/d_331.mp4,.mp4,drowsy,directory:drowsiness,,No subject identifier or documented video-to-driver mapping in path or filename.,29.83,299,299,10.023466,720,1280,True,
d_332,data/raw/SUST Driver Drowsiness Dataset/drowsiness/d_332.mp4,.mp4,drowsy,directory:drowsiness,,No subject identifier or documented video-to-driver mapping in path or filename.,29.83,299,299,10.023466,720,1280,True,
d_333,data/raw/SUST Driver Drowsiness Dataset/drowsiness/d_333.mp4,.mp4,drowsy,directory:drowsiness,,No subject identifier or documented video-to-driver mapping in path or filename.,29.83,299,299,10.023466,720,1280,True,
d_334,data/raw/SUST Driver Drowsiness Dataset/drowsiness/d_334.mp4,.mp4,drowsy,directory:drowsiness,,No subject identifier or documented video-to-driver mapping in path or filename.,29.83,299,299,10.023466,720,1280,True,
d_335,data/raw/SUST Driver Drowsiness Dataset/drowsiness/d_335.mp4,.mp4,drowsy,directory:drowsiness,,No subject identifier or documented video-to-driver mapping in path or filename.,29.83,299,299,10.023466,720,1280,True,
d_336,data/raw/SUST Driver Drowsiness Dataset/drowsiness/d_336.mp4,.mp4,drowsy,directory:drowsiness,,No subject identifier or documented video-to-driver mapping in path or filename.,29.83,299,299,10.023466,720,1280,True,
d_337,data/raw/SUST Driver Drowsiness Dataset/drowsiness/d_337.mp4,.mp4,drowsy,directory:drowsiness,,No subject identifier or documented video-to-driver mapping in path or filename.,29.83,299,299,10.023466,720,1280,True,
d_338,data/raw/SUST Driver Drowsiness Dataset/drowsiness/d_338.mp4,.mp4,drowsy,directory:drowsiness,,No subject identifier or documented video-to-driver mapping in path or filename.,29.83,299,299,10.023466,720,1280,True,
d_339,data/raw/SUST Driver Drowsiness Dataset/drowsiness/d_339.mp4,.mp4,drowsy,directory:drowsiness,,No subject identifier or documented video-to-driver mapping in path or filename.,29.83,299,299,10.023466,720,1280,True,
d_34,data/raw/SUST Driver Drowsiness Dataset/drowsiness/d_34.mp4,.mp4,drowsy,directory:drowsiness,,No subject identifier or documented video-to-driver mapping in path or filename.,30.0,300,300,10.0,720,1280,True,
d_340,data/raw/SUST Driver Drowsiness Dataset/drowsiness/d_340.mp4,.mp4,drowsy,directory:drowsiness,,No subject identifier or documented video-to-driver mapping in path or filename.,29.83,299,299,10.023466,720,1280,True,
d_341,data/raw/SUST Driver Drowsiness Dataset/drowsiness/d_341.mp4,.mp4,drowsy,directory:drowsiness,,No subject identifier or documented video-to-driver mapping in path or filename.,29.83,299,299,10.023466,720,1280,True,
d_342,data/raw/SUST Driver Drowsiness Dataset/drowsiness/d_342.mp4,.mp4,drowsy,directory:drowsiness,,No subject identifier or documented video-to-driver mapping in path or filename.,29.83,299,299,10.023466,720,1280,True,
d_343,data/raw/SUST Driver Drowsiness Dataset/drowsiness/d_343.mp4,.mp4,drowsy,directory:drowsiness,,No subject identifier or documented video-to-driver mapping in path or filename.,29.83,299,299,10.023466,720,1280,True,
d_344,data/raw/SUST Driver Drowsiness Dataset/drowsiness/d_344.mp4,.mp4,drowsy,directory:drowsiness,,No subject identifier or documented video-to-driver mapping in path or filename.,30.0,300,300,10.0,720,1280,True,
d_345,data/raw/SUST Driver Drowsiness Dataset/drowsiness/d_345.mp4,.mp4,drowsy,directory:drowsiness,,No subject identifier or documented video-to-driver mapping in path or filename.,30.0,300,300,10.0,720,1280,True,
d_346,data/raw/SUST Driver Drowsiness Dataset/drowsiness/d_346.mp4,.mp4,drowsy,directory:drowsiness,,No subject identifier or documented video-to-driver mapping in path or filename.,30.0,300,300,10.0,720,1280,True,
d_347,data/raw/SUST Driver Drowsiness Dataset/drowsiness/d_347.mp4,.mp4,drowsy,directory:drowsiness,,No subject identifier or documented video-to-driver mapping in path or filename.,30.0,300,300,10.0,720,1280,True,
d_348,data/raw/SUST Driver Drowsiness Dataset/drowsiness/d_348.mp4,.mp4,drowsy,directory:drowsiness,,No subject identifier or documented video-to-driver mapping in path or filename.,30.0,300,300,10.0,720,1280,True,
d_349,data/raw/SUST Driver Drowsiness Dataset/drowsiness/d_349.mp4,.mp4,drowsy,directory:drowsiness,,No subject identifier or documented video-to-driver mapping in path or filename.,30.0,300,300,10.0,720,1280,True,
d_35,data/raw/SUST Driver Drowsiness Dataset/drowsiness/d_35.mp4,.mp4,drowsy,directory:drowsiness,,No subject identifier or documented video-to-driver mapping in path or filename.,30.0,300,300,10.0,720,1280,True,
d_350,data/raw/SUST Driver Drowsiness Dataset/drowsiness/d_350.mp4,.mp4,drowsy,directory:drowsiness,,No subject identifier or documented video-to-driver mapping in path or filename.,30.0,300,300,10.0,720,1280,True,
d_351,data/raw/SUST Driver Drowsiness Dataset/drowsiness/d_351.mp4,.mp4,drowsy,directory:drowsiness,,No subject identifier or documented video-to-driver mapping in path or filename.,30.0,300,300,10.0,720,1280,True,
d_352,data/raw/SUST Driver Drowsiness Dataset/drowsiness/d_352.mp4,.mp4,drowsy,directory:drowsiness,,No subject identifier or documented video-to-driver mapping in path or filename.,30.0,300,300,10.0,720,1280,True,
d_353,data/raw/SUST Driver Drowsiness Dataset/drowsiness/d_353.mp4,.mp4,drowsy,directory:drowsiness,,No subject identifier or documented video-to-driver mapping in path or filename.,30.0,300,300,10.0,720,1280,True,
d_354,data/raw/SUST Driver Drowsiness Dataset/drowsiness/d_354.mp4,.mp4,drowsy,directory:drowsiness,,No subject identifier or documented video-to-driver mapping in path or filename.,30.0,300,300,10.0,720,1280,True,
d_355,data/raw/SUST Driver Drowsiness Dataset/drowsiness/d_355.mp4,.mp4,drowsy,directory:drowsiness,,No subject identifier or documented video-to-driver mapping in path or filename.,30.0,300,300,10.0,720,1280,True,
d_356,data/raw/SUST Driver Drowsiness Dataset/drowsiness/d_356.mp4,.mp4,drowsy,directory:drowsiness,,No subject identifier or documented video-to-driver mapping in path or filename.,30.0,300,300,10.0,720,1280,True,
d_357,data/raw/SUST Driver Drowsiness Dataset/drowsiness/d_357.mp4,.mp4,drowsy,directory:drowsiness,,No subject identifier or documented video-to-driver mapping in path or filename.,30.0,300,300,10.0,720,1280,True,
d_358,data/raw/SUST Driver Drowsiness Dataset/drowsiness/d_358.mp4,.mp4,drowsy,directory:drowsiness,,No subject identifier or documented video-to-driver mapping in path or filename.,30.0,300,300,10.0,720,1280,True,
d_359,data/raw/SUST Driver Drowsiness Dataset/drowsiness/d_359.mp4,.mp4,drowsy,directory:drowsiness,,No subject identifier or documented video-to-driver mapping in path or filename.,30.0,300,300,10.0,720,1280,True,
d_36,data/raw/SUST Driver Drowsiness Dataset/drowsiness/d_36.mp4,.mp4,drowsy,directory:drowsiness,,No subject identifier or documented video-to-driver mapping in path or filename.,30.0,300,300,10.0,720,1280,True,
d_360,data/raw/SUST Driver Drowsiness Dataset/drowsiness/d_360.mp4,.mp4,drowsy,directory:drowsiness,,No subject identifier or documented video-to-driver mapping in path or filename.,30.0,300,300,10.0,720,1280,True,
d_361,data/raw/SUST Driver Drowsiness Dataset/drowsiness/d_361.mp4,.mp4,drowsy,directory:drowsiness,,No subject identifier or documented video-to-driver mapping in path or filename.,30.0,300,300,10.0,720,1280,True,
d_362,data/raw/SUST Driver Drowsiness Dataset/drowsiness/d_362.mp4,.mp4,drowsy,directory:drowsiness,,No subject identifier or documented video-to-driver mapping in path or filename.,30.0,300,300,10.0,720,1280,True,
d_363,data/raw/SUST Driver Drowsiness Dataset/drowsiness/d_363.mp4,.mp4,drowsy,directory:drowsiness,,No subject identifier or documented video-to-driver mapping in path or filename.,30.0,300,300,10.0,720,1280,True,
d_364,data/raw/SUST Driver Drowsiness Dataset/drowsiness/d_364.mp4,.mp4,drowsy,directory:drowsiness,,No subject identifier or documented video-to-driver mapping in path or filename.,30.0,300,300,10.0,720,1280,True,
d_365,data/raw/SUST Driver Drowsiness Dataset/drowsiness/d_365.mp4,.mp4,drowsy,directory:drowsiness,,No subject identifier or documented video-to-driver mapping in path or filename.,30.0,300,300,10.0,720,1280,True,
d_366,data/raw/SUST Driver Drowsiness Dataset/drowsiness/d_366.mp4,.mp4,drowsy,directory:drowsiness,,No subject identifier or documented video-to-driver mapping in path or filename.,30.0,300,300,10.0,720,1280,True,
d_367,data/raw/SUST Driver Drowsiness Dataset/drowsiness/d_367.mp4,.mp4,drowsy,directory:drowsiness,,No subject identifier or documented video-to-driver mapping in path or filename.,30.0,300,300,10.0,720,1280,True,
d_368,data/raw/SUST Driver Drowsiness Dataset/drowsiness/d_368.mp4,.mp4,drowsy,directory:drowsiness,,No subject identifier or documented video-to-driver mapping in path or filename.,30.0,300,300,10.0,720,1280,True,
d_369,data/raw/SUST Driver Drowsiness Dataset/drowsiness/d_369.mp4,.mp4,drowsy,directory:drowsiness,,No subject identifier or documented video-to-driver mapping in path or filename.,30.0,300,300,10.0,720,1280,True,
d_37,data/raw/SUST Driver Drowsiness Dataset/drowsiness/d_37.mp4,.mp4,drowsy,directory:drowsiness,,No subject identifier or documented video-to-driver mapping in path or filename.,30.0,300,300,10.0,720,1280,True,
d_370,data/raw/SUST Driver Drowsiness Dataset/drowsiness/d_370.mp4,.mp4,drowsy,directory:drowsiness,,No subject identifier or documented video-to-driver mapping in path or filename.,30.0,300,300,10.0,720,1280,True,
d_371,data/raw/SUST Driver Drowsiness Dataset/drowsiness/d_371.mp4,.mp4,drowsy,directory:drowsiness,,No subject identifier or documented video-to-driver mapping in path or filename.,30.0,300,300,10.0,720,1280,True,
d_372,data/raw/SUST Driver Drowsiness Dataset/drowsiness/d_372.mp4,.mp4,drowsy,directory:drowsiness,,No subject identifier or documented video-to-driver mapping in path or filename.,30.0,300,300,10.0,720,1280,True,
d_373,data/raw/SUST Driver Drowsiness Dataset/drowsiness/d_373.mp4,.mp4,drowsy,directory:drowsiness,,No subject identifier or documented video-to-driver mapping in path or filename.,30.0,300,300,10.0,720,1280,True,
d_374,data/raw/SUST Driver Drowsiness Dataset/drowsiness/d_374.mp4,.mp4,drowsy,directory:drowsiness,,No subject identifier or documented video-to-driver mapping in path or filename.,30.0,300,300,10.0,720,1280,True,
d_375,data/raw/SUST Driver Drowsiness Dataset/drowsiness/d_375.mp4,.mp4,drowsy,directory:drowsiness,,No subject identifier or documented video-to-driver mapping in path or filename.,30.0,300,300,10.0,720,1280,True,
d_376,data/raw/SUST Driver Drowsiness Dataset/drowsiness/d_376.mp4,.mp4,drowsy,directory:drowsiness,,No subject identifier or documented video-to-driver mapping in path or filename.,30.0,300,300,10.0,720,1280,True,
d_377,data/raw/SUST Driver Drowsiness Dataset/drowsiness/d_377.mp4,.mp4,drowsy,directory:drowsiness,,No subject identifier or documented video-to-driver mapping in path or filename.,30.0,300,300,10.0,720,1280,True,
d_378,data/raw/SUST Driver Drowsiness Dataset/drowsiness/d_378.mp4,.mp4,drowsy,directory:drowsiness,,No subject identifier or documented video-to-driver mapping in path or filename.,30.0,300,300,10.0,720,1280,True,
d_379,data/raw/SUST Driver Drowsiness Dataset/drowsiness/d_379.mp4,.mp4,drowsy,directory:drowsiness,,No subject identifier or documented video-to-driver mapping in path or filename.,30.0,300,300,10.0,720,1280,True,
d_38,data/raw/SUST Driver Drowsiness Dataset/drowsiness/d_38.mp4,.mp4,drowsy,directory:drowsiness,,No subject identifier or documented video-to-driver mapping in path or filename.,30.0,300,300,10.0,720,1280,True,
d_380,data/raw/SUST Driver Drowsiness Dataset/drowsiness/d_380.mp4,.mp4,drowsy,directory:drowsiness,,No subject identifier or documented video-to-driver mapping in path or filename.,30.0,300,300,10.0,720,1280,True,
d_381,data/raw/SUST Driver Drowsiness Dataset/drowsiness/d_381.mp4,.mp4,drowsy,directory:drowsiness,,No subject identifier or documented video-to-driver mapping in path or filename.,30.0,300,300,10.0,720,1280,True,
d_382,data/raw/SUST Driver Drowsiness Dataset/drowsiness/d_382.mp4,.mp4,drowsy,directory:drowsiness,,No subject identifier or documented video-to-driver mapping in path or filename.,30.0,300,300,10.0,720,1280,True,
d_383,data/raw/SUST Driver Drowsiness Dataset/drowsiness/d_383.mp4,.mp4,drowsy,directory:drowsiness,,No subject identifier or documented video-to-driver mapping in path or filename.,30.0,300,300,10.0,720,1280,True,
d_384,data/raw/SUST Driver Drowsiness Dataset/drowsiness/d_384.mp4,.mp4,drowsy,directory:drowsiness,,No subject identifier or documented video-to-driver mapping in path or filename.,30.0,300,300,10.0,720,1280,True,
d_385,data/raw/SUST Driver Drowsiness Dataset/drowsiness/d_385.mp4,.mp4,drowsy,directory:drowsiness,,No subject identifier or documented video-to-driver mapping in path or filename.,30.0,300,300,10.0,720,1280,True,
d_386,data/raw/SUST Driver Drowsiness Dataset/drowsiness/d_386.mp4,.mp4,drowsy,directory:drowsiness,,No subject identifier or documented video-to-driver mapping in path or filename.,30.0,300,300,10.0,720,1280,True,
d_387,data/raw/SUST Driver Drowsiness Dataset/drowsiness/d_387.mp4,.mp4,drowsy,directory:drowsiness,,No subject identifier or documented video-to-driver mapping in path or filename.,30.0,300,300,10.0,720,1280,True,
d_388,data/raw/SUST Driver Drowsiness Dataset/drowsiness/d_388.mp4,.mp4,drowsy,directory:drowsiness,,No subject identifier or documented video-to-driver mapping in path or filename.,30.0,300,300,10.0,720,1280,True,
d_389,data/raw/SUST Driver Drowsiness Dataset/drowsiness/d_389.mp4,.mp4,drowsy,directory:drowsiness,,No subject identifier or documented video-to-driver mapping in path or filename.,30.0,300,300,10.0,720,1280,True,
d_39,data/raw/SUST Driver Drowsiness Dataset/drowsiness/d_39.mp4,.mp4,drowsy,directory:drowsiness,,No subject identifier or documented video-to-driver mapping in path or filename.,30.0,300,300,10.0,720,1280,True,
d_390,data/raw/SUST Driver Drowsiness Dataset/drowsiness/d_390.mp4,.mp4,drowsy,directory:drowsiness,,No subject identifier or documented video-to-driver mapping in path or filename.,30.0,300,300,10.0,720,1280,True,
d_391,data/raw/SUST Driver Drowsiness Dataset/drowsiness/d_391.mp4,.mp4,drowsy,directory:drowsiness,,No subject identifier or documented video-to-driver mapping in path or filename.,30.0,300,300,10.0,720,1280,True,
d_392,data/raw/SUST Driver Drowsiness Dataset/drowsiness/d_392.mp4,.mp4,drowsy,directory:drowsiness,,No subject identifier or documented video-to-driver mapping in path or filename.,30.0,300,300,10.0,720,1280,True,
d_393,data/raw/SUST Driver Drowsiness Dataset/drowsiness/d_393.mp4,.mp4,drowsy,directory:drowsiness,,No subject identifier or documented video-to-driver mapping in path or filename.,30.0,300,300,10.0,720,1280,True,
d_394,data/raw/SUST Driver Drowsiness Dataset/drowsiness/d_394.mp4,.mp4,drowsy,directory:drowsiness,,No subject identifier or documented video-to-driver mapping in path or filename.,30.0,300,300,10.0,720,1280,True,
d_395,data/raw/SUST Driver Drowsiness Dataset/drowsiness/d_395.mp4,.mp4,drowsy,directory:drowsiness,,No subject identifier or documented video-to-driver mapping in path or filename.,30.0,300,300,10.0,720,1280,True,
d_396,data/raw/SUST Driver Drowsiness Dataset/drowsiness/d_396.mp4,.mp4,drowsy,directory:drowsiness,,No subject identifier or documented video-to-driver mapping in path or filename.,30.0,300,300,10.0,720,1280,True,
d_397,data/raw/SUST Driver Drowsiness Dataset/drowsiness/d_397.mp4,.mp4,drowsy,directory:drowsiness,,No subject identifier or documented video-to-driver mapping in path or filename.,30.0,300,300,10.0,720,1280,True,
d_398,data/raw/SUST Driver Drowsiness Dataset/drowsiness/d_398.mp4,.mp4,drowsy,directory:drowsiness,,No subject identifier or documented video-to-driver mapping in path or filename.,30.0,300,300,10.0,720,1280,True,
d_399,data/raw/SUST Driver Drowsiness Dataset/drowsiness/d_399.mp4,.mp4,drowsy,directory:drowsiness,,No subject identifier or documented video-to-driver mapping in path or filename.,30.0,300,300,10.0,720,1280,True,
d_4,data/raw/SUST Driver Drowsiness Dataset/drowsiness/d_4.mp4,.mp4,drowsy,directory:drowsiness,,No subject identifier or documented video-to-driver mapping in path or filename.,30.0,300,300,10.0,720,1280,True,
d_40,data/raw/SUST Driver Drowsiness Dataset/drowsiness/d_40.mp4,.mp4,drowsy,directory:drowsiness,,No subject identifier or documented video-to-driver mapping in path or filename.,30.0,300,300,10.0,720,1280,True,
d_400,data/raw/SUST Driver Drowsiness Dataset/drowsiness/d_400.mp4,.mp4,drowsy,directory:drowsiness,,No subject identifier or documented video-to-driver mapping in path or filename.,30.0,300,300,10.0,720,1280,True,
d_401,data/raw/SUST Driver Drowsiness Dataset/drowsiness/d_401.mp4,.mp4,drowsy,directory:drowsiness,,No subject identifier or documented video-to-driver mapping in path or filename.,30.0,300,300,10.0,720,1280,True,
d_402,data/raw/SUST Driver Drowsiness Dataset/drowsiness/d_402.mp4,.mp4,drowsy,directory:drowsiness,,No subject identifier or documented video-to-driver mapping in path or filename.,30.0,300,300,10.0,720,1280,True,
d_403,data/raw/SUST Driver Drowsiness Dataset/drowsiness/d_403.mp4,.mp4,drowsy,directory:drowsiness,,No subject identifier or documented video-to-driver mapping in path or filename.,30.0,300,300,10.0,720,1280,True,
d_404,data/raw/SUST Driver Drowsiness Dataset/drowsiness/d_404.mp4,.mp4,drowsy,directory:drowsiness,,No subject identifier or documented video-to-driver mapping in path or filename.,30.0,300,300,10.0,720,1280,True,
d_405,data/raw/SUST Driver Drowsiness Dataset/drowsiness/d_405.mp4,.mp4,drowsy,directory:drowsiness,,No subject identifier or documented video-to-driver mapping in path or filename.,30.0,300,300,10.0,720,1280,True,
d_406,data/raw/SUST Driver Drowsiness Dataset/drowsiness/d_406.mp4,.mp4,drowsy,directory:drowsiness,,No subject identifier or documented video-to-driver mapping in path or filename.,30.0,300,300,10.0,720,1280,True,
d_407,data/raw/SUST Driver Drowsiness Dataset/drowsiness/d_407.mp4,.mp4,drowsy,directory:drowsiness,,No subject identifier or documented video-to-driver mapping in path or filename.,30.0,300,300,10.0,720,1280,True,
d_408,data/raw/SUST Driver Drowsiness Dataset/drowsiness/d_408.mp4,.mp4,drowsy,directory:drowsiness,,No subject identifier or documented video-to-driver mapping in path or filename.,30.0,300,300,10.0,720,1280,True,
d_409,data/raw/SUST Driver Drowsiness Dataset/drowsiness/d_409.mp4,.mp4,drowsy,directory:drowsiness,,No subject identifier or documented video-to-driver mapping in path or filename.,30.0,300,300,10.0,720,1280,True,
d_41,data/raw/SUST Driver Drowsiness Dataset/drowsiness/d_41.mp4,.mp4,drowsy,directory:drowsiness,,No subject identifier or documented video-to-driver mapping in path or filename.,30.0,300,300,10.0,720,1280,True,
d_410,data/raw/SUST Driver Drowsiness Dataset/drowsiness/d_410.mp4,.mp4,drowsy,directory:drowsiness,,No subject identifier or documented video-to-driver mapping in path or filename.,30.0,300,300,10.0,720,1280,True,
d_411,data/raw/SUST Driver Drowsiness Dataset/drowsiness/d_411.mp4,.mp4,drowsy,directory:drowsiness,,No subject identifier or documented video-to-driver mapping in path or filename.,30.0,300,300,10.0,720,1280,True,
d_412,data/raw/SUST Driver Drowsiness Dataset/drowsiness/d_412.mp4,.mp4,drowsy,directory:drowsiness,,No subject identifier or documented video-to-driver mapping in path or filename.,30.0,300,300,10.0,720,1280,True,
d_413,data/raw/SUST Driver Drowsiness Dataset/drowsiness/d_413.mp4,.mp4,drowsy,directory:drowsiness,,No subject identifier or documented video-to-driver mapping in path or filename.,30.0,300,300,10.0,720,1280,True,
d_414,data/raw/SUST Driver Drowsiness Dataset/drowsiness/d_414.mp4,.mp4,drowsy,directory:drowsiness,,No subject identifier or documented video-to-driver mapping in path or filename.,30.0,300,300,10.0,720,1280,True,
d_415,data/raw/SUST Driver Drowsiness Dataset/drowsiness/d_415.mp4,.mp4,drowsy,directory:drowsiness,,No subject identifier or documented video-to-driver mapping in path or filename.,30.0,300,300,10.0,720,1280,True,
d_416,data/raw/SUST Driver Drowsiness Dataset/drowsiness/d_416.mp4,.mp4,drowsy,directory:drowsiness,,No subject identifier or documented video-to-driver mapping in path or filename.,30.0,300,300,10.0,720,1280,True,
d_417,data/raw/SUST Driver Drowsiness Dataset/drowsiness/d_417.mp4,.mp4,drowsy,directory:drowsiness,,No subject identifier or documented video-to-driver mapping in path or filename.,30.0,300,300,10.0,720,1280,True,
d_418,data/raw/SUST Driver Drowsiness Dataset/drowsiness/d_418.mp4,.mp4,drowsy,directory:drowsiness,,No subject identifier or documented video-to-driver mapping in path or filename.,30.0,300,300,10.0,720,1280,True,
d_419,data/raw/SUST Driver Drowsiness Dataset/drowsiness/d_419.mp4,.mp4,drowsy,directory:drowsiness,,No subject identifier or documented video-to-driver mapping in path or filename.,30.0,300,300,10.0,720,1280,True,
d_42,data/raw/SUST Driver Drowsiness Dataset/drowsiness/d_42.mp4,.mp4,drowsy,directory:drowsiness,,No subject identifier or documented video-to-driver mapping in path or filename.,30.0,300,300,10.0,720,1280,True,
d_420,data/raw/SUST Driver Drowsiness Dataset/drowsiness/d_420.mp4,.mp4,drowsy,directory:drowsiness,,No subject identifier or documented video-to-driver mapping in path or filename.,30.0,300,300,10.0,720,1280,True,
d_421,data/raw/SUST Driver Drowsiness Dataset/drowsiness/d_421.mp4,.mp4,drowsy,directory:drowsiness,,No subject identifier or documented video-to-driver mapping in path or filename.,30.0,300,300,10.0,720,1280,True,
d_422,data/raw/SUST Driver Drowsiness Dataset/drowsiness/d_422.mp4,.mp4,drowsy,directory:drowsiness,,No subject identifier or documented video-to-driver mapping in path or filename.,30.0,300,300,10.0,720,1280,True,
d_423,data/raw/SUST Driver Drowsiness Dataset/drowsiness/d_423.mp4,.mp4,drowsy,directory:drowsiness,,No subject identifier or documented video-to-driver mapping in path or filename.,30.0,300,300,10.0,720,1280,True,
d_424,data/raw/SUST Driver Drowsiness Dataset/drowsiness/d_424.mp4,.mp4,drowsy,directory:drowsiness,,No subject identifier or documented video-to-driver mapping in path or filename.,30.0,300,300,10.0,720,1280,True,
d_425,data/raw/SUST Driver Drowsiness Dataset/drowsiness/d_425.mp4,.mp4,drowsy,directory:drowsiness,,No subject identifier or documented video-to-driver mapping in path or filename.,30.0,300,300,10.0,720,1280,True,
d_426,data/raw/SUST Driver Drowsiness Dataset/drowsiness/d_426.mp4,.mp4,drowsy,directory:drowsiness,,No subject identifier or documented video-to-driver mapping in path or filename.,30.0,300,300,10.0,720,1280,True,
d_427,data/raw/SUST Driver Drowsiness Dataset/drowsiness/d_427.mp4,.mp4,drowsy,directory:drowsiness,,No subject identifier or documented video-to-driver mapping in path or filename.,30.0,300,300,10.0,720,1280,True,
d_428,data/raw/SUST Driver Drowsiness Dataset/drowsiness/d_428.mp4,.mp4,drowsy,directory:drowsiness,,No subject identifier or documented video-to-driver mapping in path or filename.,30.0,300,300,10.0,720,1280,True,
d_429,data/raw/SUST Driver Drowsiness Dataset/drowsiness/d_429.mp4,.mp4,drowsy,directory:drowsiness,,No subject identifier or documented video-to-driver mapping in path or filename.,30.0,300,300,10.0,720,1280,True,
d_43,data/raw/SUST Driver Drowsiness Dataset/drowsiness/d_43.mp4,.mp4,drowsy,directory:drowsiness,,No subject identifier or documented video-to-driver mapping in path or filename.,30.0,300,300,10.0,720,1280,True,
d_430,data/raw/SUST Driver Drowsiness Dataset/drowsiness/d_430.mp4,.mp4,drowsy,directory:drowsiness,,No subject identifier or documented video-to-driver mapping in path or filename.,30.0,300,300,10.0,720,1280,True,
d_431,data/raw/SUST Driver Drowsiness Dataset/drowsiness/d_431.mp4,.mp4,drowsy,directory:drowsiness,,No subject identifier or documented video-to-driver mapping in path or filename.,30.0,300,300,10.0,720,1280,True,
d_432,data/raw/SUST Driver Drowsiness Dataset/drowsiness/d_432.mp4,.mp4,drowsy,directory:drowsiness,,No subject identifier or documented video-to-driver mapping in path or filename.,30.0,300,300,10.0,720,1280,True,
d_433,data/raw/SUST Driver Drowsiness Dataset/drowsiness/d_433.mp4,.mp4,drowsy,directory:drowsiness,,No subject identifier or documented video-to-driver mapping in path or filename.,30.0,300,300,10.0,720,1280,True,
d_434,data/raw/SUST Driver Drowsiness Dataset/drowsiness/d_434.mp4,.mp4,drowsy,directory:drowsiness,,No subject identifier or documented video-to-driver mapping in path or filename.,30.0,300,300,10.0,720,1280,True,
d_435,data/raw/SUST Driver Drowsiness Dataset/drowsiness/d_435.mp4,.mp4,drowsy,directory:drowsiness,,No subject identifier or documented video-to-driver mapping in path or filename.,30.0,300,300,10.0,720,1280,True,
d_436,data/raw/SUST Driver Drowsiness Dataset/drowsiness/d_436.mp4,.mp4,drowsy,directory:drowsiness,,No subject identifier or documented video-to-driver mapping in path or filename.,30.0,300,300,10.0,720,1280,True,
d_437,data/raw/SUST Driver Drowsiness Dataset/drowsiness/d_437.mp4,.mp4,drowsy,directory:drowsiness,,No subject identifier or documented video-to-driver mapping in path or filename.,30.0,300,300,10.0,720,1280,True,
d_438,data/raw/SUST Driver Drowsiness Dataset/drowsiness/d_438.mp4,.mp4,drowsy,directory:drowsiness,,No subject identifier or documented video-to-driver mapping in path or filename.,30.0,300,300,10.0,720,1280,True,
d_439,data/raw/SUST Driver Drowsiness Dataset/drowsiness/d_439.mp4,.mp4,drowsy,directory:drowsiness,,No subject identifier or documented video-to-driver mapping in path or filename.,30.0,300,300,10.0,720,1280,True,
d_44,data/raw/SUST Driver Drowsiness Dataset/drowsiness/d_44.mp4,.mp4,drowsy,directory:drowsiness,,No subject identifier or documented video-to-driver mapping in path or filename.,30.0,300,300,10.0,720,1280,True,
d_440,data/raw/SUST Driver Drowsiness Dataset/drowsiness/d_440.mp4,.mp4,drowsy,directory:drowsiness,,No subject identifier or documented video-to-driver mapping in path or filename.,30.0,300,300,10.0,720,1280,True,
d_441,data/raw/SUST Driver Drowsiness Dataset/drowsiness/d_441.mp4,.mp4,drowsy,directory:drowsiness,,No subject identifier or documented video-to-driver mapping in path or filename.,30.0,300,300,10.0,720,1280,True,
d_442,data/raw/SUST Driver Drowsiness Dataset/drowsiness/d_442.mp4,.mp4,drowsy,directory:drowsiness,,No subject identifier or documented video-to-driver mapping in path or filename.,30.0,300,300,10.0,720,1280,True,
d_443,data/raw/SUST Driver Drowsiness Dataset/drowsiness/d_443.mp4,.mp4,drowsy,directory:drowsiness,,No subject identifier or documented video-to-driver mapping in path or filename.,30.0,300,300,10.0,720,1280,True,
d_444,data/raw/SUST Driver Drowsiness Dataset/drowsiness/d_444.mp4,.mp4,drowsy,directory:drowsiness,,No subject identifier or documented video-to-driver mapping in path or filename.,25.0,250,250,10.0,720,1280,True,
d_445,data/raw/SUST Driver Drowsiness Dataset/drowsiness/d_445.mp4,.mp4,drowsy,directory:drowsiness,,No subject identifier or documented video-to-driver mapping in path or filename.,25.0,250,250,10.0,720,1280,True,
d_446,data/raw/SUST Driver Drowsiness Dataset/drowsiness/d_446.mp4,.mp4,drowsy,directory:drowsiness,,No subject identifier or documented video-to-driver mapping in path or filename.,25.0,250,250,10.0,720,1280,True,
d_447,data/raw/SUST Driver Drowsiness Dataset/drowsiness/d_447.mp4,.mp4,drowsy,directory:drowsiness,,No subject identifier or documented video-to-driver mapping in path or filename.,25.0,250,250,10.0,720,1280,True,
d_448,data/raw/SUST Driver Drowsiness Dataset/drowsiness/d_448.mp4,.mp4,drowsy,directory:drowsiness,,No subject identifier or documented video-to-driver mapping in path or filename.,25.0,250,250,10.0,720,1280,True,
d_449,data/raw/SUST Driver Drowsiness Dataset/drowsiness/d_449.mp4,.mp4,drowsy,directory:drowsiness,,No subject identifier or documented video-to-driver mapping in path or filename.,25.0,250,250,10.0,720,1280,True,
d_45,data/raw/SUST Driver Drowsiness Dataset/drowsiness/d_45.mp4,.mp4,drowsy,directory:drowsiness,,No subject identifier or documented video-to-driver mapping in path or filename.,30.0,300,300,10.0,720,1280,True,
d_450,data/raw/SUST Driver Drowsiness Dataset/drowsiness/d_450.mp4,.mp4,drowsy,directory:drowsiness,,No subject identifier or documented video-to-driver mapping in path or filename.,25.0,250,250,10.0,720,1280,True,
d_451,data/raw/SUST Driver Drowsiness Dataset/drowsiness/d_451.mp4,.mp4,drowsy,directory:drowsiness,,No subject identifier or documented video-to-driver mapping in path or filename.,25.0,250,250,10.0,720,1280,True,
d_452,data/raw/SUST Driver Drowsiness Dataset/drowsiness/d_452.mp4,.mp4,drowsy,directory:drowsiness,,No subject identifier or documented video-to-driver mapping in path or filename.,25.0,250,250,10.0,720,1280,True,
d_453,data/raw/SUST Driver Drowsiness Dataset/drowsiness/d_453.mp4,.mp4,drowsy,directory:drowsiness,,No subject identifier or documented video-to-driver mapping in path or filename.,25.0,250,250,10.0,720,1280,True,
d_454,data/raw/SUST Driver Drowsiness Dataset/drowsiness/d_454.mp4,.mp4,drowsy,directory:drowsiness,,No subject identifier or documented video-to-driver mapping in path or filename.,25.0,250,250,10.0,720,1280,True,
d_455,data/raw/SUST Driver Drowsiness Dataset/drowsiness/d_455.mp4,.mp4,drowsy,directory:drowsiness,,No subject identifier or documented video-to-driver mapping in path or filename.,25.0,250,250,10.0,720,1280,True,
d_456,data/raw/SUST Driver Drowsiness Dataset/drowsiness/d_456.mp4,.mp4,drowsy,directory:drowsiness,,No subject identifier or documented video-to-driver mapping in path or filename.,25.0,250,250,10.0,720,1280,True,
d_457,data/raw/SUST Driver Drowsiness Dataset/drowsiness/d_457.mp4,.mp4,drowsy,directory:drowsiness,,No subject identifier or documented video-to-driver mapping in path or filename.,25.0,250,250,10.0,720,1280,True,
d_458,data/raw/SUST Driver Drowsiness Dataset/drowsiness/d_458.mp4,.mp4,drowsy,directory:drowsiness,,No subject identifier or documented video-to-driver mapping in path or filename.,25.0,250,250,10.0,720,1280,True,
d_459,data/raw/SUST Driver Drowsiness Dataset/drowsiness/d_459.mp4,.mp4,drowsy,directory:drowsiness,,No subject identifier or documented video-to-driver mapping in path or filename.,25.0,250,250,10.0,720,1280,True,
d_46,data/raw/SUST Driver Drowsiness Dataset/drowsiness/d_46.mp4,.mp4,drowsy,directory:drowsiness,,No subject identifier or documented video-to-driver mapping in path or filename.,29.97,300,300,10.01001,720,1280,True,
d_460,data/raw/SUST Driver Drowsiness Dataset/drowsiness/d_460.mp4,.mp4,drowsy,directory:drowsiness,,No subject identifier or documented video-to-driver mapping in path or filename.,25.0,250,250,10.0,720,1280,True,
d_461,data/raw/SUST Driver Drowsiness Dataset/drowsiness/d_461.mp4,.mp4,drowsy,directory:drowsiness,,No subject identifier or documented video-to-driver mapping in path or filename.,25.0,250,250,10.0,720,1280,True,
d_462,data/raw/SUST Driver Drowsiness Dataset/drowsiness/d_462.mp4,.mp4,drowsy,directory:drowsiness,,No subject identifier or documented video-to-driver mapping in path or filename.,25.0,250,250,10.0,720,1280,True,
d_463,data/raw/SUST Driver Drowsiness Dataset/drowsiness/d_463.mp4,.mp4,drowsy,directory:drowsiness,,No subject identifier or documented video-to-driver mapping in path or filename.,25.0,250,250,10.0,720,1280,True,
d_464,data/raw/SUST Driver Drowsiness Dataset/drowsiness/d_464.mp4,.mp4,drowsy,directory:drowsiness,,No subject identifier or documented video-to-driver mapping in path or filename.,25.0,250,250,10.0,720,1280,True,
d_465,data/raw/SUST Driver Drowsiness Dataset/drowsiness/d_465.mp4,.mp4,drowsy,directory:drowsiness,,No subject identifier or documented video-to-driver mapping in path or filename.,25.0,250,250,10.0,720,1280,True,
d_466,data/raw/SUST Driver Drowsiness Dataset/drowsiness/d_466.mp4,.mp4,drowsy,directory:drowsiness,,No subject identifier or documented video-to-driver mapping in path or filename.,25.0,250,250,10.0,720,1280,True,
d_467,data/raw/SUST Driver Drowsiness Dataset/drowsiness/d_467.mp4,.mp4,drowsy,directory:drowsiness,,No subject identifier or documented video-to-driver mapping in path or filename.,25.0,250,250,10.0,720,1280,True,
d_468,data/raw/SUST Driver Drowsiness Dataset/drowsiness/d_468.mp4,.mp4,drowsy,directory:drowsiness,,No subject identifier or documented video-to-driver mapping in path or filename.,25.0,250,250,10.0,720,1280,True,
d_469,data/raw/SUST Driver Drowsiness Dataset/drowsiness/d_469.mp4,.mp4,drowsy,directory:drowsiness,,No subject identifier or documented video-to-driver mapping in path or filename.,25.0,250,250,10.0,720,1280,True,
d_47,data/raw/SUST Driver Drowsiness Dataset/drowsiness/d_47.mp4,.mp4,drowsy,directory:drowsiness,,No subject identifier or documented video-to-driver mapping in path or filename.,29.97,300,300,10.01001,720,1280,True,
d_470,data/raw/SUST Driver Drowsiness Dataset/drowsiness/d_470.mp4,.mp4,drowsy,directory:drowsiness,,No subject identifier or documented video-to-driver mapping in path or filename.,25.0,250,250,10.0,720,1280,True,
d_471,data/raw/SUST Driver Drowsiness Dataset/drowsiness/d_471.mp4,.mp4,drowsy,directory:drowsiness,,No subject identifier or documented video-to-driver mapping in path or filename.,25.0,250,250,10.0,720,1280,True,
d_472,data/raw/SUST Driver Drowsiness Dataset/drowsiness/d_472.mp4,.mp4,drowsy,directory:drowsiness,,No subject identifier or documented video-to-driver mapping in path or filename.,25.0,250,250,10.0,720,1280,True,
d_473,data/raw/SUST Driver Drowsiness Dataset/drowsiness/d_473.mp4,.mp4,drowsy,directory:drowsiness,,No subject identifier or documented video-to-driver mapping in path or filename.,25.0,250,250,10.0,720,1280,True,
d_474,data/raw/SUST Driver Drowsiness Dataset/drowsiness/d_474.mp4,.mp4,drowsy,directory:drowsiness,,No subject identifier or documented video-to-driver mapping in path or filename.,25.0,250,250,10.0,720,1280,True,
d_475,data/raw/SUST Driver Drowsiness Dataset/drowsiness/d_475.mp4,.mp4,drowsy,directory:drowsiness,,No subject identifier or documented video-to-driver mapping in path or filename.,25.0,250,250,10.0,720,1280,True,
d_476,data/raw/SUST Driver Drowsiness Dataset/drowsiness/d_476.mp4,.mp4,drowsy,directory:drowsiness,,No subject identifier or documented video-to-driver mapping in path or filename.,25.0,250,250,10.0,720,1280,True,
d_477,data/raw/SUST Driver Drowsiness Dataset/drowsiness/d_477.mp4,.mp4,drowsy,directory:drowsiness,,No subject identifier or documented video-to-driver mapping in path or filename.,25.0,250,250,10.0,720,1280,True,
d_478,data/raw/SUST Driver Drowsiness Dataset/drowsiness/d_478.mp4,.mp4,drowsy,directory:drowsiness,,No subject identifier or documented video-to-driver mapping in path or filename.,25.0,250,250,10.0,720,1280,True,
d_479,data/raw/SUST Driver Drowsiness Dataset/drowsiness/d_479.mp4,.mp4,drowsy,directory:drowsiness,,No subject identifier or documented video-to-driver mapping in path or filename.,25.0,250,250,10.0,720,1280,True,
d_48,data/raw/SUST Driver Drowsiness Dataset/drowsiness/d_48.mp4,.mp4,drowsy,directory:drowsiness,,No subject identifier or documented video-to-driver mapping in path or filename.,29.97,300,300,10.01001,720,1280,True,
d_480,data/raw/SUST Driver Drowsiness Dataset/drowsiness/d_480.mp4,.mp4,drowsy,directory:drowsiness,,No subject identifier or documented video-to-driver mapping in path or filename.,25.0,250,250,10.0,720,1280,True,
d_481,data/raw/SUST Driver Drowsiness Dataset/drowsiness/d_481.mp4,.mp4,drowsy,directory:drowsiness,,No subject identifier or documented video-to-driver mapping in path or filename.,25.0,250,250,10.0,720,1280,True,
d_482,data/raw/SUST Driver Drowsiness Dataset/drowsiness/d_482.mp4,.mp4,drowsy,directory:drowsiness,,No subject identifier or documented video-to-driver mapping in path or filename.,25.0,250,250,10.0,720,1280,True,
d_483,data/raw/SUST Driver Drowsiness Dataset/drowsiness/d_483.mp4,.mp4,drowsy,directory:drowsiness,,No subject identifier or documented video-to-driver mapping in path or filename.,25.0,250,250,10.0,720,1280,True,
d_484,data/raw/SUST Driver Drowsiness Dataset/drowsiness/d_484.mp4,.mp4,drowsy,directory:drowsiness,,No subject identifier or documented video-to-driver mapping in path or filename.,25.0,250,250,10.0,720,1280,True,
d_485,data/raw/SUST Driver Drowsiness Dataset/drowsiness/d_485.mp4,.mp4,drowsy,directory:drowsiness,,No subject identifier or documented video-to-driver mapping in path or filename.,25.0,250,250,10.0,720,1280,True,
d_486,data/raw/SUST Driver Drowsiness Dataset/drowsiness/d_486.mp4,.mp4,drowsy,directory:drowsiness,,No subject identifier or documented video-to-driver mapping in path or filename.,25.0,250,250,10.0,720,1280,True,
d_487,data/raw/SUST Driver Drowsiness Dataset/drowsiness/d_487.mp4,.mp4,drowsy,directory:drowsiness,,No subject identifier or documented video-to-driver mapping in path or filename.,25.0,250,250,10.0,720,1280,True,
d_488,data/raw/SUST Driver Drowsiness Dataset/drowsiness/d_488.mp4,.mp4,drowsy,directory:drowsiness,,No subject identifier or documented video-to-driver mapping in path or filename.,25.0,250,250,10.0,720,1280,True,
d_489,data/raw/SUST Driver Drowsiness Dataset/drowsiness/d_489.mp4,.mp4,drowsy,directory:drowsiness,,No subject identifier or documented video-to-driver mapping in path or filename.,25.0,250,250,10.0,720,1280,True,
d_49,data/raw/SUST Driver Drowsiness Dataset/drowsiness/d_49.mp4,.mp4,drowsy,directory:drowsiness,,No subject identifier or documented video-to-driver mapping in path or filename.,29.97,300,300,10.01001,720,1280,True,
d_490,data/raw/SUST Driver Drowsiness Dataset/drowsiness/d_490.mp4,.mp4,drowsy,directory:drowsiness,,No subject identifier or documented video-to-driver mapping in path or filename.,25.0,250,250,10.0,720,1280,True,
d_491,data/raw/SUST Driver Drowsiness Dataset/drowsiness/d_491.mp4,.mp4,drowsy,directory:drowsiness,,No subject identifier or documented video-to-driver mapping in path or filename.,30.0,300,300,10.0,720,1280,True,
d_492,data/raw/SUST Driver Drowsiness Dataset/drowsiness/d_492.mp4,.mp4,drowsy,directory:drowsiness,,No subject identifier or documented video-to-driver mapping in path or filename.,30.0,300,300,10.0,720,1280,True,
d_493,data/raw/SUST Driver Drowsiness Dataset/drowsiness/d_493.mp4,.mp4,drowsy,directory:drowsiness,,No subject identifier or documented video-to-driver mapping in path or filename.,30.0,300,300,10.0,720,1280,True,
d_494,data/raw/SUST Driver Drowsiness Dataset/drowsiness/d_494.mp4,.mp4,drowsy,directory:drowsiness,,No subject identifier or documented video-to-driver mapping in path or filename.,30.0,300,300,10.0,720,1280,True,
d_495,data/raw/SUST Driver Drowsiness Dataset/drowsiness/d_495.mp4,.mp4,drowsy,directory:drowsiness,,No subject identifier or documented video-to-driver mapping in path or filename.,30.0,300,300,10.0,720,1280,True,
d_496,data/raw/SUST Driver Drowsiness Dataset/drowsiness/d_496.mp4,.mp4,drowsy,directory:drowsiness,,No subject identifier or documented video-to-driver mapping in path or filename.,30.0,300,300,10.0,720,1280,True,
d_497,data/raw/SUST Driver Drowsiness Dataset/drowsiness/d_497.mp4,.mp4,drowsy,directory:drowsiness,,No subject identifier or documented video-to-driver mapping in path or filename.,30.0,300,300,10.0,720,1280,True,
d_498,data/raw/SUST Driver Drowsiness Dataset/drowsiness/d_498.mp4,.mp4,drowsy,directory:drowsiness,,No subject identifier or documented video-to-driver mapping in path or filename.,30.0,300,300,10.0,720,1280,True,
d_499,data/raw/SUST Driver Drowsiness Dataset/drowsiness/d_499.mp4,.mp4,drowsy,directory:drowsiness,,No subject identifier or documented video-to-driver mapping in path or filename.,30.0,300,300,10.0,720,1280,True,
d_5,data/raw/SUST Driver Drowsiness Dataset/drowsiness/d_5.mp4,.mp4,drowsy,directory:drowsiness,,No subject identifier or documented video-to-driver mapping in path or filename.,30.0,300,300,10.0,720,1280,True,
d_50,data/raw/SUST Driver Drowsiness Dataset/drowsiness/d_50.mp4,.mp4,drowsy,directory:drowsiness,,No subject identifier or documented video-to-driver mapping in path or filename.,29.97,300,300,10.01001,720,1280,True,
d_500,data/raw/SUST Driver Drowsiness Dataset/drowsiness/d_500.mp4,.mp4,drowsy,directory:drowsiness,,No subject identifier or documented video-to-driver mapping in path or filename.,30.0,300,300,10.0,720,1280,True,
d_501,data/raw/SUST Driver Drowsiness Dataset/drowsiness/d_501.mp4,.mp4,drowsy,directory:drowsiness,,No subject identifier or documented video-to-driver mapping in path or filename.,30.0,300,300,10.0,720,1280,True,
d_502,data/raw/SUST Driver Drowsiness Dataset/drowsiness/d_502.mp4,.mp4,drowsy,directory:drowsiness,,No subject identifier or documented video-to-driver mapping in path or filename.,30.0,300,300,10.0,720,1280,True,
d_503,data/raw/SUST Driver Drowsiness Dataset/drowsiness/d_503.mp4,.mp4,drowsy,directory:drowsiness,,No subject identifier or documented video-to-driver mapping in path or filename.,30.0,300,300,10.0,720,1280,True,
d_504,data/raw/SUST Driver Drowsiness Dataset/drowsiness/d_504.mp4,.mp4,drowsy,directory:drowsiness,,No subject identifier or documented video-to-driver mapping in path or filename.,30.0,300,300,10.0,720,1280,True,
d_505,data/raw/SUST Driver Drowsiness Dataset/drowsiness/d_505.mp4,.mp4,drowsy,directory:drowsiness,,No subject identifier or documented video-to-driver mapping in path or filename.,30.0,300,300,10.0,720,1280,True,
d_506,data/raw/SUST Driver Drowsiness Dataset/drowsiness/d_506.mp4,.mp4,drowsy,directory:drowsiness,,No subject identifier or documented video-to-driver mapping in path or filename.,30.0,300,300,10.0,720,1280,True,
d_507,data/raw/SUST Driver Drowsiness Dataset/drowsiness/d_507.mp4,.mp4,drowsy,directory:drowsiness,,No subject identifier or documented video-to-driver mapping in path or filename.,30.0,300,300,10.0,720,1280,True,
d_508,data/raw/SUST Driver Drowsiness Dataset/drowsiness/d_508.mp4,.mp4,drowsy,directory:drowsiness,,No subject identifier or documented video-to-driver mapping in path or filename.,30.0,300,300,10.0,720,1280,True,
d_509,data/raw/SUST Driver Drowsiness Dataset/drowsiness/d_509.mp4,.mp4,drowsy,directory:drowsiness,,No subject identifier or documented video-to-driver mapping in path or filename.,30.0,300,300,10.0,720,1280,True,
d_51,data/raw/SUST Driver Drowsiness Dataset/drowsiness/d_51.mp4,.mp4,drowsy,directory:drowsiness,,No subject identifier or documented video-to-driver mapping in path or filename.,29.97,300,300,10.01001,720,1280,True,
d_510,data/raw/SUST Driver Drowsiness Dataset/drowsiness/d_510.mp4,.mp4,drowsy,directory:drowsiness,,No subject identifier or documented video-to-driver mapping in path or filename.,30.0,300,300,10.0,720,1280,True,
d_511,data/raw/SUST Driver Drowsiness Dataset/drowsiness/d_511.mp4,.mp4,drowsy,directory:drowsiness,,No subject identifier or documented video-to-driver mapping in path or filename.,30.0,300,300,10.0,720,1280,True,
d_512,data/raw/SUST Driver Drowsiness Dataset/drowsiness/d_512.mp4,.mp4,drowsy,directory:drowsiness,,No subject identifier or documented video-to-driver mapping in path or filename.,30.0,300,300,10.0,720,1280,True,
d_513,data/raw/SUST Driver Drowsiness Dataset/drowsiness/d_513.mp4,.mp4,drowsy,directory:drowsiness,,No subject identifier or documented video-to-driver mapping in path or filename.,30.0,300,300,10.0,720,1280,True,
d_514,data/raw/SUST Driver Drowsiness Dataset/drowsiness/d_514.mp4,.mp4,drowsy,directory:drowsiness,,No subject identifier or documented video-to-driver mapping in path or filename.,30.0,300,300,10.0,720,1280,True,
d_515,data/raw/SUST Driver Drowsiness Dataset/drowsiness/d_515.mp4,.mp4,drowsy,directory:drowsiness,,No subject identifier or documented video-to-driver mapping in path or filename.,30.0,300,300,10.0,720,1280,True,
d_516,data/raw/SUST Driver Drowsiness Dataset/drowsiness/d_516.mp4,.mp4,drowsy,directory:drowsiness,,No subject identifier or documented video-to-driver mapping in path or filename.,30.0,300,300,10.0,720,1280,True,
d_517,data/raw/SUST Driver Drowsiness Dataset/drowsiness/d_517.mp4,.mp4,drowsy,directory:drowsiness,,No subject identifier or documented video-to-driver mapping in path or filename.,30.0,300,300,10.0,720,1280,True,
d_518,data/raw/SUST Driver Drowsiness Dataset/drowsiness/d_518.mp4,.mp4,drowsy,directory:drowsiness,,No subject identifier or documented video-to-driver mapping in path or filename.,30.0,300,300,10.0,720,1280,True,
d_519,data/raw/SUST Driver Drowsiness Dataset/drowsiness/d_519.mp4,.mp4,drowsy,directory:drowsiness,,No subject identifier or documented video-to-driver mapping in path or filename.,30.0,300,300,10.0,720,1280,True,
d_52,data/raw/SUST Driver Drowsiness Dataset/drowsiness/d_52.mp4,.mp4,drowsy,directory:drowsiness,,No subject identifier or documented video-to-driver mapping in path or filename.,29.97,300,300,10.01001,720,1280,True,
d_520,data/raw/SUST Driver Drowsiness Dataset/drowsiness/d_520.mp4,.mp4,drowsy,directory:drowsiness,,No subject identifier or documented video-to-driver mapping in path or filename.,30.0,300,300,10.0,720,1280,True,
d_521,data/raw/SUST Driver Drowsiness Dataset/drowsiness/d_521.mp4,.mp4,drowsy,directory:drowsiness,,No subject identifier or documented video-to-driver mapping in path or filename.,30.0,300,300,10.0,720,1280,True,
d_522,data/raw/SUST Driver Drowsiness Dataset/drowsiness/d_522.mp4,.mp4,drowsy,directory:drowsiness,,No subject identifier or documented video-to-driver mapping in path or filename.,30.0,300,300,10.0,720,1280,True,
d_523,data/raw/SUST Driver Drowsiness Dataset/drowsiness/d_523.mp4,.mp4,drowsy,directory:drowsiness,,No subject identifier or documented video-to-driver mapping in path or filename.,30.0,300,300,10.0,720,1280,True,
d_524,data/raw/SUST Driver Drowsiness Dataset/drowsiness/d_524.mp4,.mp4,drowsy,directory:drowsiness,,No subject identifier or documented video-to-driver mapping in path or filename.,30.0,300,300,10.0,720,1280,True,
d_525,data/raw/SUST Driver Drowsiness Dataset/drowsiness/d_525.mp4,.mp4,drowsy,directory:drowsiness,,No subject identifier or documented video-to-driver mapping in path or filename.,30.0,300,300,10.0,720,1280,True,
d_526,data/raw/SUST Driver Drowsiness Dataset/drowsiness/d_526.mp4,.mp4,drowsy,directory:drowsiness,,No subject identifier or documented video-to-driver mapping in path or filename.,30.0,300,300,10.0,720,1280,True,
d_527,data/raw/SUST Driver Drowsiness Dataset/drowsiness/d_527.mp4,.mp4,drowsy,directory:drowsiness,,No subject identifier or documented video-to-driver mapping in path or filename.,30.0,300,300,10.0,720,1280,True,
d_528,data/raw/SUST Driver Drowsiness Dataset/drowsiness/d_528.mp4,.mp4,drowsy,directory:drowsiness,,No subject identifier or documented video-to-driver mapping in path or filename.,30.0,300,300,10.0,720,1280,True,
d_529,data/raw/SUST Driver Drowsiness Dataset/drowsiness/d_529.mp4,.mp4,drowsy,directory:drowsiness,,No subject identifier or documented video-to-driver mapping in path or filename.,30.0,300,300,10.0,720,1280,True,
d_53,data/raw/SUST Driver Drowsiness Dataset/drowsiness/d_53.mp4,.mp4,drowsy,directory:drowsiness,,No subject identifier or documented video-to-driver mapping in path or filename.,29.97,300,300,10.01001,720,1280,True,
d_530,data/raw/SUST Driver Drowsiness Dataset/drowsiness/d_530.mp4,.mp4,drowsy,directory:drowsiness,,No subject identifier or documented video-to-driver mapping in path or filename.,30.0,300,300,10.0,720,1280,True,
d_531,data/raw/SUST Driver Drowsiness Dataset/drowsiness/d_531.mp4,.mp4,drowsy,directory:drowsiness,,No subject identifier or documented video-to-driver mapping in path or filename.,30.0,300,300,10.0,720,1280,True,
d_532,data/raw/SUST Driver Drowsiness Dataset/drowsiness/d_532.mp4,.mp4,drowsy,directory:drowsiness,,No subject identifier or documented video-to-driver mapping in path or filename.,30.0,300,300,10.0,720,1280,True,
d_533,data/raw/SUST Driver Drowsiness Dataset/drowsiness/d_533.mp4,.mp4,drowsy,directory:drowsiness,,No subject identifier or documented video-to-driver mapping in path or filename.,30.0,300,300,10.0,720,1280,True,
d_534,data/raw/SUST Driver Drowsiness Dataset/drowsiness/d_534.mp4,.mp4,drowsy,directory:drowsiness,,No subject identifier or documented video-to-driver mapping in path or filename.,30.0,300,300,10.0,720,1280,True,
d_535,data/raw/SUST Driver Drowsiness Dataset/drowsiness/d_535.mp4,.mp4,drowsy,directory:drowsiness,,No subject identifier or documented video-to-driver mapping in path or filename.,30.0,300,300,10.0,720,1280,True,
d_536,data/raw/SUST Driver Drowsiness Dataset/drowsiness/d_536.mp4,.mp4,drowsy,directory:drowsiness,,No subject identifier or documented video-to-driver mapping in path or filename.,30.0,300,300,10.0,720,1280,True,
d_537,data/raw/SUST Driver Drowsiness Dataset/drowsiness/d_537.mp4,.mp4,drowsy,directory:drowsiness,,No subject identifier or documented video-to-driver mapping in path or filename.,30.0,300,300,10.0,720,1280,True,
d_538,data/raw/SUST Driver Drowsiness Dataset/drowsiness/d_538.mp4,.mp4,drowsy,directory:drowsiness,,No subject identifier or documented video-to-driver mapping in path or filename.,30.0,300,300,10.0,720,1280,True,
d_539,data/raw/SUST Driver Drowsiness Dataset/drowsiness/d_539.mp4,.mp4,drowsy,directory:drowsiness,,No subject identifier or documented video-to-driver mapping in path or filename.,30.0,300,300,10.0,720,1280,True,
d_54,data/raw/SUST Driver Drowsiness Dataset/drowsiness/d_54.mp4,.mp4,drowsy,directory:drowsiness,,No subject identifier or documented video-to-driver mapping in path or filename.,29.97,300,300,10.01001,720,1280,True,
d_540,data/raw/SUST Driver Drowsiness Dataset/drowsiness/d_540.mp4,.mp4,drowsy,directory:drowsiness,,No subject identifier or documented video-to-driver mapping in path or filename.,30.0,300,300,10.0,720,1280,True,
d_541,data/raw/SUST Driver Drowsiness Dataset/drowsiness/d_541.mp4,.mp4,drowsy,directory:drowsiness,,No subject identifier or documented video-to-driver mapping in path or filename.,30.0,300,300,10.0,720,1280,True,
d_542,data/raw/SUST Driver Drowsiness Dataset/drowsiness/d_542.mp4,.mp4,drowsy,directory:drowsiness,,No subject identifier or documented video-to-driver mapping in path or filename.,30.0,300,300,10.0,720,1280,True,
d_543,data/raw/SUST Driver Drowsiness Dataset/drowsiness/d_543.mp4,.mp4,drowsy,directory:drowsiness,,No subject identifier or documented video-to-driver mapping in path or filename.,30.0,300,300,10.0,720,1280,True,
d_544,data/raw/SUST Driver Drowsiness Dataset/drowsiness/d_544.mp4,.mp4,drowsy,directory:drowsiness,,No subject identifier or documented video-to-driver mapping in path or filename.,30.0,300,300,10.0,720,1280,True,
d_545,data/raw/SUST Driver Drowsiness Dataset/drowsiness/d_545.mp4,.mp4,drowsy,directory:drowsiness,,No subject identifier or documented video-to-driver mapping in path or filename.,30.0,300,300,10.0,720,1280,True,
d_546,data/raw/SUST Driver Drowsiness Dataset/drowsiness/d_546.mp4,.mp4,drowsy,directory:drowsiness,,No subject identifier or documented video-to-driver mapping in path or filename.,30.0,300,300,10.0,720,1280,True,
d_547,data/raw/SUST Driver Drowsiness Dataset/drowsiness/d_547.mp4,.mp4,drowsy,directory:drowsiness,,No subject identifier or documented video-to-driver mapping in path or filename.,30.0,300,300,10.0,720,1280,True,
d_548,data/raw/SUST Driver Drowsiness Dataset/drowsiness/d_548.mp4,.mp4,drowsy,directory:drowsiness,,No subject identifier or documented video-to-driver mapping in path or filename.,30.0,300,300,10.0,720,1280,True,
d_549,data/raw/SUST Driver Drowsiness Dataset/drowsiness/d_549.mp4,.mp4,drowsy,directory:drowsiness,,No subject identifier or documented video-to-driver mapping in path or filename.,30.0,300,300,10.0,720,1280,True,
d_55,data/raw/SUST Driver Drowsiness Dataset/drowsiness/d_55.mp4,.mp4,drowsy,directory:drowsiness,,No subject identifier or documented video-to-driver mapping in path or filename.,29.97,300,300,10.01001,720,1280,True,
d_550,data/raw/SUST Driver Drowsiness Dataset/drowsiness/d_550.mp4,.mp4,drowsy,directory:drowsiness,,No subject identifier or documented video-to-driver mapping in path or filename.,30.0,300,300,10.0,720,1280,True,
d_551,data/raw/SUST Driver Drowsiness Dataset/drowsiness/d_551.mp4,.mp4,drowsy,directory:drowsiness,,No subject identifier or documented video-to-driver mapping in path or filename.,30.0,300,300,10.0,720,1280,True,
d_552,data/raw/SUST Driver Drowsiness Dataset/drowsiness/d_552.mp4,.mp4,drowsy,directory:drowsiness,,No subject identifier or documented video-to-driver mapping in path or filename.,30.0,300,300,10.0,720,1280,True,
d_553,data/raw/SUST Driver Drowsiness Dataset/drowsiness/d_553.mp4,.mp4,drowsy,directory:drowsiness,,No subject identifier or documented video-to-driver mapping in path or filename.,30.0,300,300,10.0,720,1280,True,
d_554,data/raw/SUST Driver Drowsiness Dataset/drowsiness/d_554.mp4,.mp4,drowsy,directory:drowsiness,,No subject identifier or documented video-to-driver mapping in path or filename.,30.0,300,300,10.0,720,1280,True,
d_555,data/raw/SUST Driver Drowsiness Dataset/drowsiness/d_555.mp4,.mp4,drowsy,directory:drowsiness,,No subject identifier or documented video-to-driver mapping in path or filename.,30.0,300,300,10.0,720,1280,True,
d_556,data/raw/SUST Driver Drowsiness Dataset/drowsiness/d_556.mp4,.mp4,drowsy,directory:drowsiness,,No subject identifier or documented video-to-driver mapping in path or filename.,30.0,300,300,10.0,720,1280,True,
d_557,data/raw/SUST Driver Drowsiness Dataset/drowsiness/d_557.mp4,.mp4,drowsy,directory:drowsiness,,No subject identifier or documented video-to-driver mapping in path or filename.,30.0,300,300,10.0,720,1280,True,
d_558,data/raw/SUST Driver Drowsiness Dataset/drowsiness/d_558.mp4,.mp4,drowsy,directory:drowsiness,,No subject identifier or documented video-to-driver mapping in path or filename.,30.0,300,300,10.0,720,1280,True,
d_559,data/raw/SUST Driver Drowsiness Dataset/drowsiness/d_559.mp4,.mp4,drowsy,directory:drowsiness,,No subject identifier or documented video-to-driver mapping in path or filename.,30.0,300,300,10.0,720,1280,True,
d_56,data/raw/SUST Driver Drowsiness Dataset/drowsiness/d_56.mp4,.mp4,drowsy,directory:drowsiness,,No subject identifier or documented video-to-driver mapping in path or filename.,29.97,300,300,10.01001,720,1280,True,
d_560,data/raw/SUST Driver Drowsiness Dataset/drowsiness/d_560.mp4,.mp4,drowsy,directory:drowsiness,,No subject identifier or documented video-to-driver mapping in path or filename.,30.0,300,300,10.0,720,1280,True,
d_561,data/raw/SUST Driver Drowsiness Dataset/drowsiness/d_561.mp4,.mp4,drowsy,directory:drowsiness,,No subject identifier or documented video-to-driver mapping in path or filename.,30.0,300,300,10.0,720,1280,True,
d_562,data/raw/SUST Driver Drowsiness Dataset/drowsiness/d_562.mp4,.mp4,drowsy,directory:drowsiness,,No subject identifier or documented video-to-driver mapping in path or filename.,30.0,300,300,10.0,720,1280,True,
d_563,data/raw/SUST Driver Drowsiness Dataset/drowsiness/d_563.mp4,.mp4,drowsy,directory:drowsiness,,No subject identifier or documented video-to-driver mapping in path or filename.,30.0,300,300,10.0,720,1280,True,
d_564,data/raw/SUST Driver Drowsiness Dataset/drowsiness/d_564.mp4,.mp4,drowsy,directory:drowsiness,,No subject identifier or documented video-to-driver mapping in path or filename.,30.0,300,300,10.0,720,1280,True,
d_565,data/raw/SUST Driver Drowsiness Dataset/drowsiness/d_565.mp4,.mp4,drowsy,directory:drowsiness,,No subject identifier or documented video-to-driver mapping in path or filename.,30.0,300,300,10.0,720,1280,True,
d_566,data/raw/SUST Driver Drowsiness Dataset/drowsiness/d_566.mp4,.mp4,drowsy,directory:drowsiness,,No subject identifier or documented video-to-driver mapping in path or filename.,30.0,300,300,10.0,720,1280,True,
d_567,data/raw/SUST Driver Drowsiness Dataset/drowsiness/d_567.mp4,.mp4,drowsy,directory:drowsiness,,No subject identifier or documented video-to-driver mapping in path or filename.,30.0,300,300,10.0,720,1280,True,
d_568,data/raw/SUST Driver Drowsiness Dataset/drowsiness/d_568.mp4,.mp4,drowsy,directory:drowsiness,,No subject identifier or documented video-to-driver mapping in path or filename.,30.0,300,300,10.0,720,1280,True,
d_569,data/raw/SUST Driver Drowsiness Dataset/drowsiness/d_569.mp4,.mp4,drowsy,directory:drowsiness,,No subject identifier or documented video-to-driver mapping in path or filename.,30.0,300,300,10.0,720,1280,True,
d_57,data/raw/SUST Driver Drowsiness Dataset/drowsiness/d_57.mp4,.mp4,drowsy,directory:drowsiness,,No subject identifier or documented video-to-driver mapping in path or filename.,29.97,300,300,10.01001,720,1280,True,
d_570,data/raw/SUST Driver Drowsiness Dataset/drowsiness/d_570.mp4,.mp4,drowsy,directory:drowsiness,,No subject identifier or documented video-to-driver mapping in path or filename.,25.0,250,250,10.0,720,1280,True,
d_571,data/raw/SUST Driver Drowsiness Dataset/drowsiness/d_571.mp4,.mp4,drowsy,directory:drowsiness,,No subject identifier or documented video-to-driver mapping in path or filename.,25.0,250,250,10.0,720,1280,True,
d_572,data/raw/SUST Driver Drowsiness Dataset/drowsiness/d_572.mp4,.mp4,drowsy,directory:drowsiness,,No subject identifier or documented video-to-driver mapping in path or filename.,25.0,250,250,10.0,720,1280,True,
d_573,data/raw/SUST Driver Drowsiness Dataset/drowsiness/d_573.mp4,.mp4,drowsy,directory:drowsiness,,No subject identifier or documented video-to-driver mapping in path or filename.,25.0,250,250,10.0,720,1280,True,
d_574,data/raw/SUST Driver Drowsiness Dataset/drowsiness/d_574.mp4,.mp4,drowsy,directory:drowsiness,,No subject identifier or documented video-to-driver mapping in path or filename.,25.0,250,250,10.0,720,1280,True,
d_575,data/raw/SUST Driver Drowsiness Dataset/drowsiness/d_575.mp4,.mp4,drowsy,directory:drowsiness,,No subject identifier or documented video-to-driver mapping in path or filename.,25.0,250,250,10.0,720,1280,True,
d_576,data/raw/SUST Driver Drowsiness Dataset/drowsiness/d_576.mp4,.mp4,drowsy,directory:drowsiness,,No subject identifier or documented video-to-driver mapping in path or filename.,25.0,250,250,10.0,720,1280,True,
d_577,data/raw/SUST Driver Drowsiness Dataset/drowsiness/d_577.mp4,.mp4,drowsy,directory:drowsiness,,No subject identifier or documented video-to-driver mapping in path or filename.,25.0,250,250,10.0,720,1280,True,
d_578,data/raw/SUST Driver Drowsiness Dataset/drowsiness/d_578.mp4,.mp4,drowsy,directory:drowsiness,,No subject identifier or documented video-to-driver mapping in path or filename.,25.0,250,250,10.0,720,1280,True,
d_579,data/raw/SUST Driver Drowsiness Dataset/drowsiness/d_579.mp4,.mp4,drowsy,directory:drowsiness,,No subject identifier or documented video-to-driver mapping in path or filename.,25.0,250,250,10.0,720,1280,True,
d_58,data/raw/SUST Driver Drowsiness Dataset/drowsiness/d_58.mp4,.mp4,drowsy,directory:drowsiness,,No subject identifier or documented video-to-driver mapping in path or filename.,29.97,300,300,10.01001,720,1280,True,
d_580,data/raw/SUST Driver Drowsiness Dataset/drowsiness/d_580.mp4,.mp4,drowsy,directory:drowsiness,,No subject identifier or documented video-to-driver mapping in path or filename.,25.0,250,250,10.0,720,1280,True,
d_581,data/raw/SUST Driver Drowsiness Dataset/drowsiness/d_581.mp4,.mp4,drowsy,directory:drowsiness,,No subject identifier or documented video-to-driver mapping in path or filename.,25.0,250,250,10.0,720,1280,True,
d_582,data/raw/SUST Driver Drowsiness Dataset/drowsiness/d_582.mp4,.mp4,drowsy,directory:drowsiness,,No subject identifier or documented video-to-driver mapping in path or filename.,25.0,250,250,10.0,720,1280,True,
d_583,data/raw/SUST Driver Drowsiness Dataset/drowsiness/d_583.mp4,.mp4,drowsy,directory:drowsiness,,No subject identifier or documented video-to-driver mapping in path or filename.,25.0,250,250,10.0,720,1280,True,
d_584,data/raw/SUST Driver Drowsiness Dataset/drowsiness/d_584.mp4,.mp4,drowsy,directory:drowsiness,,No subject identifier or documented video-to-driver mapping in path or filename.,25.0,250,250,10.0,720,1280,True,
d_585,data/raw/SUST Driver Drowsiness Dataset/drowsiness/d_585.mp4,.mp4,drowsy,directory:drowsiness,,No subject identifier or documented video-to-driver mapping in path or filename.,25.0,250,250,10.0,720,1280,True,
d_586,data/raw/SUST Driver Drowsiness Dataset/drowsiness/d_586.mp4,.mp4,drowsy,directory:drowsiness,,No subject identifier or documented video-to-driver mapping in path or filename.,25.0,250,250,10.0,720,1280,True,
d_587,data/raw/SUST Driver Drowsiness Dataset/drowsiness/d_587.mp4,.mp4,drowsy,directory:drowsiness,,No subject identifier or documented video-to-driver mapping in path or filename.,25.0,250,250,10.0,720,1280,True,
d_588,data/raw/SUST Driver Drowsiness Dataset/drowsiness/d_588.mp4,.mp4,drowsy,directory:drowsiness,,No subject identifier or documented video-to-driver mapping in path or filename.,25.0,250,250,10.0,720,1280,True,
d_589,data/raw/SUST Driver Drowsiness Dataset/drowsiness/d_589.mp4,.mp4,drowsy,directory:drowsiness,,No subject identifier or documented video-to-driver mapping in path or filename.,25.0,250,250,10.0,720,1280,True,
d_59,data/raw/SUST Driver Drowsiness Dataset/drowsiness/d_59.mp4,.mp4,drowsy,directory:drowsiness,,No subject identifier or documented video-to-driver mapping in path or filename.,29.97,300,300,10.01001,720,1280,True,
d_590,data/raw/SUST Driver Drowsiness Dataset/drowsiness/d_590.mp4,.mp4,drowsy,directory:drowsiness,,No subject identifier or documented video-to-driver mapping in path or filename.,25.0,250,250,10.0,720,1280,True,
d_591,data/raw/SUST Driver Drowsiness Dataset/drowsiness/d_591.mp4,.mp4,drowsy,directory:drowsiness,,No subject identifier or documented video-to-driver mapping in path or filename.,25.0,250,250,10.0,720,1280,True,
d_592,data/raw/SUST Driver Drowsiness Dataset/drowsiness/d_592.mp4,.mp4,drowsy,directory:drowsiness,,No subject identifier or documented video-to-driver mapping in path or filename.,25.0,250,250,10.0,720,1280,True,
d_593,data/raw/SUST Driver Drowsiness Dataset/drowsiness/d_593.mp4,.mp4,drowsy,directory:drowsiness,,No subject identifier or documented video-to-driver mapping in path or filename.,25.0,250,250,10.0,720,1280,True,
d_594,data/raw/SUST Driver Drowsiness Dataset/drowsiness/d_594.mp4,.mp4,drowsy,directory:drowsiness,,No subject identifier or documented video-to-driver mapping in path or filename.,25.0,250,250,10.0,720,1280,True,
d_595,data/raw/SUST Driver Drowsiness Dataset/drowsiness/d_595.mp4,.mp4,drowsy,directory:drowsiness,,No subject identifier or documented video-to-driver mapping in path or filename.,25.0,250,250,10.0,720,1280,True,
d_596,data/raw/SUST Driver Drowsiness Dataset/drowsiness/d_596.mp4,.mp4,drowsy,directory:drowsiness,,No subject identifier or documented video-to-driver mapping in path or filename.,25.0,250,250,10.0,720,1280,True,
d_597,data/raw/SUST Driver Drowsiness Dataset/drowsiness/d_597.mp4,.mp4,drowsy,directory:drowsiness,,No subject identifier or documented video-to-driver mapping in path or filename.,25.0,250,250,10.0,720,1280,True,
d_598,data/raw/SUST Driver Drowsiness Dataset/drowsiness/d_598.mp4,.mp4,drowsy,directory:drowsiness,,No subject identifier or documented video-to-driver mapping in path or filename.,25.0,250,250,10.0,720,1280,True,
d_599,data/raw/SUST Driver Drowsiness Dataset/drowsiness/d_599.mp4,.mp4,drowsy,directory:drowsiness,,No subject identifier or documented video-to-driver mapping in path or filename.,25.0,250,250,10.0,720,1280,True,
d_6,data/raw/SUST Driver Drowsiness Dataset/drowsiness/d_6.mp4,.mp4,drowsy,directory:drowsiness,,No subject identifier or documented video-to-driver mapping in path or filename.,30.0,300,300,10.0,720,1280,True,
d_60,data/raw/SUST Driver Drowsiness Dataset/drowsiness/d_60.mp4,.mp4,drowsy,directory:drowsiness,,No subject identifier or documented video-to-driver mapping in path or filename.,29.97,300,300,10.01001,720,1280,True,
d_600,data/raw/SUST Driver Drowsiness Dataset/drowsiness/d_600.mp4,.mp4,drowsy,directory:drowsiness,,No subject identifier or documented video-to-driver mapping in path or filename.,25.0,250,250,10.0,720,1280,True,
d_601,data/raw/SUST Driver Drowsiness Dataset/drowsiness/d_601.mp4,.mp4,drowsy,directory:drowsiness,,No subject identifier or documented video-to-driver mapping in path or filename.,25.0,250,250,10.0,720,1280,True,
d_602,data/raw/SUST Driver Drowsiness Dataset/drowsiness/d_602.mp4,.mp4,drowsy,directory:drowsiness,,No subject identifier or documented video-to-driver mapping in path or filename.,25.0,250,250,10.0,720,1280,True,
d_603,data/raw/SUST Driver Drowsiness Dataset/drowsiness/d_603.mp4,.mp4,drowsy,directory:drowsiness,,No subject identifier or documented video-to-driver mapping in path or filename.,25.0,250,250,10.0,720,1280,True,
d_604,data/raw/SUST Driver Drowsiness Dataset/drowsiness/d_604.mp4,.mp4,drowsy,directory:drowsiness,,No subject identifier or documented video-to-driver mapping in path or filename.,29.97,300,300,10.01001,720,1280,True,
d_605,data/raw/SUST Driver Drowsiness Dataset/drowsiness/d_605.mp4,.mp4,drowsy,directory:drowsiness,,No subject identifier or documented video-to-driver mapping in path or filename.,29.97,300,300,10.01001,720,1280,True,
d_606,data/raw/SUST Driver Drowsiness Dataset/drowsiness/d_606.mp4,.mp4,drowsy,directory:drowsiness,,No subject identifier or documented video-to-driver mapping in path or filename.,29.97,300,300,10.01001,720,1280,True,
d_607,data/raw/SUST Driver Drowsiness Dataset/drowsiness/d_607.mp4,.mp4,drowsy,directory:drowsiness,,No subject identifier or documented video-to-driver mapping in path or filename.,29.97,300,300,10.01001,720,1280,True,
d_608,data/raw/SUST Driver Drowsiness Dataset/drowsiness/d_608.mp4,.mp4,drowsy,directory:drowsiness,,No subject identifier or documented video-to-driver mapping in path or filename.,29.97,300,300,10.01001,720,1280,True,
d_609,data/raw/SUST Driver Drowsiness Dataset/drowsiness/d_609.mp4,.mp4,drowsy,directory:drowsiness,,No subject identifier or documented video-to-driver mapping in path or filename.,29.97,300,300,10.01001,720,1280,True,
d_61,data/raw/SUST Driver Drowsiness Dataset/drowsiness/d_61.mp4,.mp4,drowsy,directory:drowsiness,,No subject identifier or documented video-to-driver mapping in path or filename.,29.97,300,300,10.01001,720,1280,True,
d_610,data/raw/SUST Driver Drowsiness Dataset/drowsiness/d_610.mp4,.mp4,drowsy,directory:drowsiness,,No subject identifier or documented video-to-driver mapping in path or filename.,29.97,300,300,10.01001,720,1280,True,
d_611,data/raw/SUST Driver Drowsiness Dataset/drowsiness/d_611.mp4,.mp4,drowsy,directory:drowsiness,,No subject identifier or documented video-to-driver mapping in path or filename.,29.97,300,300,10.01001,720,1280,True,
d_612,data/raw/SUST Driver Drowsiness Dataset/drowsiness/d_612.mp4,.mp4,drowsy,directory:drowsiness,,No subject identifier or documented video-to-driver mapping in path or filename.,29.97,300,300,10.01001,720,1280,True,
d_613,data/raw/SUST Driver Drowsiness Dataset/drowsiness/d_613.mp4,.mp4,drowsy,directory:drowsiness,,No subject identifier or documented video-to-driver mapping in path or filename.,29.97,300,300,10.01001,720,1280,True,
d_614,data/raw/SUST Driver Drowsiness Dataset/drowsiness/d_614.mp4,.mp4,drowsy,directory:drowsiness,,No subject identifier or documented video-to-driver mapping in path or filename.,29.97,300,300,10.01001,720,1280,True,
d_615,data/raw/SUST Driver Drowsiness Dataset/drowsiness/d_615.mp4,.mp4,drowsy,directory:drowsiness,,No subject identifier or documented video-to-driver mapping in path or filename.,29.97,300,300,10.01001,720,1280,True,
d_616,data/raw/SUST Driver Drowsiness Dataset/drowsiness/d_616.mp4,.mp4,drowsy,directory:drowsiness,,No subject identifier or documented video-to-driver mapping in path or filename.,29.97,300,300,10.01001,720,1280,True,
d_617,data/raw/SUST Driver Drowsiness Dataset/drowsiness/d_617.mp4,.mp4,drowsy,directory:drowsiness,,No subject identifier or documented video-to-driver mapping in path or filename.,29.97,300,300,10.01001,720,1280,True,
d_618,data/raw/SUST Driver Drowsiness Dataset/drowsiness/d_618.mp4,.mp4,drowsy,directory:drowsiness,,No subject identifier or documented video-to-driver mapping in path or filename.,29.97,300,300,10.01001,720,1280,True,
d_619,data/raw/SUST Driver Drowsiness Dataset/drowsiness/d_619.mp4,.mp4,drowsy,directory:drowsiness,,No subject identifier or documented video-to-driver mapping in path or filename.,29.97,300,300,10.01001,720,1280,True,
d_62,data/raw/SUST Driver Drowsiness Dataset/drowsiness/d_62.mp4,.mp4,drowsy,directory:drowsiness,,No subject identifier or documented video-to-driver mapping in path or filename.,29.97,300,300,10.01001,720,1280,True,
d_620,data/raw/SUST Driver Drowsiness Dataset/drowsiness/d_620.mp4,.mp4,drowsy,directory:drowsiness,,No subject identifier or documented video-to-driver mapping in path or filename.,29.97,300,300,10.01001,720,1280,True,
d_621,data/raw/SUST Driver Drowsiness Dataset/drowsiness/d_621.mp4,.mp4,drowsy,directory:drowsiness,,No subject identifier or documented video-to-driver mapping in path or filename.,30.0,300,300,10.0,720,1280,True,
d_622,data/raw/SUST Driver Drowsiness Dataset/drowsiness/d_622.mp4,.mp4,drowsy,directory:drowsiness,,No subject identifier or documented video-to-driver mapping in path or filename.,29.97,300,300,10.01001,720,1280,True,
d_623,data/raw/SUST Driver Drowsiness Dataset/drowsiness/d_623.mp4,.mp4,drowsy,directory:drowsiness,,No subject identifier or documented video-to-driver mapping in path or filename.,29.97,300,300,10.01001,720,1280,True,
d_624,data/raw/SUST Driver Drowsiness Dataset/drowsiness/d_624.mp4,.mp4,drowsy,directory:drowsiness,,No subject identifier or documented video-to-driver mapping in path or filename.,29.97,300,300,10.01001,720,1280,True,
d_625,data/raw/SUST Driver Drowsiness Dataset/drowsiness/d_625.mp4,.mp4,drowsy,directory:drowsiness,,No subject identifier or documented video-to-driver mapping in path or filename.,29.97,300,300,10.01001,720,1280,True,
d_626,data/raw/SUST Driver Drowsiness Dataset/drowsiness/d_626.mp4,.mp4,drowsy,directory:drowsiness,,No subject identifier or documented video-to-driver mapping in path or filename.,30.0,300,300,10.0,720,1280,True,
d_627,data/raw/SUST Driver Drowsiness Dataset/drowsiness/d_627.mp4,.mp4,drowsy,directory:drowsiness,,No subject identifier or documented video-to-driver mapping in path or filename.,30.0,300,300,10.0,720,1280,True,
d_628,data/raw/SUST Driver Drowsiness Dataset/drowsiness/d_628.mp4,.mp4,drowsy,directory:drowsiness,,No subject identifier or documented video-to-driver mapping in path or filename.,29.97,300,300,10.01001,720,1280,True,
d_629,data/raw/SUST Driver Drowsiness Dataset/drowsiness/d_629.mp4,.mp4,drowsy,directory:drowsiness,,No subject identifier or documented video-to-driver mapping in path or filename.,29.97,300,300,10.01001,720,1280,True,
d_63,data/raw/SUST Driver Drowsiness Dataset/drowsiness/d_63.mp4,.mp4,drowsy,directory:drowsiness,,No subject identifier or documented video-to-driver mapping in path or filename.,29.97,300,300,10.01001,720,1280,True,
d_630,data/raw/SUST Driver Drowsiness Dataset/drowsiness/d_630.mp4,.mp4,drowsy,directory:drowsiness,,No subject identifier or documented video-to-driver mapping in path or filename.,29.97,300,300,10.01001,720,1280,True,
d_631,data/raw/SUST Driver Drowsiness Dataset/drowsiness/d_631.mp4,.mp4,drowsy,directory:drowsiness,,No subject identifier or documented video-to-driver mapping in path or filename.,29.97,300,300,10.01001,720,1280,True,
d_632,data/raw/SUST Driver Drowsiness Dataset/drowsiness/d_632.mp4,.mp4,drowsy,directory:drowsiness,,No subject identifier or documented video-to-driver mapping in path or filename.,29.97,300,300,10.01001,720,1280,True,
d_633,data/raw/SUST Driver Drowsiness Dataset/drowsiness/d_633.mp4,.mp4,drowsy,directory:drowsiness,,No subject identifier or documented video-to-driver mapping in path or filename.,29.97,300,300,10.01001,720,1280,True,
d_634,data/raw/SUST Driver Drowsiness Dataset/drowsiness/d_634.mp4,.mp4,drowsy,directory:drowsiness,,No subject identifier or documented video-to-driver mapping in path or filename.,29.97,300,300,10.01001,720,1280,True,
d_635,data/raw/SUST Driver Drowsiness Dataset/drowsiness/d_635.mp4,.mp4,drowsy,directory:drowsiness,,No subject identifier or documented video-to-driver mapping in path or filename.,29.97,300,300,10.01001,720,1280,True,
d_636,data/raw/SUST Driver Drowsiness Dataset/drowsiness/d_636.mp4,.mp4,drowsy,directory:drowsiness,,No subject identifier or documented video-to-driver mapping in path or filename.,29.97,300,300,10.01001,720,1280,True,
d_637,data/raw/SUST Driver Drowsiness Dataset/drowsiness/d_637.mp4,.mp4,drowsy,directory:drowsiness,,No subject identifier or documented video-to-driver mapping in path or filename.,29.97,300,300,10.01001,720,1280,True,
d_638,data/raw/SUST Driver Drowsiness Dataset/drowsiness/d_638.mp4,.mp4,drowsy,directory:drowsiness,,No subject identifier or documented video-to-driver mapping in path or filename.,29.97,300,300,10.01001,720,1280,True,
d_639,data/raw/SUST Driver Drowsiness Dataset/drowsiness/d_639.mp4,.mp4,drowsy,directory:drowsiness,,No subject identifier or documented video-to-driver mapping in path or filename.,29.97,300,300,10.01001,720,1280,True,
d_64,data/raw/SUST Driver Drowsiness Dataset/drowsiness/d_64.mp4,.mp4,drowsy,directory:drowsiness,,No subject identifier or documented video-to-driver mapping in path or filename.,29.97,300,300,10.01001,720,1280,True,
d_640,data/raw/SUST Driver Drowsiness Dataset/drowsiness/d_640.mp4,.mp4,drowsy,directory:drowsiness,,No subject identifier or documented video-to-driver mapping in path or filename.,29.97,300,300,10.01001,720,1280,True,
d_641,data/raw/SUST Driver Drowsiness Dataset/drowsiness/d_641.mp4,.mp4,drowsy,directory:drowsiness,,No subject identifier or documented video-to-driver mapping in path or filename.,29.97,300,300,10.01001,720,1280,True,
d_642,data/raw/SUST Driver Drowsiness Dataset/drowsiness/d_642.mp4,.mp4,drowsy,directory:drowsiness,,No subject identifier or documented video-to-driver mapping in path or filename.,29.97,300,300,10.01001,720,1280,True,
d_643,data/raw/SUST Driver Drowsiness Dataset/drowsiness/d_643.mp4,.mp4,drowsy,directory:drowsiness,,No subject identifier or documented video-to-driver mapping in path or filename.,29.97,300,300,10.01001,720,1280,True,
d_644,data/raw/SUST Driver Drowsiness Dataset/drowsiness/d_644.mp4,.mp4,drowsy,directory:drowsiness,,No subject identifier or documented video-to-driver mapping in path or filename.,29.97,300,300,10.01001,720,1280,True,
d_645,data/raw/SUST Driver Drowsiness Dataset/drowsiness/d_645.mp4,.mp4,drowsy,directory:drowsiness,,No subject identifier or documented video-to-driver mapping in path or filename.,29.97,300,300,10.01001,720,1280,True,
d_646,data/raw/SUST Driver Drowsiness Dataset/drowsiness/d_646.mp4,.mp4,drowsy,directory:drowsiness,,No subject identifier or documented video-to-driver mapping in path or filename.,29.97,300,300,10.01001,720,1280,True,
d_647,data/raw/SUST Driver Drowsiness Dataset/drowsiness/d_647.mp4,.mp4,drowsy,directory:drowsiness,,No subject identifier or documented video-to-driver mapping in path or filename.,29.97,300,300,10.01001,720,1280,True,
d_648,data/raw/SUST Driver Drowsiness Dataset/drowsiness/d_648.mp4,.mp4,drowsy,directory:drowsiness,,No subject identifier or documented video-to-driver mapping in path or filename.,29.97,300,300,10.01001,720,1280,True,
d_649,data/raw/SUST Driver Drowsiness Dataset/drowsiness/d_649.mp4,.mp4,drowsy,directory:drowsiness,,No subject identifier or documented video-to-driver mapping in path or filename.,29.97,300,300,10.01001,720,1280,True,
d_65,data/raw/SUST Driver Drowsiness Dataset/drowsiness/d_65.mp4,.mp4,drowsy,directory:drowsiness,,No subject identifier or documented video-to-driver mapping in path or filename.,29.97,300,300,10.01001,720,1280,True,
d_650,data/raw/SUST Driver Drowsiness Dataset/drowsiness/d_650.mp4,.mp4,drowsy,directory:drowsiness,,No subject identifier or documented video-to-driver mapping in path or filename.,29.97,300,300,10.01001,720,1280,True,
d_651,data/raw/SUST Driver Drowsiness Dataset/drowsiness/d_651.mp4,.mp4,drowsy,directory:drowsiness,,No subject identifier or documented video-to-driver mapping in path or filename.,29.97,300,300,10.01001,720,1280,True,
d_652,data/raw/SUST Driver Drowsiness Dataset/drowsiness/d_652.mp4,.mp4,drowsy,directory:drowsiness,,No subject identifier or documented video-to-driver mapping in path or filename.,29.97,300,300,10.01001,720,1280,True,
d_653,data/raw/SUST Driver Drowsiness Dataset/drowsiness/d_653.mp4,.mp4,drowsy,directory:drowsiness,,No subject identifier or documented video-to-driver mapping in path or filename.,29.97,300,300,10.01001,720,1280,True,
d_654,data/raw/SUST Driver Drowsiness Dataset/drowsiness/d_654.mp4,.mp4,drowsy,directory:drowsiness,,No subject identifier or documented video-to-driver mapping in path or filename.,29.97,300,300,10.01001,720,1280,True,
d_655,data/raw/SUST Driver Drowsiness Dataset/drowsiness/d_655.mp4,.mp4,drowsy,directory:drowsiness,,No subject identifier or documented video-to-driver mapping in path or filename.,29.97,300,300,10.01001,720,1280,True,
d_656,data/raw/SUST Driver Drowsiness Dataset/drowsiness/d_656.mp4,.mp4,drowsy,directory:drowsiness,,No subject identifier or documented video-to-driver mapping in path or filename.,29.97,300,300,10.01001,720,1280,True,
d_657,data/raw/SUST Driver Drowsiness Dataset/drowsiness/d_657.mp4,.mp4,drowsy,directory:drowsiness,,No subject identifier or documented video-to-driver mapping in path or filename.,29.97,300,300,10.01001,720,1280,True,
d_658,data/raw/SUST Driver Drowsiness Dataset/drowsiness/d_658.mp4,.mp4,drowsy,directory:drowsiness,,No subject identifier or documented video-to-driver mapping in path or filename.,29.97,300,300,10.01001,720,1280,True,
d_659,data/raw/SUST Driver Drowsiness Dataset/drowsiness/d_659.mp4,.mp4,drowsy,directory:drowsiness,,No subject identifier or documented video-to-driver mapping in path or filename.,29.97,300,300,10.01001,720,1280,True,
d_66,data/raw/SUST Driver Drowsiness Dataset/drowsiness/d_66.mp4,.mp4,drowsy,directory:drowsiness,,No subject identifier or documented video-to-driver mapping in path or filename.,29.97,300,300,10.01001,720,1280,True,
d_660,data/raw/SUST Driver Drowsiness Dataset/drowsiness/d_660.mp4,.mp4,drowsy,directory:drowsiness,,No subject identifier or documented video-to-driver mapping in path or filename.,29.97,300,300,10.01001,720,1280,True,
d_661,data/raw/SUST Driver Drowsiness Dataset/drowsiness/d_661.mp4,.mp4,drowsy,directory:drowsiness,,No subject identifier or documented video-to-driver mapping in path or filename.,29.97,300,300,10.01001,720,1280,True,
d_662,data/raw/SUST Driver Drowsiness Dataset/drowsiness/d_662.mp4,.mp4,drowsy,directory:drowsiness,,No subject identifier or documented video-to-driver mapping in path or filename.,29.97,300,300,10.01001,720,1280,True,
d_663,data/raw/SUST Driver Drowsiness Dataset/drowsiness/d_663.mp4,.mp4,drowsy,directory:drowsiness,,No subject identifier or documented video-to-driver mapping in path or filename.,29.97,300,300,10.01001,720,1280,True,
d_664,data/raw/SUST Driver Drowsiness Dataset/drowsiness/d_664.mp4,.mp4,drowsy,directory:drowsiness,,No subject identifier or documented video-to-driver mapping in path or filename.,29.97,300,300,10.01001,720,1280,True,
d_665,data/raw/SUST Driver Drowsiness Dataset/drowsiness/d_665.mp4,.mp4,drowsy,directory:drowsiness,,No subject identifier or documented video-to-driver mapping in path or filename.,29.97,300,300,10.01001,720,1280,True,
d_666,data/raw/SUST Driver Drowsiness Dataset/drowsiness/d_666.mp4,.mp4,drowsy,directory:drowsiness,,No subject identifier or documented video-to-driver mapping in path or filename.,29.97,300,300,10.01001,720,1280,True,
d_667,data/raw/SUST Driver Drowsiness Dataset/drowsiness/d_667.mp4,.mp4,drowsy,directory:drowsiness,,No subject identifier or documented video-to-driver mapping in path or filename.,29.97,300,300,10.01001,720,1280,True,
d_668,data/raw/SUST Driver Drowsiness Dataset/drowsiness/d_668.mp4,.mp4,drowsy,directory:drowsiness,,No subject identifier or documented video-to-driver mapping in path or filename.,29.97,300,300,10.01001,720,1280,True,
d_669,data/raw/SUST Driver Drowsiness Dataset/drowsiness/d_669.mp4,.mp4,drowsy,directory:drowsiness,,No subject identifier or documented video-to-driver mapping in path or filename.,29.97,300,300,10.01001,720,1280,True,
d_67,data/raw/SUST Driver Drowsiness Dataset/drowsiness/d_67.mp4,.mp4,drowsy,directory:drowsiness,,No subject identifier or documented video-to-driver mapping in path or filename.,29.97,300,300,10.01001,720,1280,True,
d_670,data/raw/SUST Driver Drowsiness Dataset/drowsiness/d_670.mp4,.mp4,drowsy,directory:drowsiness,,No subject identifier or documented video-to-driver mapping in path or filename.,29.97,300,300,10.01001,720,1280,True,
d_671,data/raw/SUST Driver Drowsiness Dataset/drowsiness/d_671.mp4,.mp4,drowsy,directory:drowsiness,,No subject identifier or documented video-to-driver mapping in path or filename.,29.97,300,300,10.01001,720,1280,True,
d_672,data/raw/SUST Driver Drowsiness Dataset/drowsiness/d_672.mp4,.mp4,drowsy,directory:drowsiness,,No subject identifier or documented video-to-driver mapping in path or filename.,29.97,300,300,10.01001,720,1280,True,
d_673,data/raw/SUST Driver Drowsiness Dataset/drowsiness/d_673.mp4,.mp4,drowsy,directory:drowsiness,,No subject identifier or documented video-to-driver mapping in path or filename.,29.97,300,300,10.01001,720,1280,True,
d_674,data/raw/SUST Driver Drowsiness Dataset/drowsiness/d_674.mp4,.mp4,drowsy,directory:drowsiness,,No subject identifier or documented video-to-driver mapping in path or filename.,29.97,300,300,10.01001,720,1280,True,
d_675,data/raw/SUST Driver Drowsiness Dataset/drowsiness/d_675.mp4,.mp4,drowsy,directory:drowsiness,,No subject identifier or documented video-to-driver mapping in path or filename.,29.97,300,300,10.01001,720,1280,True,
d_676,data/raw/SUST Driver Drowsiness Dataset/drowsiness/d_676.mp4,.mp4,drowsy,directory:drowsiness,,No subject identifier or documented video-to-driver mapping in path or filename.,29.97,300,300,10.01001,720,1280,True,
d_677,data/raw/SUST Driver Drowsiness Dataset/drowsiness/d_677.mp4,.mp4,drowsy,directory:drowsiness,,No subject identifier or documented video-to-driver mapping in path or filename.,29.97,300,300,10.01001,720,1280,True,
d_678,data/raw/SUST Driver Drowsiness Dataset/drowsiness/d_678.mp4,.mp4,drowsy,directory:drowsiness,,No subject identifier or documented video-to-driver mapping in path or filename.,29.97,300,300,10.01001,720,1280,True,
d_679,data/raw/SUST Driver Drowsiness Dataset/drowsiness/d_679.mp4,.mp4,drowsy,directory:drowsiness,,No subject identifier or documented video-to-driver mapping in path or filename.,29.97,300,300,10.01001,720,1280,True,
d_68,data/raw/SUST Driver Drowsiness Dataset/drowsiness/d_68.mp4,.mp4,drowsy,directory:drowsiness,,No subject identifier or documented video-to-driver mapping in path or filename.,29.97,300,300,10.01001,720,1280,True,
d_680,data/raw/SUST Driver Drowsiness Dataset/drowsiness/d_680.mp4,.mp4,drowsy,directory:drowsiness,,No subject identifier or documented video-to-driver mapping in path or filename.,29.97,300,300,10.01001,720,1280,True,
d_681,data/raw/SUST Driver Drowsiness Dataset/drowsiness/d_681.mp4,.mp4,drowsy,directory:drowsiness,,No subject identifier or documented video-to-driver mapping in path or filename.,29.97,300,300,10.01001,720,1280,True,
d_682,data/raw/SUST Driver Drowsiness Dataset/drowsiness/d_682.mp4,.mp4,drowsy,directory:drowsiness,,No subject identifier or documented video-to-driver mapping in path or filename.,29.97,300,300,10.01001,720,1280,True,
d_683,data/raw/SUST Driver Drowsiness Dataset/drowsiness/d_683.mp4,.mp4,drowsy,directory:drowsiness,,No subject identifier or documented video-to-driver mapping in path or filename.,29.97,300,300,10.01001,720,1280,True,
d_684,data/raw/SUST Driver Drowsiness Dataset/drowsiness/d_684.mp4,.mp4,drowsy,directory:drowsiness,,No subject identifier or documented video-to-driver mapping in path or filename.,29.97,300,300,10.01001,720,1280,True,
d_685,data/raw/SUST Driver Drowsiness Dataset/drowsiness/d_685.mp4,.mp4,drowsy,directory:drowsiness,,No subject identifier or documented video-to-driver mapping in path or filename.,29.97,300,300,10.01001,720,1280,True,
d_686,data/raw/SUST Driver Drowsiness Dataset/drowsiness/d_686.mp4,.mp4,drowsy,directory:drowsiness,,No subject identifier or documented video-to-driver mapping in path or filename.,29.97,300,300,10.01001,720,1280,True,
d_687,data/raw/SUST Driver Drowsiness Dataset/drowsiness/d_687.mp4,.mp4,drowsy,directory:drowsiness,,No subject identifier or documented video-to-driver mapping in path or filename.,29.97,300,300,10.01001,720,1280,True,
d_688,data/raw/SUST Driver Drowsiness Dataset/drowsiness/d_688.mp4,.mp4,drowsy,directory:drowsiness,,No subject identifier or documented video-to-driver mapping in path or filename.,30.0,300,300,10.0,720,1280,True,
d_689,data/raw/SUST Driver Drowsiness Dataset/drowsiness/d_689.mp4,.mp4,drowsy,directory:drowsiness,,No subject identifier or documented video-to-driver mapping in path or filename.,30.0,300,300,10.0,720,1280,True,
d_69,data/raw/SUST Driver Drowsiness Dataset/drowsiness/d_69.mp4,.mp4,drowsy,directory:drowsiness,,No subject identifier or documented video-to-driver mapping in path or filename.,29.97,300,300,10.01001,720,1280,True,
d_690,data/raw/SUST Driver Drowsiness Dataset/drowsiness/d_690.mp4,.mp4,drowsy,directory:drowsiness,,No subject identifier or documented video-to-driver mapping in path or filename.,30.0,300,300,10.0,720,1280,True,
d_691,data/raw/SUST Driver Drowsiness Dataset/drowsiness/d_691.mp4,.mp4,drowsy,directory:drowsiness,,No subject identifier or documented video-to-driver mapping in path or filename.,30.0,300,300,10.0,720,1280,True,
d_692,data/raw/SUST Driver Drowsiness Dataset/drowsiness/d_692.mp4,.mp4,drowsy,directory:drowsiness,,No subject identifier or documented video-to-driver mapping in path or filename.,30.0,300,300,10.0,720,1280,True,
d_693,data/raw/SUST Driver Drowsiness Dataset/drowsiness/d_693.mp4,.mp4,drowsy,directory:drowsiness,,No subject identifier or documented video-to-driver mapping in path or filename.,30.0,300,300,10.0,720,1280,True,
d_694,data/raw/SUST Driver Drowsiness Dataset/drowsiness/d_694.mp4,.mp4,drowsy,directory:drowsiness,,No subject identifier or documented video-to-driver mapping in path or filename.,30.0,300,300,10.0,720,1280,True,
d_695,data/raw/SUST Driver Drowsiness Dataset/drowsiness/d_695.mp4,.mp4,drowsy,directory:drowsiness,,No subject identifier or documented video-to-driver mapping in path or filename.,30.0,300,300,10.0,720,1280,True,
d_696,data/raw/SUST Driver Drowsiness Dataset/drowsiness/d_696.mp4,.mp4,drowsy,directory:drowsiness,,No subject identifier or documented video-to-driver mapping in path or filename.,30.0,300,300,10.0,720,1280,True,
d_697,data/raw/SUST Driver Drowsiness Dataset/drowsiness/d_697.mp4,.mp4,drowsy,directory:drowsiness,,No subject identifier or documented video-to-driver mapping in path or filename.,30.0,300,300,10.0,720,1280,True,
d_698,data/raw/SUST Driver Drowsiness Dataset/drowsiness/d_698.mp4,.mp4,drowsy,directory:drowsiness,,No subject identifier or documented video-to-driver mapping in path or filename.,30.0,300,300,10.0,720,1280,True,
d_699,data/raw/SUST Driver Drowsiness Dataset/drowsiness/d_699.mp4,.mp4,drowsy,directory:drowsiness,,No subject identifier or documented video-to-driver mapping in path or filename.,30.0,300,300,10.0,720,1280,True,
d_7,data/raw/SUST Driver Drowsiness Dataset/drowsiness/d_7.mp4,.mp4,drowsy,directory:drowsiness,,No subject identifier or documented video-to-driver mapping in path or filename.,30.0,300,300,10.0,720,1280,True,
d_70,data/raw/SUST Driver Drowsiness Dataset/drowsiness/d_70.mp4,.mp4,drowsy,directory:drowsiness,,No subject identifier or documented video-to-driver mapping in path or filename.,29.97,300,300,10.01001,720,1280,True,
d_700,data/raw/SUST Driver Drowsiness Dataset/drowsiness/d_700.mp4,.mp4,drowsy,directory:drowsiness,,No subject identifier or documented video-to-driver mapping in path or filename.,30.0,300,300,10.0,720,1280,True,
d_701,data/raw/SUST Driver Drowsiness Dataset/drowsiness/d_701.mp4,.mp4,drowsy,directory:drowsiness,,No subject identifier or documented video-to-driver mapping in path or filename.,30.0,300,300,10.0,720,1280,True,
d_702,data/raw/SUST Driver Drowsiness Dataset/drowsiness/d_702.mp4,.mp4,drowsy,directory:drowsiness,,No subject identifier or documented video-to-driver mapping in path or filename.,30.0,300,300,10.0,720,1280,True,
d_703,data/raw/SUST Driver Drowsiness Dataset/drowsiness/d_703.mp4,.mp4,drowsy,directory:drowsiness,,No subject identifier or documented video-to-driver mapping in path or filename.,30.0,300,300,10.0,720,1280,True,
d_704,data/raw/SUST Driver Drowsiness Dataset/drowsiness/d_704.mp4,.mp4,drowsy,directory:drowsiness,,No subject identifier or documented video-to-driver mapping in path or filename.,30.0,300,300,10.0,720,1280,True,
d_705,data/raw/SUST Driver Drowsiness Dataset/drowsiness/d_705.mp4,.mp4,drowsy,directory:drowsiness,,No subject identifier or documented video-to-driver mapping in path or filename.,30.0,300,300,10.0,720,1280,True,
d_706,data/raw/SUST Driver Drowsiness Dataset/drowsiness/d_706.mp4,.mp4,drowsy,directory:drowsiness,,No subject identifier or documented video-to-driver mapping in path or filename.,30.0,300,300,10.0,720,1280,True,
d_707,data/raw/SUST Driver Drowsiness Dataset/drowsiness/d_707.mp4,.mp4,drowsy,directory:drowsiness,,No subject identifier or documented video-to-driver mapping in path or filename.,30.0,300,300,10.0,720,1280,True,
d_708,data/raw/SUST Driver Drowsiness Dataset/drowsiness/d_708.mp4,.mp4,drowsy,directory:drowsiness,,No subject identifier or documented video-to-driver mapping in path or filename.,30.0,300,300,10.0,720,1280,True,
d_709,data/raw/SUST Driver Drowsiness Dataset/drowsiness/d_709.mp4,.mp4,drowsy,directory:drowsiness,,No subject identifier or documented video-to-driver mapping in path or filename.,30.0,300,300,10.0,720,1280,True,
d_71,data/raw/SUST Driver Drowsiness Dataset/drowsiness/d_71.mp4,.mp4,drowsy,directory:drowsiness,,No subject identifier or documented video-to-driver mapping in path or filename.,29.97,300,300,10.01001,720,1280,True,
d_710,data/raw/SUST Driver Drowsiness Dataset/drowsiness/d_710.mp4,.mp4,drowsy,directory:drowsiness,,No subject identifier or documented video-to-driver mapping in path or filename.,30.0,300,300,10.0,720,1280,True,
d_711,data/raw/SUST Driver Drowsiness Dataset/drowsiness/d_711.mp4,.mp4,drowsy,directory:drowsiness,,No subject identifier or documented video-to-driver mapping in path or filename.,30.0,300,300,10.0,720,1280,True,
d_712,data/raw/SUST Driver Drowsiness Dataset/drowsiness/d_712.mp4,.mp4,drowsy,directory:drowsiness,,No subject identifier or documented video-to-driver mapping in path or filename.,30.0,300,300,10.0,720,1280,True,
d_713,data/raw/SUST Driver Drowsiness Dataset/drowsiness/d_713.mp4,.mp4,drowsy,directory:drowsiness,,No subject identifier or documented video-to-driver mapping in path or filename.,30.0,300,300,10.0,720,1280,True,
d_714,data/raw/SUST Driver Drowsiness Dataset/drowsiness/d_714.mp4,.mp4,drowsy,directory:drowsiness,,No subject identifier or documented video-to-driver mapping in path or filename.,30.0,300,300,10.0,720,1280,True,
d_715,data/raw/SUST Driver Drowsiness Dataset/drowsiness/d_715.mp4,.mp4,drowsy,directory:drowsiness,,No subject identifier or documented video-to-driver mapping in path or filename.,30.0,300,300,10.0,720,1280,True,
d_716,data/raw/SUST Driver Drowsiness Dataset/drowsiness/d_716.mp4,.mp4,drowsy,directory:drowsiness,,No subject identifier or documented video-to-driver mapping in path or filename.,30.0,300,300,10.0,720,1280,True,
d_717,data/raw/SUST Driver Drowsiness Dataset/drowsiness/d_717.mp4,.mp4,drowsy,directory:drowsiness,,No subject identifier or documented video-to-driver mapping in path or filename.,30.0,300,300,10.0,720,1280,True,
d_718,data/raw/SUST Driver Drowsiness Dataset/drowsiness/d_718.mp4,.mp4,drowsy,directory:drowsiness,,No subject identifier or documented video-to-driver mapping in path or filename.,30.0,300,300,10.0,720,1280,True,
d_719,data/raw/SUST Driver Drowsiness Dataset/drowsiness/d_719.mp4,.mp4,drowsy,directory:drowsiness,,No subject identifier or documented video-to-driver mapping in path or filename.,30.0,300,300,10.0,720,1280,True,
d_72,data/raw/SUST Driver Drowsiness Dataset/drowsiness/d_72.mp4,.mp4,drowsy,directory:drowsiness,,No subject identifier or documented video-to-driver mapping in path or filename.,29.97,300,300,10.01001,720,1280,True,
d_720,data/raw/SUST Driver Drowsiness Dataset/drowsiness/d_720.mp4,.mp4,drowsy,directory:drowsiness,,No subject identifier or documented video-to-driver mapping in path or filename.,30.0,300,300,10.0,720,1280,True,
d_721,data/raw/SUST Driver Drowsiness Dataset/drowsiness/d_721.mp4,.mp4,drowsy,directory:drowsiness,,No subject identifier or documented video-to-driver mapping in path or filename.,30.0,300,300,10.0,720,1280,True,
d_722,data/raw/SUST Driver Drowsiness Dataset/drowsiness/d_722.mp4,.mp4,drowsy,directory:drowsiness,,No subject identifier or documented video-to-driver mapping in path or filename.,30.0,300,300,10.0,720,1280,True,
d_723,data/raw/SUST Driver Drowsiness Dataset/drowsiness/d_723.mp4,.mp4,drowsy,directory:drowsiness,,No subject identifier or documented video-to-driver mapping in path or filename.,30.0,300,300,10.0,720,1280,True,
d_724,data/raw/SUST Driver Drowsiness Dataset/drowsiness/d_724.mp4,.mp4,drowsy,directory:drowsiness,,No subject identifier or documented video-to-driver mapping in path or filename.,30.0,300,300,10.0,720,1280,True,
d_725,data/raw/SUST Driver Drowsiness Dataset/drowsiness/d_725.mp4,.mp4,drowsy,directory:drowsiness,,No subject identifier or documented video-to-driver mapping in path or filename.,30.0,300,300,10.0,720,1280,True,
d_726,data/raw/SUST Driver Drowsiness Dataset/drowsiness/d_726.mp4,.mp4,drowsy,directory:drowsiness,,No subject identifier or documented video-to-driver mapping in path or filename.,30.0,300,300,10.0,720,1280,True,
d_727,data/raw/SUST Driver Drowsiness Dataset/drowsiness/d_727.mp4,.mp4,drowsy,directory:drowsiness,,No subject identifier or documented video-to-driver mapping in path or filename.,30.0,300,300,10.0,720,1280,True,
d_728,data/raw/SUST Driver Drowsiness Dataset/drowsiness/d_728.mp4,.mp4,drowsy,directory:drowsiness,,No subject identifier or documented video-to-driver mapping in path or filename.,30.0,300,300,10.0,720,1280,True,
d_729,data/raw/SUST Driver Drowsiness Dataset/drowsiness/d_729.mp4,.mp4,drowsy,directory:drowsiness,,No subject identifier or documented video-to-driver mapping in path or filename.,30.0,300,300,10.0,720,1280,True,
d_73,data/raw/SUST Driver Drowsiness Dataset/drowsiness/d_73.mp4,.mp4,drowsy,directory:drowsiness,,No subject identifier or documented video-to-driver mapping in path or filename.,29.97,300,300,10.01001,720,1280,True,
d_730,data/raw/SUST Driver Drowsiness Dataset/drowsiness/d_730.mp4,.mp4,drowsy,directory:drowsiness,,No subject identifier or documented video-to-driver mapping in path or filename.,30.0,300,300,10.0,720,1280,True,
d_731,data/raw/SUST Driver Drowsiness Dataset/drowsiness/d_731.mp4,.mp4,drowsy,directory:drowsiness,,No subject identifier or documented video-to-driver mapping in path or filename.,30.0,300,300,10.0,720,1280,True,
d_732,data/raw/SUST Driver Drowsiness Dataset/drowsiness/d_732.mp4,.mp4,drowsy,directory:drowsiness,,No subject identifier or documented video-to-driver mapping in path or filename.,30.0,300,300,10.0,720,1280,True,
d_733,data/raw/SUST Driver Drowsiness Dataset/drowsiness/d_733.mp4,.mp4,drowsy,directory:drowsiness,,No subject identifier or documented video-to-driver mapping in path or filename.,30.0,300,300,10.0,720,1280,True,
d_734,data/raw/SUST Driver Drowsiness Dataset/drowsiness/d_734.mp4,.mp4,drowsy,directory:drowsiness,,No subject identifier or documented video-to-driver mapping in path or filename.,30.0,300,300,10.0,720,1280,True,
d_735,data/raw/SUST Driver Drowsiness Dataset/drowsiness/d_735.mp4,.mp4,drowsy,directory:drowsiness,,No subject identifier or documented video-to-driver mapping in path or filename.,30.0,300,300,10.0,720,1280,True,
d_736,data/raw/SUST Driver Drowsiness Dataset/drowsiness/d_736.mp4,.mp4,drowsy,directory:drowsiness,,No subject identifier or documented video-to-driver mapping in path or filename.,25.0,250,250,10.0,720,1280,True,
d_737,data/raw/SUST Driver Drowsiness Dataset/drowsiness/d_737.mp4,.mp4,drowsy,directory:drowsiness,,No subject identifier or documented video-to-driver mapping in path or filename.,25.0,250,250,10.0,720,1280,True,
d_738,data/raw/SUST Driver Drowsiness Dataset/drowsiness/d_738.mp4,.mp4,drowsy,directory:drowsiness,,No subject identifier or documented video-to-driver mapping in path or filename.,25.0,250,250,10.0,720,1280,True,
d_739,data/raw/SUST Driver Drowsiness Dataset/drowsiness/d_739.mp4,.mp4,drowsy,directory:drowsiness,,No subject identifier or documented video-to-driver mapping in path or filename.,25.0,250,250,10.0,720,1280,True,
d_74,data/raw/SUST Driver Drowsiness Dataset/drowsiness/d_74.mp4,.mp4,drowsy,directory:drowsiness,,No subject identifier or documented video-to-driver mapping in path or filename.,29.97,300,300,10.01001,720,1280,True,
d_740,data/raw/SUST Driver Drowsiness Dataset/drowsiness/d_740.mp4,.mp4,drowsy,directory:drowsiness,,No subject identifier or documented video-to-driver mapping in path or filename.,25.0,250,250,10.0,720,1280,True,
d_741,data/raw/SUST Driver Drowsiness Dataset/drowsiness/d_741.mp4,.mp4,drowsy,directory:drowsiness,,No subject identifier or documented video-to-driver mapping in path or filename.,25.0,250,250,10.0,720,1280,True,
d_742,data/raw/SUST Driver Drowsiness Dataset/drowsiness/d_742.mp4,.mp4,drowsy,directory:drowsiness,,No subject identifier or documented video-to-driver mapping in path or filename.,25.0,250,250,10.0,720,1280,True,
d_743,data/raw/SUST Driver Drowsiness Dataset/drowsiness/d_743.mp4,.mp4,drowsy,directory:drowsiness,,No subject identifier or documented video-to-driver mapping in path or filename.,25.0,250,250,10.0,720,1280,True,
d_744,data/raw/SUST Driver Drowsiness Dataset/drowsiness/d_744.mp4,.mp4,drowsy,directory:drowsiness,,No subject identifier or documented video-to-driver mapping in path or filename.,25.0,250,250,10.0,720,1280,True,
d_745,data/raw/SUST Driver Drowsiness Dataset/drowsiness/d_745.mp4,.mp4,drowsy,directory:drowsiness,,No subject identifier or documented video-to-driver mapping in path or filename.,25.0,250,250,10.0,720,1280,True,
d_746,data/raw/SUST Driver Drowsiness Dataset/drowsiness/d_746.mp4,.mp4,drowsy,directory:drowsiness,,No subject identifier or documented video-to-driver mapping in path or filename.,25.0,250,250,10.0,720,1280,True,
d_747,data/raw/SUST Driver Drowsiness Dataset/drowsiness/d_747.mp4,.mp4,drowsy,directory:drowsiness,,No subject identifier or documented video-to-driver mapping in path or filename.,25.0,250,250,10.0,720,1280,True,
d_748,data/raw/SUST Driver Drowsiness Dataset/drowsiness/d_748.mp4,.mp4,drowsy,directory:drowsiness,,No subject identifier or documented video-to-driver mapping in path or filename.,25.0,250,250,10.0,720,1280,True,
d_749,data/raw/SUST Driver Drowsiness Dataset/drowsiness/d_749.mp4,.mp4,drowsy,directory:drowsiness,,No subject identifier or documented video-to-driver mapping in path or filename.,25.0,250,250,10.0,720,1280,True,
d_75,data/raw/SUST Driver Drowsiness Dataset/drowsiness/d_75.mp4,.mp4,drowsy,directory:drowsiness,,No subject identifier or documented video-to-driver mapping in path or filename.,29.97,300,300,10.01001,720,1280,True,
d_750,data/raw/SUST Driver Drowsiness Dataset/drowsiness/d_750.mp4,.mp4,drowsy,directory:drowsiness,,No subject identifier or documented video-to-driver mapping in path or filename.,25.0,250,250,10.0,720,1280,True,
d_751,data/raw/SUST Driver Drowsiness Dataset/drowsiness/d_751.mp4,.mp4,drowsy,directory:drowsiness,,No subject identifier or documented video-to-driver mapping in path or filename.,25.0,250,250,10.0,720,1280,True,
d_752,data/raw/SUST Driver Drowsiness Dataset/drowsiness/d_752.mp4,.mp4,drowsy,directory:drowsiness,,No subject identifier or documented video-to-driver mapping in path or filename.,25.0,250,250,10.0,720,1280,True,
d_753,data/raw/SUST Driver Drowsiness Dataset/drowsiness/d_753.mp4,.mp4,drowsy,directory:drowsiness,,No subject identifier or documented video-to-driver mapping in path or filename.,25.0,250,250,10.0,720,1280,True,
d_754,data/raw/SUST Driver Drowsiness Dataset/drowsiness/d_754.mp4,.mp4,drowsy,directory:drowsiness,,No subject identifier or documented video-to-driver mapping in path or filename.,25.0,250,250,10.0,720,1280,True,
d_755,data/raw/SUST Driver Drowsiness Dataset/drowsiness/d_755.mp4,.mp4,drowsy,directory:drowsiness,,No subject identifier or documented video-to-driver mapping in path or filename.,25.0,250,250,10.0,720,1280,True,
d_756,data/raw/SUST Driver Drowsiness Dataset/drowsiness/d_756.mp4,.mp4,drowsy,directory:drowsiness,,No subject identifier or documented video-to-driver mapping in path or filename.,25.0,250,250,10.0,720,1280,True,
d_757,data/raw/SUST Driver Drowsiness Dataset/drowsiness/d_757.mp4,.mp4,drowsy,directory:drowsiness,,No subject identifier or documented video-to-driver mapping in path or filename.,25.0,250,250,10.0,720,1280,True,
d_758,data/raw/SUST Driver Drowsiness Dataset/drowsiness/d_758.mp4,.mp4,drowsy,directory:drowsiness,,No subject identifier or documented video-to-driver mapping in path or filename.,25.0,250,250,10.0,720,1280,True,
d_759,data/raw/SUST Driver Drowsiness Dataset/drowsiness/d_759.mp4,.mp4,drowsy,directory:drowsiness,,No subject identifier or documented video-to-driver mapping in path or filename.,25.0,250,250,10.0,720,1280,True,
d_76,data/raw/SUST Driver Drowsiness Dataset/drowsiness/d_76.mp4,.mp4,drowsy,directory:drowsiness,,No subject identifier or documented video-to-driver mapping in path or filename.,29.97,300,300,10.01001,720,1280,True,
d_760,data/raw/SUST Driver Drowsiness Dataset/drowsiness/d_760.mp4,.mp4,drowsy,directory:drowsiness,,No subject identifier or documented video-to-driver mapping in path or filename.,25.0,250,250,10.0,720,1280,True,
d_761,data/raw/SUST Driver Drowsiness Dataset/drowsiness/d_761.mp4,.mp4,drowsy,directory:drowsiness,,No subject identifier or documented video-to-driver mapping in path or filename.,25.0,250,250,10.0,720,1280,True,
d_762,data/raw/SUST Driver Drowsiness Dataset/drowsiness/d_762.mp4,.mp4,drowsy,directory:drowsiness,,No subject identifier or documented video-to-driver mapping in path or filename.,25.0,250,250,10.0,720,1280,True,
d_763,data/raw/SUST Driver Drowsiness Dataset/drowsiness/d_763.mp4,.mp4,drowsy,directory:drowsiness,,No subject identifier or documented video-to-driver mapping in path or filename.,25.0,250,250,10.0,720,1280,True,
d_764,data/raw/SUST Driver Drowsiness Dataset/drowsiness/d_764.mp4,.mp4,drowsy,directory:drowsiness,,No subject identifier or documented video-to-driver mapping in path or filename.,25.0,250,250,10.0,720,1280,True,
d_765,data/raw/SUST Driver Drowsiness Dataset/drowsiness/d_765.mp4,.mp4,drowsy,directory:drowsiness,,No subject identifier or documented video-to-driver mapping in path or filename.,25.0,250,250,10.0,720,1280,True,
d_766,data/raw/SUST Driver Drowsiness Dataset/drowsiness/d_766.mp4,.mp4,drowsy,directory:drowsiness,,No subject identifier or documented video-to-driver mapping in path or filename.,25.0,250,250,10.0,720,1280,True,
d_767,data/raw/SUST Driver Drowsiness Dataset/drowsiness/d_767.mp4,.mp4,drowsy,directory:drowsiness,,No subject identifier or documented video-to-driver mapping in path or filename.,25.0,250,250,10.0,720,1280,True,
d_768,data/raw/SUST Driver Drowsiness Dataset/drowsiness/d_768.mp4,.mp4,drowsy,directory:drowsiness,,No subject identifier or documented video-to-driver mapping in path or filename.,25.0,250,250,10.0,720,1280,True,
d_769,data/raw/SUST Driver Drowsiness Dataset/drowsiness/d_769.mp4,.mp4,drowsy,directory:drowsiness,,No subject identifier or documented video-to-driver mapping in path or filename.,25.0,250,250,10.0,720,1280,True,
d_77,data/raw/SUST Driver Drowsiness Dataset/drowsiness/d_77.mp4,.mp4,drowsy,directory:drowsiness,,No subject identifier or documented video-to-driver mapping in path or filename.,29.97,300,300,10.01001,720,1280,True,
d_770,data/raw/SUST Driver Drowsiness Dataset/drowsiness/d_770.mp4,.mp4,drowsy,directory:drowsiness,,No subject identifier or documented video-to-driver mapping in path or filename.,25.0,250,250,10.0,720,1280,True,
d_771,data/raw/SUST Driver Drowsiness Dataset/drowsiness/d_771.mp4,.mp4,drowsy,directory:drowsiness,,No subject identifier or documented video-to-driver mapping in path or filename.,25.0,250,250,10.0,720,1280,True,
d_772,data/raw/SUST Driver Drowsiness Dataset/drowsiness/d_772.mp4,.mp4,drowsy,directory:drowsiness,,No subject identifier or documented video-to-driver mapping in path or filename.,25.0,250,250,10.0,720,1280,True,
d_773,data/raw/SUST Driver Drowsiness Dataset/drowsiness/d_773.mp4,.mp4,drowsy,directory:drowsiness,,No subject identifier or documented video-to-driver mapping in path or filename.,25.0,250,250,10.0,720,1280,True,
d_774,data/raw/SUST Driver Drowsiness Dataset/drowsiness/d_774.mp4,.mp4,drowsy,directory:drowsiness,,No subject identifier or documented video-to-driver mapping in path or filename.,25.0,250,250,10.0,720,1280,True,
d_775,data/raw/SUST Driver Drowsiness Dataset/drowsiness/d_775.mp4,.mp4,drowsy,directory:drowsiness,,No subject identifier or documented video-to-driver mapping in path or filename.,25.0,250,250,10.0,720,1280,True,
d_776,data/raw/SUST Driver Drowsiness Dataset/drowsiness/d_776.mp4,.mp4,drowsy,directory:drowsiness,,No subject identifier or documented video-to-driver mapping in path or filename.,25.0,250,250,10.0,720,1280,True,
d_777,data/raw/SUST Driver Drowsiness Dataset/drowsiness/d_777.mp4,.mp4,drowsy,directory:drowsiness,,No subject identifier or documented video-to-driver mapping in path or filename.,25.0,250,250,10.0,720,1280,True,
d_778,data/raw/SUST Driver Drowsiness Dataset/drowsiness/d_778.mp4,.mp4,drowsy,directory:drowsiness,,No subject identifier or documented video-to-driver mapping in path or filename.,25.0,250,250,10.0,720,1280,True,
d_779,data/raw/SUST Driver Drowsiness Dataset/drowsiness/d_779.mp4,.mp4,drowsy,directory:drowsiness,,No subject identifier or documented video-to-driver mapping in path or filename.,25.0,250,250,10.0,720,1280,True,
d_78,data/raw/SUST Driver Drowsiness Dataset/drowsiness/d_78.mp4,.mp4,drowsy,directory:drowsiness,,No subject identifier or documented video-to-driver mapping in path or filename.,29.97,300,300,10.01001,720,1280,True,
d_780,data/raw/SUST Driver Drowsiness Dataset/drowsiness/d_780.mp4,.mp4,drowsy,directory:drowsiness,,No subject identifier or documented video-to-driver mapping in path or filename.,25.0,250,250,10.0,720,1280,True,
d_781,data/raw/SUST Driver Drowsiness Dataset/drowsiness/d_781.mp4,.mp4,drowsy,directory:drowsiness,,No subject identifier or documented video-to-driver mapping in path or filename.,25.0,250,250,10.0,720,1280,True,
d_782,data/raw/SUST Driver Drowsiness Dataset/drowsiness/d_782.mp4,.mp4,drowsy,directory:drowsiness,,No subject identifier or documented video-to-driver mapping in path or filename.,25.0,250,250,10.0,720,1280,True,
d_783,data/raw/SUST Driver Drowsiness Dataset/drowsiness/d_783.mp4,.mp4,drowsy,directory:drowsiness,,No subject identifier or documented video-to-driver mapping in path or filename.,25.0,250,250,10.0,720,1280,True,
d_784,data/raw/SUST Driver Drowsiness Dataset/drowsiness/d_784.mp4,.mp4,drowsy,directory:drowsiness,,No subject identifier or documented video-to-driver mapping in path or filename.,25.0,250,250,10.0,720,1280,True,
d_785,data/raw/SUST Driver Drowsiness Dataset/drowsiness/d_785.mp4,.mp4,drowsy,directory:drowsiness,,No subject identifier or documented video-to-driver mapping in path or filename.,30.01,301,301,10.02999,720,1280,True,
d_786,data/raw/SUST Driver Drowsiness Dataset/drowsiness/d_786.mp4,.mp4,drowsy,directory:drowsiness,,No subject identifier or documented video-to-driver mapping in path or filename.,30.01,301,301,10.02999,720,1280,True,
d_787,data/raw/SUST Driver Drowsiness Dataset/drowsiness/d_787.mp4,.mp4,drowsy,directory:drowsiness,,No subject identifier or documented video-to-driver mapping in path or filename.,30.01,301,301,10.02999,720,1280,True,
d_788,data/raw/SUST Driver Drowsiness Dataset/drowsiness/d_788.mp4,.mp4,drowsy,directory:drowsiness,,No subject identifier or documented video-to-driver mapping in path or filename.,30.01,301,301,10.02999,720,1280,True,
d_789,data/raw/SUST Driver Drowsiness Dataset/drowsiness/d_789.mp4,.mp4,drowsy,directory:drowsiness,,No subject identifier or documented video-to-driver mapping in path or filename.,30.01,301,301,10.02999,720,1280,True,
d_79,data/raw/SUST Driver Drowsiness Dataset/drowsiness/d_79.mp4,.mp4,drowsy,directory:drowsiness,,No subject identifier or documented video-to-driver mapping in path or filename.,29.97,300,300,10.01001,720,1280,True,
d_790,data/raw/SUST Driver Drowsiness Dataset/drowsiness/d_790.mp4,.mp4,drowsy,directory:drowsiness,,No subject identifier or documented video-to-driver mapping in path or filename.,30.01,301,301,10.02999,720,1280,True,
d_791,data/raw/SUST Driver Drowsiness Dataset/drowsiness/d_791.mp4,.mp4,drowsy,directory:drowsiness,,No subject identifier or documented video-to-driver mapping in path or filename.,30.01,301,301,10.02999,720,1280,True,
d_792,data/raw/SUST Driver Drowsiness Dataset/drowsiness/d_792.mp4,.mp4,drowsy,directory:drowsiness,,No subject identifier or documented video-to-driver mapping in path or filename.,30.01,301,301,10.02999,720,1280,True,
d_793,data/raw/SUST Driver Drowsiness Dataset/drowsiness/d_793.mp4,.mp4,drowsy,directory:drowsiness,,No subject identifier or documented video-to-driver mapping in path or filename.,30.01,301,301,10.02999,720,1280,True,
d_794,data/raw/SUST Driver Drowsiness Dataset/drowsiness/d_794.mp4,.mp4,drowsy,directory:drowsiness,,No subject identifier or documented video-to-driver mapping in path or filename.,30.01,301,301,10.02999,720,1280,True,
d_795,data/raw/SUST Driver Drowsiness Dataset/drowsiness/d_795.mp4,.mp4,drowsy,directory:drowsiness,,No subject identifier or documented video-to-driver mapping in path or filename.,30.01,301,301,10.02999,720,1280,True,
d_796,data/raw/SUST Driver Drowsiness Dataset/drowsiness/d_796.mp4,.mp4,drowsy,directory:drowsiness,,No subject identifier or documented video-to-driver mapping in path or filename.,30.01,301,301,10.02999,720,1280,True,
d_797,data/raw/SUST Driver Drowsiness Dataset/drowsiness/d_797.mp4,.mp4,drowsy,directory:drowsiness,,No subject identifier or documented video-to-driver mapping in path or filename.,30.01,301,301,10.02999,720,1280,True,
d_798,data/raw/SUST Driver Drowsiness Dataset/drowsiness/d_798.mp4,.mp4,drowsy,directory:drowsiness,,No subject identifier or documented video-to-driver mapping in path or filename.,30.01,301,301,10.02999,720,1280,True,
d_799,data/raw/SUST Driver Drowsiness Dataset/drowsiness/d_799.mp4,.mp4,drowsy,directory:drowsiness,,No subject identifier or documented video-to-driver mapping in path or filename.,30.01,301,301,10.02999,720,1280,True,
d_8,data/raw/SUST Driver Drowsiness Dataset/drowsiness/d_8.mp4,.mp4,drowsy,directory:drowsiness,,No subject identifier or documented video-to-driver mapping in path or filename.,30.0,300,300,10.0,720,1280,True,
d_80,data/raw/SUST Driver Drowsiness Dataset/drowsiness/d_80.mp4,.mp4,drowsy,directory:drowsiness,,No subject identifier or documented video-to-driver mapping in path or filename.,29.97,300,300,10.01001,720,1280,True,
d_800,data/raw/SUST Driver Drowsiness Dataset/drowsiness/d_800.mp4,.mp4,drowsy,directory:drowsiness,,No subject identifier or documented video-to-driver mapping in path or filename.,30.01,301,301,10.02999,720,1280,True,
d_801,data/raw/SUST Driver Drowsiness Dataset/drowsiness/d_801.mp4,.mp4,drowsy,directory:drowsiness,,No subject identifier or documented video-to-driver mapping in path or filename.,30.01,301,301,10.02999,720,1280,True,
d_802,data/raw/SUST Driver Drowsiness Dataset/drowsiness/d_802.mp4,.mp4,drowsy,directory:drowsiness,,No subject identifier or documented video-to-driver mapping in path or filename.,30.01,301,301,10.02999,720,1280,True,
d_803,data/raw/SUST Driver Drowsiness Dataset/drowsiness/d_803.mp4,.mp4,drowsy,directory:drowsiness,,No subject identifier or documented video-to-driver mapping in path or filename.,30.01,301,301,10.02999,720,1280,True,
d_804,data/raw/SUST Driver Drowsiness Dataset/drowsiness/d_804.mp4,.mp4,drowsy,directory:drowsiness,,No subject identifier or documented video-to-driver mapping in path or filename.,30.01,301,301,10.02999,720,1280,True,
d_805,data/raw/SUST Driver Drowsiness Dataset/drowsiness/d_805.mp4,.mp4,drowsy,directory:drowsiness,,No subject identifier or documented video-to-driver mapping in path or filename.,30.01,301,301,10.02999,720,1280,True,
d_806,data/raw/SUST Driver Drowsiness Dataset/drowsiness/d_806.mp4,.mp4,drowsy,directory:drowsiness,,No subject identifier or documented video-to-driver mapping in path or filename.,30.01,301,301,10.02999,720,1280,True,
d_807,data/raw/SUST Driver Drowsiness Dataset/drowsiness/d_807.mp4,.mp4,drowsy,directory:drowsiness,,No subject identifier or documented video-to-driver mapping in path or filename.,30.01,301,301,10.02999,720,1280,True,
d_808,data/raw/SUST Driver Drowsiness Dataset/drowsiness/d_808.mp4,.mp4,drowsy,directory:drowsiness,,No subject identifier or documented video-to-driver mapping in path or filename.,30.01,301,301,10.02999,720,1280,True,
d_809,data/raw/SUST Driver Drowsiness Dataset/drowsiness/d_809.mp4,.mp4,drowsy,directory:drowsiness,,No subject identifier or documented video-to-driver mapping in path or filename.,30.01,301,301,10.02999,720,1280,True,
d_81,data/raw/SUST Driver Drowsiness Dataset/drowsiness/d_81.mp4,.mp4,drowsy,directory:drowsiness,,No subject identifier or documented video-to-driver mapping in path or filename.,29.97,300,300,10.01001,720,1280,True,
d_810,data/raw/SUST Driver Drowsiness Dataset/drowsiness/d_810.mp4,.mp4,drowsy,directory:drowsiness,,No subject identifier or documented video-to-driver mapping in path or filename.,30.01,301,301,10.02999,720,1280,True,
d_811,data/raw/SUST Driver Drowsiness Dataset/drowsiness/d_811.mp4,.mp4,drowsy,directory:drowsiness,,No subject identifier or documented video-to-driver mapping in path or filename.,30.01,301,301,10.02999,720,1280,True,
d_812,data/raw/SUST Driver Drowsiness Dataset/drowsiness/d_812.mp4,.mp4,drowsy,directory:drowsiness,,No subject identifier or documented video-to-driver mapping in path or filename.,30.01,301,301,10.02999,720,1280,True,
d_813,data/raw/SUST Driver Drowsiness Dataset/drowsiness/d_813.mp4,.mp4,drowsy,directory:drowsiness,,No subject identifier or documented video-to-driver mapping in path or filename.,30.01,301,301,10.02999,720,1280,True,
d_814,data/raw/SUST Driver Drowsiness Dataset/drowsiness/d_814.mp4,.mp4,drowsy,directory:drowsiness,,No subject identifier or documented video-to-driver mapping in path or filename.,30.01,301,301,10.02999,720,1280,True,
d_815,data/raw/SUST Driver Drowsiness Dataset/drowsiness/d_815.mp4,.mp4,drowsy,directory:drowsiness,,No subject identifier or documented video-to-driver mapping in path or filename.,30.01,301,301,10.02999,720,1280,True,
d_816,data/raw/SUST Driver Drowsiness Dataset/drowsiness/d_816.mp4,.mp4,drowsy,directory:drowsiness,,No subject identifier or documented video-to-driver mapping in path or filename.,30.01,301,301,10.02999,720,1280,True,
d_817,data/raw/SUST Driver Drowsiness Dataset/drowsiness/d_817.mp4,.mp4,drowsy,directory:drowsiness,,No subject identifier or documented video-to-driver mapping in path or filename.,30.01,301,301,10.02999,720,1280,True,
d_818,data/raw/SUST Driver Drowsiness Dataset/drowsiness/d_818.mp4,.mp4,drowsy,directory:drowsiness,,No subject identifier or documented video-to-driver mapping in path or filename.,30.01,301,301,10.02999,720,1280,True,
d_819,data/raw/SUST Driver Drowsiness Dataset/drowsiness/d_819.mp4,.mp4,drowsy,directory:drowsiness,,No subject identifier or documented video-to-driver mapping in path or filename.,30.01,301,301,10.02999,720,1280,True,
d_82,data/raw/SUST Driver Drowsiness Dataset/drowsiness/d_82.mp4,.mp4,drowsy,directory:drowsiness,,No subject identifier or documented video-to-driver mapping in path or filename.,29.97,300,300,10.01001,720,1280,True,
d_820,data/raw/SUST Driver Drowsiness Dataset/drowsiness/d_820.mp4,.mp4,drowsy,directory:drowsiness,,No subject identifier or documented video-to-driver mapping in path or filename.,30.01,301,301,10.02999,720,1280,True,
d_821,data/raw/SUST Driver Drowsiness Dataset/drowsiness/d_821.mp4,.mp4,drowsy,directory:drowsiness,,No subject identifier or documented video-to-driver mapping in path or filename.,30.01,301,301,10.02999,720,1280,True,
d_822,data/raw/SUST Driver Drowsiness Dataset/drowsiness/d_822.mp4,.mp4,drowsy,directory:drowsiness,,No subject identifier or documented video-to-driver mapping in path or filename.,30.01,301,301,10.02999,720,1280,True,
d_823,data/raw/SUST Driver Drowsiness Dataset/drowsiness/d_823.mp4,.mp4,drowsy,directory:drowsiness,,No subject identifier or documented video-to-driver mapping in path or filename.,30.01,301,301,10.02999,720,1280,True,
d_824,data/raw/SUST Driver Drowsiness Dataset/drowsiness/d_824.mp4,.mp4,drowsy,directory:drowsiness,,No subject identifier or documented video-to-driver mapping in path or filename.,30.01,301,301,10.02999,720,1280,True,
d_825,data/raw/SUST Driver Drowsiness Dataset/drowsiness/d_825.mp4,.mp4,drowsy,directory:drowsiness,,No subject identifier or documented video-to-driver mapping in path or filename.,30.01,301,301,10.02999,720,1280,True,
d_826,data/raw/SUST Driver Drowsiness Dataset/drowsiness/d_826.mp4,.mp4,drowsy,directory:drowsiness,,No subject identifier or documented video-to-driver mapping in path or filename.,30.01,301,301,10.02999,720,1280,True,
d_827,data/raw/SUST Driver Drowsiness Dataset/drowsiness/d_827.mp4,.mp4,drowsy,directory:drowsiness,,No subject identifier or documented video-to-driver mapping in path or filename.,30.01,301,301,10.02999,720,1280,True,
d_828,data/raw/SUST Driver Drowsiness Dataset/drowsiness/d_828.mp4,.mp4,drowsy,directory:drowsiness,,No subject identifier or documented video-to-driver mapping in path or filename.,30.01,301,301,10.02999,720,1280,True,
d_829,data/raw/SUST Driver Drowsiness Dataset/drowsiness/d_829.mp4,.mp4,drowsy,directory:drowsiness,,No subject identifier or documented video-to-driver mapping in path or filename.,30.01,301,301,10.02999,720,1280,True,
d_83,data/raw/SUST Driver Drowsiness Dataset/drowsiness/d_83.mp4,.mp4,drowsy,directory:drowsiness,,No subject identifier or documented video-to-driver mapping in path or filename.,29.97,300,300,10.01001,720,1280,True,
d_830,data/raw/SUST Driver Drowsiness Dataset/drowsiness/d_830.mp4,.mp4,drowsy,directory:drowsiness,,No subject identifier or documented video-to-driver mapping in path or filename.,30.01,301,301,10.02999,720,1280,True,
d_831,data/raw/SUST Driver Drowsiness Dataset/drowsiness/d_831.mp4,.mp4,drowsy,directory:drowsiness,,No subject identifier or documented video-to-driver mapping in path or filename.,30.01,301,301,10.02999,720,1280,True,
d_832,data/raw/SUST Driver Drowsiness Dataset/drowsiness/d_832.mp4,.mp4,drowsy,directory:drowsiness,,No subject identifier or documented video-to-driver mapping in path or filename.,30.01,301,301,10.02999,720,1280,True,
d_833,data/raw/SUST Driver Drowsiness Dataset/drowsiness/d_833.mp4,.mp4,drowsy,directory:drowsiness,,No subject identifier or documented video-to-driver mapping in path or filename.,30.01,301,301,10.02999,720,1280,True,
d_834,data/raw/SUST Driver Drowsiness Dataset/drowsiness/d_834.mp4,.mp4,drowsy,directory:drowsiness,,No subject identifier or documented video-to-driver mapping in path or filename.,30.01,301,301,10.02999,720,1280,True,
d_835,data/raw/SUST Driver Drowsiness Dataset/drowsiness/d_835.mp4,.mp4,drowsy,directory:drowsiness,,No subject identifier or documented video-to-driver mapping in path or filename.,30.01,301,301,10.02999,720,1280,True,
d_836,data/raw/SUST Driver Drowsiness Dataset/drowsiness/d_836.mp4,.mp4,drowsy,directory:drowsiness,,No subject identifier or documented video-to-driver mapping in path or filename.,30.01,301,301,10.02999,720,1280,True,
d_837,data/raw/SUST Driver Drowsiness Dataset/drowsiness/d_837.mp4,.mp4,drowsy,directory:drowsiness,,No subject identifier or documented video-to-driver mapping in path or filename.,30.01,301,301,10.02999,720,1280,True,
d_838,data/raw/SUST Driver Drowsiness Dataset/drowsiness/d_838.mp4,.mp4,drowsy,directory:drowsiness,,No subject identifier or documented video-to-driver mapping in path or filename.,30.01,301,301,10.02999,720,1280,True,
d_839,data/raw/SUST Driver Drowsiness Dataset/drowsiness/d_839.mp4,.mp4,drowsy,directory:drowsiness,,No subject identifier or documented video-to-driver mapping in path or filename.,30.01,301,301,10.02999,720,1280,True,
d_84,data/raw/SUST Driver Drowsiness Dataset/drowsiness/d_84.mp4,.mp4,drowsy,directory:drowsiness,,No subject identifier or documented video-to-driver mapping in path or filename.,29.97,300,300,10.01001,720,1280,True,
d_840,data/raw/SUST Driver Drowsiness Dataset/drowsiness/d_840.mp4,.mp4,drowsy,directory:drowsiness,,No subject identifier or documented video-to-driver mapping in path or filename.,30.01,301,301,10.02999,720,1280,True,
d_841,data/raw/SUST Driver Drowsiness Dataset/drowsiness/d_841.mp4,.mp4,drowsy,directory:drowsiness,,No subject identifier or documented video-to-driver mapping in path or filename.,30.01,301,301,10.02999,720,1280,True,
d_842,data/raw/SUST Driver Drowsiness Dataset/drowsiness/d_842.mp4,.mp4,drowsy,directory:drowsiness,,No subject identifier or documented video-to-driver mapping in path or filename.,30.01,301,301,10.02999,720,1280,True,
d_843,data/raw/SUST Driver Drowsiness Dataset/drowsiness/d_843.mp4,.mp4,drowsy,directory:drowsiness,,No subject identifier or documented video-to-driver mapping in path or filename.,30.01,301,301,10.02999,720,1280,True,
d_844,data/raw/SUST Driver Drowsiness Dataset/drowsiness/d_844.mp4,.mp4,drowsy,directory:drowsiness,,No subject identifier or documented video-to-driver mapping in path or filename.,30.01,301,301,10.02999,720,1280,True,
d_845,data/raw/SUST Driver Drowsiness Dataset/drowsiness/d_845.mp4,.mp4,drowsy,directory:drowsiness,,No subject identifier or documented video-to-driver mapping in path or filename.,30.0,300,300,10.0,720,1280,True,
d_846,data/raw/SUST Driver Drowsiness Dataset/drowsiness/d_846.mp4,.mp4,drowsy,directory:drowsiness,,No subject identifier or documented video-to-driver mapping in path or filename.,30.0,300,300,10.0,720,1280,True,
d_847,data/raw/SUST Driver Drowsiness Dataset/drowsiness/d_847.mp4,.mp4,drowsy,directory:drowsiness,,No subject identifier or documented video-to-driver mapping in path or filename.,30.0,300,300,10.0,720,1280,True,
d_848,data/raw/SUST Driver Drowsiness Dataset/drowsiness/d_848.mp4,.mp4,drowsy,directory:drowsiness,,No subject identifier or documented video-to-driver mapping in path or filename.,30.0,300,300,10.0,720,1280,True,
d_849,data/raw/SUST Driver Drowsiness Dataset/drowsiness/d_849.mp4,.mp4,drowsy,directory:drowsiness,,No subject identifier or documented video-to-driver mapping in path or filename.,30.0,300,300,10.0,720,1280,True,
d_85,data/raw/SUST Driver Drowsiness Dataset/drowsiness/d_85.mp4,.mp4,drowsy,directory:drowsiness,,No subject identifier or documented video-to-driver mapping in path or filename.,29.97,300,300,10.01001,720,1280,True,
d_850,data/raw/SUST Driver Drowsiness Dataset/drowsiness/d_850.mp4,.mp4,drowsy,directory:drowsiness,,No subject identifier or documented video-to-driver mapping in path or filename.,30.0,300,300,10.0,720,1280,True,
d_851,data/raw/SUST Driver Drowsiness Dataset/drowsiness/d_851.mp4,.mp4,drowsy,directory:drowsiness,,No subject identifier or documented video-to-driver mapping in path or filename.,30.0,300,300,10.0,720,1280,True,
d_852,data/raw/SUST Driver Drowsiness Dataset/drowsiness/d_852.mp4,.mp4,drowsy,directory:drowsiness,,No subject identifier or documented video-to-driver mapping in path or filename.,30.0,300,300,10.0,720,1280,True,
d_853,data/raw/SUST Driver Drowsiness Dataset/drowsiness/d_853.mp4,.mp4,drowsy,directory:drowsiness,,No subject identifier or documented video-to-driver mapping in path or filename.,30.0,300,300,10.0,720,1280,True,
d_854,data/raw/SUST Driver Drowsiness Dataset/drowsiness/d_854.mp4,.mp4,drowsy,directory:drowsiness,,No subject identifier or documented video-to-driver mapping in path or filename.,30.0,300,300,10.0,720,1280,True,
d_855,data/raw/SUST Driver Drowsiness Dataset/drowsiness/d_855.mp4,.mp4,drowsy,directory:drowsiness,,No subject identifier or documented video-to-driver mapping in path or filename.,30.0,300,300,10.0,720,1280,True,
d_856,data/raw/SUST Driver Drowsiness Dataset/drowsiness/d_856.mp4,.mp4,drowsy,directory:drowsiness,,No subject identifier or documented video-to-driver mapping in path or filename.,30.0,300,300,10.0,720,1280,True,
d_857,data/raw/SUST Driver Drowsiness Dataset/drowsiness/d_857.mp4,.mp4,drowsy,directory:drowsiness,,No subject identifier or documented video-to-driver mapping in path or filename.,30.0,300,300,10.0,720,1280,True,
d_858,data/raw/SUST Driver Drowsiness Dataset/drowsiness/d_858.mp4,.mp4,drowsy,directory:drowsiness,,No subject identifier or documented video-to-driver mapping in path or filename.,30.0,300,300,10.0,720,1280,True,
d_859,data/raw/SUST Driver Drowsiness Dataset/drowsiness/d_859.mp4,.mp4,drowsy,directory:drowsiness,,No subject identifier or documented video-to-driver mapping in path or filename.,30.0,300,300,10.0,720,1280,True,
d_86,data/raw/SUST Driver Drowsiness Dataset/drowsiness/d_86.mp4,.mp4,drowsy,directory:drowsiness,,No subject identifier or documented video-to-driver mapping in path or filename.,29.97,300,300,10.01001,720,1280,True,
d_860,data/raw/SUST Driver Drowsiness Dataset/drowsiness/d_860.mp4,.mp4,drowsy,directory:drowsiness,,No subject identifier or documented video-to-driver mapping in path or filename.,30.0,300,300,10.0,720,1280,True,
d_861,data/raw/SUST Driver Drowsiness Dataset/drowsiness/d_861.mp4,.mp4,drowsy,directory:drowsiness,,No subject identifier or documented video-to-driver mapping in path or filename.,30.0,300,300,10.0,720,1280,True,
d_862,data/raw/SUST Driver Drowsiness Dataset/drowsiness/d_862.mp4,.mp4,drowsy,directory:drowsiness,,No subject identifier or documented video-to-driver mapping in path or filename.,30.0,300,300,10.0,720,1280,True,
d_863,data/raw/SUST Driver Drowsiness Dataset/drowsiness/d_863.mp4,.mp4,drowsy,directory:drowsiness,,No subject identifier or documented video-to-driver mapping in path or filename.,30.0,300,300,10.0,720,1280,True,
d_864,data/raw/SUST Driver Drowsiness Dataset/drowsiness/d_864.mp4,.mp4,drowsy,directory:drowsiness,,No subject identifier or documented video-to-driver mapping in path or filename.,30.0,300,300,10.0,720,1280,True,
d_865,data/raw/SUST Driver Drowsiness Dataset/drowsiness/d_865.mp4,.mp4,drowsy,directory:drowsiness,,No subject identifier or documented video-to-driver mapping in path or filename.,30.0,300,300,10.0,720,1280,True,
d_866,data/raw/SUST Driver Drowsiness Dataset/drowsiness/d_866.mp4,.mp4,drowsy,directory:drowsiness,,No subject identifier or documented video-to-driver mapping in path or filename.,30.0,300,300,10.0,720,1280,True,
d_867,data/raw/SUST Driver Drowsiness Dataset/drowsiness/d_867.mp4,.mp4,drowsy,directory:drowsiness,,No subject identifier or documented video-to-driver mapping in path or filename.,30.0,300,300,10.0,720,1280,True,
d_868,data/raw/SUST Driver Drowsiness Dataset/drowsiness/d_868.mp4,.mp4,drowsy,directory:drowsiness,,No subject identifier or documented video-to-driver mapping in path or filename.,30.0,300,300,10.0,720,1280,True,
d_869,data/raw/SUST Driver Drowsiness Dataset/drowsiness/d_869.mp4,.mp4,drowsy,directory:drowsiness,,No subject identifier or documented video-to-driver mapping in path or filename.,30.0,300,300,10.0,720,1280,True,
d_87,data/raw/SUST Driver Drowsiness Dataset/drowsiness/d_87.mp4,.mp4,drowsy,directory:drowsiness,,No subject identifier or documented video-to-driver mapping in path or filename.,29.97,300,300,10.01001,720,1280,True,
d_870,data/raw/SUST Driver Drowsiness Dataset/drowsiness/d_870.mp4,.mp4,drowsy,directory:drowsiness,,No subject identifier or documented video-to-driver mapping in path or filename.,30.0,300,300,10.0,720,1280,True,
d_871,data/raw/SUST Driver Drowsiness Dataset/drowsiness/d_871.mp4,.mp4,drowsy,directory:drowsiness,,No subject identifier or documented video-to-driver mapping in path or filename.,30.0,300,300,10.0,720,1280,True,
d_872,data/raw/SUST Driver Drowsiness Dataset/drowsiness/d_872.mp4,.mp4,drowsy,directory:drowsiness,,No subject identifier or documented video-to-driver mapping in path or filename.,30.0,300,300,10.0,720,1280,True,
d_873,data/raw/SUST Driver Drowsiness Dataset/drowsiness/d_873.mp4,.mp4,drowsy,directory:drowsiness,,No subject identifier or documented video-to-driver mapping in path or filename.,30.0,300,300,10.0,720,1280,True,
d_874,data/raw/SUST Driver Drowsiness Dataset/drowsiness/d_874.mp4,.mp4,drowsy,directory:drowsiness,,No subject identifier or documented video-to-driver mapping in path or filename.,30.0,300,300,10.0,720,1280,True,
d_875,data/raw/SUST Driver Drowsiness Dataset/drowsiness/d_875.mp4,.mp4,drowsy,directory:drowsiness,,No subject identifier or documented video-to-driver mapping in path or filename.,30.0,300,300,10.0,720,1280,True,
d_876,data/raw/SUST Driver Drowsiness Dataset/drowsiness/d_876.mp4,.mp4,drowsy,directory:drowsiness,,No subject identifier or documented video-to-driver mapping in path or filename.,30.0,300,300,10.0,720,1280,True,
d_877,data/raw/SUST Driver Drowsiness Dataset/drowsiness/d_877.mp4,.mp4,drowsy,directory:drowsiness,,No subject identifier or documented video-to-driver mapping in path or filename.,30.0,300,300,10.0,720,1280,True,
d_878,data/raw/SUST Driver Drowsiness Dataset/drowsiness/d_878.mp4,.mp4,drowsy,directory:drowsiness,,No subject identifier or documented video-to-driver mapping in path or filename.,30.0,300,300,10.0,720,1280,True,
d_879,data/raw/SUST Driver Drowsiness Dataset/drowsiness/d_879.mp4,.mp4,drowsy,directory:drowsiness,,No subject identifier or documented video-to-driver mapping in path or filename.,30.0,300,300,10.0,720,1280,True,
d_88,data/raw/SUST Driver Drowsiness Dataset/drowsiness/d_88.mp4,.mp4,drowsy,directory:drowsiness,,No subject identifier or documented video-to-driver mapping in path or filename.,29.97,300,300,10.01001,720,1280,True,
d_880,data/raw/SUST Driver Drowsiness Dataset/drowsiness/d_880.mp4,.mp4,drowsy,directory:drowsiness,,No subject identifier or documented video-to-driver mapping in path or filename.,30.0,300,300,10.0,720,1280,True,
d_881,data/raw/SUST Driver Drowsiness Dataset/drowsiness/d_881.mp4,.mp4,drowsy,directory:drowsiness,,No subject identifier or documented video-to-driver mapping in path or filename.,30.0,300,300,10.0,720,1280,True,
d_882,data/raw/SUST Driver Drowsiness Dataset/drowsiness/d_882.mp4,.mp4,drowsy,directory:drowsiness,,No subject identifier or documented video-to-driver mapping in path or filename.,30.0,300,300,10.0,720,1280,True,
d_883,data/raw/SUST Driver Drowsiness Dataset/drowsiness/d_883.mp4,.mp4,drowsy,directory:drowsiness,,No subject identifier or documented video-to-driver mapping in path or filename.,30.0,300,300,10.0,720,1280,True,
d_884,data/raw/SUST Driver Drowsiness Dataset/drowsiness/d_884.mp4,.mp4,drowsy,directory:drowsiness,,No subject identifier or documented video-to-driver mapping in path or filename.,30.0,300,300,10.0,720,1280,True,
d_885,data/raw/SUST Driver Drowsiness Dataset/drowsiness/d_885.mp4,.mp4,drowsy,directory:drowsiness,,No subject identifier or documented video-to-driver mapping in path or filename.,30.0,300,300,10.0,720,1280,True,
d_886,data/raw/SUST Driver Drowsiness Dataset/drowsiness/d_886.mp4,.mp4,drowsy,directory:drowsiness,,No subject identifier or documented video-to-driver mapping in path or filename.,30.0,300,300,10.0,720,1280,True,
d_887,data/raw/SUST Driver Drowsiness Dataset/drowsiness/d_887.mp4,.mp4,drowsy,directory:drowsiness,,No subject identifier or documented video-to-driver mapping in path or filename.,30.0,300,300,10.0,720,1280,True,
d_888,data/raw/SUST Driver Drowsiness Dataset/drowsiness/d_888.mp4,.mp4,drowsy,directory:drowsiness,,No subject identifier or documented video-to-driver mapping in path or filename.,30.0,300,300,10.0,720,1280,True,
d_889,data/raw/SUST Driver Drowsiness Dataset/drowsiness/d_889.mp4,.mp4,drowsy,directory:drowsiness,,No subject identifier or documented video-to-driver mapping in path or filename.,30.0,300,300,10.0,720,1280,True,
d_89,data/raw/SUST Driver Drowsiness Dataset/drowsiness/d_89.mp4,.mp4,drowsy,directory:drowsiness,,No subject identifier or documented video-to-driver mapping in path or filename.,29.97,300,300,10.01001,720,1280,True,
d_890,data/raw/SUST Driver Drowsiness Dataset/drowsiness/d_890.mp4,.mp4,drowsy,directory:drowsiness,,No subject identifier or documented video-to-driver mapping in path or filename.,30.0,300,300,10.0,720,1280,True,
d_891,data/raw/SUST Driver Drowsiness Dataset/drowsiness/d_891.mp4,.mp4,drowsy,directory:drowsiness,,No subject identifier or documented video-to-driver mapping in path or filename.,30.0,300,300,10.0,720,1280,True,
d_892,data/raw/SUST Driver Drowsiness Dataset/drowsiness/d_892.mp4,.mp4,drowsy,directory:drowsiness,,No subject identifier or documented video-to-driver mapping in path or filename.,30.0,300,300,10.0,720,1280,True,
d_893,data/raw/SUST Driver Drowsiness Dataset/drowsiness/d_893.mp4,.mp4,drowsy,directory:drowsiness,,No subject identifier or documented video-to-driver mapping in path or filename.,30.0,300,300,10.0,720,1280,True,
d_894,data/raw/SUST Driver Drowsiness Dataset/drowsiness/d_894.mp4,.mp4,drowsy,directory:drowsiness,,No subject identifier or documented video-to-driver mapping in path or filename.,30.0,300,300,10.0,720,1280,True,
d_895,data/raw/SUST Driver Drowsiness Dataset/drowsiness/d_895.mp4,.mp4,drowsy,directory:drowsiness,,No subject identifier or documented video-to-driver mapping in path or filename.,30.0,300,300,10.0,720,1280,True,
d_896,data/raw/SUST Driver Drowsiness Dataset/drowsiness/d_896.mp4,.mp4,drowsy,directory:drowsiness,,No subject identifier or documented video-to-driver mapping in path or filename.,30.0,300,300,10.0,720,1280,True,
d_897,data/raw/SUST Driver Drowsiness Dataset/drowsiness/d_897.mp4,.mp4,drowsy,directory:drowsiness,,No subject identifier or documented video-to-driver mapping in path or filename.,30.0,300,300,10.0,720,1280,True,
d_898,data/raw/SUST Driver Drowsiness Dataset/drowsiness/d_898.mp4,.mp4,drowsy,directory:drowsiness,,No subject identifier or documented video-to-driver mapping in path or filename.,30.0,300,300,10.0,720,1280,True,
d_899,data/raw/SUST Driver Drowsiness Dataset/drowsiness/d_899.mp4,.mp4,drowsy,directory:drowsiness,,No subject identifier or documented video-to-driver mapping in path or filename.,29.92,300,300,10.026738,720,1280,True,
d_9,data/raw/SUST Driver Drowsiness Dataset/drowsiness/d_9.mp4,.mp4,drowsy,directory:drowsiness,,No subject identifier or documented video-to-driver mapping in path or filename.,30.0,300,300,10.0,720,1280,True,
d_90,data/raw/SUST Driver Drowsiness Dataset/drowsiness/d_90.mp4,.mp4,drowsy,directory:drowsiness,,No subject identifier or documented video-to-driver mapping in path or filename.,29.97,300,300,10.01001,720,1280,True,
d_900,data/raw/SUST Driver Drowsiness Dataset/drowsiness/d_900.mp4,.mp4,drowsy,directory:drowsiness,,No subject identifier or documented video-to-driver mapping in path or filename.,29.92,300,300,10.026738,720,1280,True,
d_901,data/raw/SUST Driver Drowsiness Dataset/drowsiness/d_901.mp4,.mp4,drowsy,directory:drowsiness,,No subject identifier or documented video-to-driver mapping in path or filename.,29.92,300,300,10.026738,720,1280,True,
d_902,data/raw/SUST Driver Drowsiness Dataset/drowsiness/d_902.mp4,.mp4,drowsy,directory:drowsiness,,No subject identifier or documented video-to-driver mapping in path or filename.,29.92,300,300,10.026738,720,1280,True,
d_903,data/raw/SUST Driver Drowsiness Dataset/drowsiness/d_903.mp4,.mp4,drowsy,directory:drowsiness,,No subject identifier or documented video-to-driver mapping in path or filename.,29.92,300,300,10.026738,720,1280,True,
d_904,data/raw/SUST Driver Drowsiness Dataset/drowsiness/d_904.mp4,.mp4,drowsy,directory:drowsiness,,No subject identifier or documented video-to-driver mapping in path or filename.,29.92,300,300,10.026738,720,1280,True,
d_905,data/raw/SUST Driver Drowsiness Dataset/drowsiness/d_905.mp4,.mp4,drowsy,directory:drowsiness,,No subject identifier or documented video-to-driver mapping in path or filename.,29.92,300,300,10.026738,720,1280,True,
d_906,data/raw/SUST Driver Drowsiness Dataset/drowsiness/d_906.mp4,.mp4,drowsy,directory:drowsiness,,No subject identifier or documented video-to-driver mapping in path or filename.,29.92,300,300,10.026738,720,1280,True,
d_907,data/raw/SUST Driver Drowsiness Dataset/drowsiness/d_907.mp4,.mp4,drowsy,directory:drowsiness,,No subject identifier or documented video-to-driver mapping in path or filename.,29.92,300,300,10.026738,720,1280,True,
d_908,data/raw/SUST Driver Drowsiness Dataset/drowsiness/d_908.mp4,.mp4,drowsy,directory:drowsiness,,No subject identifier or documented video-to-driver mapping in path or filename.,29.92,300,300,10.026738,720,1280,True,
d_909,data/raw/SUST Driver Drowsiness Dataset/drowsiness/d_909.mp4,.mp4,drowsy,directory:drowsiness,,No subject identifier or documented video-to-driver mapping in path or filename.,29.92,300,300,10.026738,720,1280,True,
d_91,data/raw/SUST Driver Drowsiness Dataset/drowsiness/d_91.mp4,.mp4,drowsy,directory:drowsiness,,No subject identifier or documented video-to-driver mapping in path or filename.,29.97,300,300,10.01001,720,1280,True,
d_910,data/raw/SUST Driver Drowsiness Dataset/drowsiness/d_910.mp4,.mp4,drowsy,directory:drowsiness,,No subject identifier or documented video-to-driver mapping in path or filename.,29.92,300,300,10.026738,720,1280,True,
d_911,data/raw/SUST Driver Drowsiness Dataset/drowsiness/d_911.mp4,.mp4,drowsy,directory:drowsiness,,No subject identifier or documented video-to-driver mapping in path or filename.,29.92,300,300,10.026738,720,1280,True,
d_912,data/raw/SUST Driver Drowsiness Dataset/drowsiness/d_912.mp4,.mp4,drowsy,directory:drowsiness,,No subject identifier or documented video-to-driver mapping in path or filename.,29.92,300,300,10.026738,720,1280,True,
d_913,data/raw/SUST Driver Drowsiness Dataset/drowsiness/d_913.mp4,.mp4,drowsy,directory:drowsiness,,No subject identifier or documented video-to-driver mapping in path or filename.,29.92,300,300,10.026738,720,1280,True,
d_914,data/raw/SUST Driver Drowsiness Dataset/drowsiness/d_914.mp4,.mp4,drowsy,directory:drowsiness,,No subject identifier or documented video-to-driver mapping in path or filename.,29.92,300,300,10.026738,720,1280,True,
d_915,data/raw/SUST Driver Drowsiness Dataset/drowsiness/d_915.mp4,.mp4,drowsy,directory:drowsiness,,No subject identifier or documented video-to-driver mapping in path or filename.,29.92,300,300,10.026738,720,1280,True,
d_916,data/raw/SUST Driver Drowsiness Dataset/drowsiness/d_916.mp4,.mp4,drowsy,directory:drowsiness,,No subject identifier or documented video-to-driver mapping in path or filename.,29.92,300,300,10.026738,720,1280,True,
d_917,data/raw/SUST Driver Drowsiness Dataset/drowsiness/d_917.mp4,.mp4,drowsy,directory:drowsiness,,No subject identifier or documented video-to-driver mapping in path or filename.,29.92,300,300,10.026738,720,1280,True,
d_918,data/raw/SUST Driver Drowsiness Dataset/drowsiness/d_918.mp4,.mp4,drowsy,directory:drowsiness,,No subject identifier or documented video-to-driver mapping in path or filename.,29.92,300,300,10.026738,720,1280,True,
d_919,data/raw/SUST Driver Drowsiness Dataset/drowsiness/d_919.mp4,.mp4,drowsy,directory:drowsiness,,No subject identifier or documented video-to-driver mapping in path or filename.,29.92,300,300,10.026738,720,1280,True,
d_92,data/raw/SUST Driver Drowsiness Dataset/drowsiness/d_92.mp4,.mp4,drowsy,directory:drowsiness,,No subject identifier or documented video-to-driver mapping in path or filename.,29.97,300,300,10.01001,720,1280,True,
d_920,data/raw/SUST Driver Drowsiness Dataset/drowsiness/d_920.mp4,.mp4,drowsy,directory:drowsiness,,No subject identifier or documented video-to-driver mapping in path or filename.,29.92,300,300,10.026738,720,1280,True,
d_921,data/raw/SUST Driver Drowsiness Dataset/drowsiness/d_921.mp4,.mp4,drowsy,directory:drowsiness,,No subject identifier or documented video-to-driver mapping in path or filename.,29.92,300,300,10.026738,720,1280,True,
d_922,data/raw/SUST Driver Drowsiness Dataset/drowsiness/d_922.mp4,.mp4,drowsy,directory:drowsiness,,No subject identifier or documented video-to-driver mapping in path or filename.,29.92,300,300,10.026738,720,1280,True,
d_923,data/raw/SUST Driver Drowsiness Dataset/drowsiness/d_923.mp4,.mp4,drowsy,directory:drowsiness,,No subject identifier or documented video-to-driver mapping in path or filename.,29.92,300,300,10.026738,720,1280,True,
d_924,data/raw/SUST Driver Drowsiness Dataset/drowsiness/d_924.mp4,.mp4,drowsy,directory:drowsiness,,No subject identifier or documented video-to-driver mapping in path or filename.,29.92,300,300,10.026738,720,1280,True,
d_925,data/raw/SUST Driver Drowsiness Dataset/drowsiness/d_925.mp4,.mp4,drowsy,directory:drowsiness,,No subject identifier or documented video-to-driver mapping in path or filename.,29.92,300,300,10.026738,720,1280,True,
d_926,data/raw/SUST Driver Drowsiness Dataset/drowsiness/d_926.mp4,.mp4,drowsy,directory:drowsiness,,No subject identifier or documented video-to-driver mapping in path or filename.,29.92,300,300,10.026738,720,1280,True,
d_927,data/raw/SUST Driver Drowsiness Dataset/drowsiness/d_927.mp4,.mp4,drowsy,directory:drowsiness,,No subject identifier or documented video-to-driver mapping in path or filename.,29.92,300,300,10.026738,720,1280,True,
d_928,data/raw/SUST Driver Drowsiness Dataset/drowsiness/d_928.mp4,.mp4,drowsy,directory:drowsiness,,No subject identifier or documented video-to-driver mapping in path or filename.,29.92,300,300,10.026738,720,1280,True,
d_929,data/raw/SUST Driver Drowsiness Dataset/drowsiness/d_929.mp4,.mp4,drowsy,directory:drowsiness,,No subject identifier or documented video-to-driver mapping in path or filename.,29.92,300,300,10.026738,720,1280,True,
d_93,data/raw/SUST Driver Drowsiness Dataset/drowsiness/d_93.mp4,.mp4,drowsy,directory:drowsiness,,No subject identifier or documented video-to-driver mapping in path or filename.,29.97,300,300,10.01001,720,1280,True,
d_930,data/raw/SUST Driver Drowsiness Dataset/drowsiness/d_930.mp4,.mp4,drowsy,directory:drowsiness,,No subject identifier or documented video-to-driver mapping in path or filename.,29.92,300,300,10.026738,720,1280,True,
d_931,data/raw/SUST Driver Drowsiness Dataset/drowsiness/d_931.mp4,.mp4,drowsy,directory:drowsiness,,No subject identifier or documented video-to-driver mapping in path or filename.,29.92,300,300,10.026738,720,1280,True,
d_932,data/raw/SUST Driver Drowsiness Dataset/drowsiness/d_932.mp4,.mp4,drowsy,directory:drowsiness,,No subject identifier or documented video-to-driver mapping in path or filename.,29.92,300,300,10.026738,720,1280,True,
d_933,data/raw/SUST Driver Drowsiness Dataset/drowsiness/d_933.mp4,.mp4,drowsy,directory:drowsiness,,No subject identifier or documented video-to-driver mapping in path or filename.,29.92,300,300,10.026738,720,1280,True,
d_934,data/raw/SUST Driver Drowsiness Dataset/drowsiness/d_934.mp4,.mp4,drowsy,directory:drowsiness,,No subject identifier or documented video-to-driver mapping in path or filename.,29.92,300,300,10.026738,720,1280,True,
d_935,data/raw/SUST Driver Drowsiness Dataset/drowsiness/d_935.mp4,.mp4,drowsy,directory:drowsiness,,No subject identifier or documented video-to-driver mapping in path or filename.,29.92,300,300,10.026738,720,1280,True,
d_936,data/raw/SUST Driver Drowsiness Dataset/drowsiness/d_936.mp4,.mp4,drowsy,directory:drowsiness,,No subject identifier or documented video-to-driver mapping in path or filename.,29.92,300,300,10.026738,720,1280,True,
d_937,data/raw/SUST Driver Drowsiness Dataset/drowsiness/d_937.mp4,.mp4,drowsy,directory:drowsiness,,No subject identifier or documented video-to-driver mapping in path or filename.,29.92,300,300,10.026738,720,1280,True,
d_938,data/raw/SUST Driver Drowsiness Dataset/drowsiness/d_938.mp4,.mp4,drowsy,directory:drowsiness,,No subject identifier or documented video-to-driver mapping in path or filename.,29.92,300,300,10.026738,720,1280,True,
d_939,data/raw/SUST Driver Drowsiness Dataset/drowsiness/d_939.mp4,.mp4,drowsy,directory:drowsiness,,No subject identifier or documented video-to-driver mapping in path or filename.,29.92,300,300,10.026738,720,1280,True,
d_94,data/raw/SUST Driver Drowsiness Dataset/drowsiness/d_94.mp4,.mp4,drowsy,directory:drowsiness,,No subject identifier or documented video-to-driver mapping in path or filename.,29.97,300,300,10.01001,720,1280,True,
d_940,data/raw/SUST Driver Drowsiness Dataset/drowsiness/d_940.mp4,.mp4,drowsy,directory:drowsiness,,No subject identifier or documented video-to-driver mapping in path or filename.,29.92,300,300,10.026738,720,1280,True,
d_941,data/raw/SUST Driver Drowsiness Dataset/drowsiness/d_941.mp4,.mp4,drowsy,directory:drowsiness,,No subject identifier or documented video-to-driver mapping in path or filename.,29.92,300,300,10.026738,720,1280,True,
d_942,data/raw/SUST Driver Drowsiness Dataset/drowsiness/d_942.mp4,.mp4,drowsy,directory:drowsiness,,No subject identifier or documented video-to-driver mapping in path or filename.,29.92,300,300,10.026738,720,1280,True,
d_943,data/raw/SUST Driver Drowsiness Dataset/drowsiness/d_943.mp4,.mp4,drowsy,directory:drowsiness,,No subject identifier or documented video-to-driver mapping in path or filename.,29.92,300,300,10.026738,720,1280,True,
d_944,data/raw/SUST Driver Drowsiness Dataset/drowsiness/d_944.mp4,.mp4,drowsy,directory:drowsiness,,No subject identifier or documented video-to-driver mapping in path or filename.,29.92,300,300,10.026738,720,1280,True,
d_945,data/raw/SUST Driver Drowsiness Dataset/drowsiness/d_945.mp4,.mp4,drowsy,directory:drowsiness,,No subject identifier or documented video-to-driver mapping in path or filename.,29.92,300,300,10.026738,720,1280,True,
d_946,data/raw/SUST Driver Drowsiness Dataset/drowsiness/d_946.mp4,.mp4,drowsy,directory:drowsiness,,No subject identifier or documented video-to-driver mapping in path or filename.,29.92,300,300,10.026738,720,1280,True,
d_947,data/raw/SUST Driver Drowsiness Dataset/drowsiness/d_947.mp4,.mp4,drowsy,directory:drowsiness,,No subject identifier or documented video-to-driver mapping in path or filename.,29.92,300,300,10.026738,720,1280,True,
d_948,data/raw/SUST Driver Drowsiness Dataset/drowsiness/d_948.mp4,.mp4,drowsy,directory:drowsiness,,No subject identifier or documented video-to-driver mapping in path or filename.,29.92,300,300,10.026738,720,1280,True,
d_949,data/raw/SUST Driver Drowsiness Dataset/drowsiness/d_949.mp4,.mp4,drowsy,directory:drowsiness,,No subject identifier or documented video-to-driver mapping in path or filename.,29.92,300,300,10.026738,720,1280,True,
d_95,data/raw/SUST Driver Drowsiness Dataset/drowsiness/d_95.mp4,.mp4,drowsy,directory:drowsiness,,No subject identifier or documented video-to-driver mapping in path or filename.,29.97,300,300,10.01001,720,1280,True,
d_950,data/raw/SUST Driver Drowsiness Dataset/drowsiness/d_950.mp4,.mp4,drowsy,directory:drowsiness,,No subject identifier or documented video-to-driver mapping in path or filename.,29.92,300,300,10.026738,720,1280,True,
d_951,data/raw/SUST Driver Drowsiness Dataset/drowsiness/d_951.mp4,.mp4,drowsy,directory:drowsiness,,No subject identifier or documented video-to-driver mapping in path or filename.,29.92,300,300,10.026738,720,1280,True,
d_952,data/raw/SUST Driver Drowsiness Dataset/drowsiness/d_952.mp4,.mp4,drowsy,directory:drowsiness,,No subject identifier or documented video-to-driver mapping in path or filename.,29.92,300,300,10.026738,720,1280,True,
d_953,data/raw/SUST Driver Drowsiness Dataset/drowsiness/d_953.mp4,.mp4,drowsy,directory:drowsiness,,No subject identifier or documented video-to-driver mapping in path or filename.,29.92,300,300,10.026738,720,1280,True,
d_954,data/raw/SUST Driver Drowsiness Dataset/drowsiness/d_954.mp4,.mp4,drowsy,directory:drowsiness,,No subject identifier or documented video-to-driver mapping in path or filename.,29.92,300,300,10.026738,720,1280,True,
d_955,data/raw/SUST Driver Drowsiness Dataset/drowsiness/d_955.mp4,.mp4,drowsy,directory:drowsiness,,No subject identifier or documented video-to-driver mapping in path or filename.,29.92,300,300,10.026738,720,1280,True,
d_956,data/raw/SUST Driver Drowsiness Dataset/drowsiness/d_956.mp4,.mp4,drowsy,directory:drowsiness,,No subject identifier or documented video-to-driver mapping in path or filename.,60.0,600,600,10.0,720,1280,True,
d_957,data/raw/SUST Driver Drowsiness Dataset/drowsiness/d_957.mp4,.mp4,drowsy,directory:drowsiness,,No subject identifier or documented video-to-driver mapping in path or filename.,60.0,600,600,10.0,720,1280,True,
d_958,data/raw/SUST Driver Drowsiness Dataset/drowsiness/d_958.mp4,.mp4,drowsy,directory:drowsiness,,No subject identifier or documented video-to-driver mapping in path or filename.,60.0,600,600,10.0,720,1280,True,
d_959,data/raw/SUST Driver Drowsiness Dataset/drowsiness/d_959.mp4,.mp4,drowsy,directory:drowsiness,,No subject identifier or documented video-to-driver mapping in path or filename.,60.0,600,600,10.0,720,1280,True,
d_96,data/raw/SUST Driver Drowsiness Dataset/drowsiness/d_96.mp4,.mp4,drowsy,directory:drowsiness,,No subject identifier or documented video-to-driver mapping in path or filename.,25.0,250,250,10.0,720,1280,True,
d_960,data/raw/SUST Driver Drowsiness Dataset/drowsiness/d_960.mp4,.mp4,drowsy,directory:drowsiness,,No subject identifier or documented video-to-driver mapping in path or filename.,60.0,600,600,10.0,720,1280,True,
d_961,data/raw/SUST Driver Drowsiness Dataset/drowsiness/d_961.mp4,.mp4,drowsy,directory:drowsiness,,No subject identifier or documented video-to-driver mapping in path or filename.,60.0,600,600,10.0,720,1280,True,
d_962,data/raw/SUST Driver Drowsiness Dataset/drowsiness/d_962.mp4,.mp4,drowsy,directory:drowsiness,,No subject identifier or documented video-to-driver mapping in path or filename.,60.0,600,600,10.0,720,1280,True,
d_963,data/raw/SUST Driver Drowsiness Dataset/drowsiness/d_963.mp4,.mp4,drowsy,directory:drowsiness,,No subject identifier or documented video-to-driver mapping in path or filename.,60.0,600,600,10.0,720,1280,True,
d_964,data/raw/SUST Driver Drowsiness Dataset/drowsiness/d_964.mp4,.mp4,drowsy,directory:drowsiness,,No subject identifier or documented video-to-driver mapping in path or filename.,60.0,600,600,10.0,720,1280,True,
d_965,data/raw/SUST Driver Drowsiness Dataset/drowsiness/d_965.mp4,.mp4,drowsy,directory:drowsiness,,No subject identifier or documented video-to-driver mapping in path or filename.,30.0,300,300,10.0,720,1280,True,
d_966,data/raw/SUST Driver Drowsiness Dataset/drowsiness/d_966.mp4,.mp4,drowsy,directory:drowsiness,,No subject identifier or documented video-to-driver mapping in path or filename.,30.0,300,300,10.0,720,1280,True,
d_967,data/raw/SUST Driver Drowsiness Dataset/drowsiness/d_967.mp4,.mp4,drowsy,directory:drowsiness,,No subject identifier or documented video-to-driver mapping in path or filename.,30.0,300,300,10.0,720,1280,True,
d_968,data/raw/SUST Driver Drowsiness Dataset/drowsiness/d_968.mp4,.mp4,drowsy,directory:drowsiness,,No subject identifier or documented video-to-driver mapping in path or filename.,30.0,300,300,10.0,720,1280,True,
d_969,data/raw/SUST Driver Drowsiness Dataset/drowsiness/d_969.mp4,.mp4,drowsy,directory:drowsiness,,No subject identifier or documented video-to-driver mapping in path or filename.,30.0,300,300,10.0,720,1280,True,
d_97,data/raw/SUST Driver Drowsiness Dataset/drowsiness/d_97.mp4,.mp4,drowsy,directory:drowsiness,,No subject identifier or documented video-to-driver mapping in path or filename.,25.0,250,250,10.0,720,1280,True,
d_970,data/raw/SUST Driver Drowsiness Dataset/drowsiness/d_970.mp4,.mp4,drowsy,directory:drowsiness,,No subject identifier or documented video-to-driver mapping in path or filename.,30.0,300,300,10.0,720,1280,True,
d_971,data/raw/SUST Driver Drowsiness Dataset/drowsiness/d_971.mp4,.mp4,drowsy,directory:drowsiness,,No subject identifier or documented video-to-driver mapping in path or filename.,30.0,300,300,10.0,720,1280,True,
d_972,data/raw/SUST Driver Drowsiness Dataset/drowsiness/d_972.mp4,.mp4,drowsy,directory:drowsiness,,No subject identifier or documented video-to-driver mapping in path or filename.,30.0,300,300,10.0,720,1280,True,
d_973,data/raw/SUST Driver Drowsiness Dataset/drowsiness/d_973.mp4,.mp4,drowsy,directory:drowsiness,,No subject identifier or documented video-to-driver mapping in path or filename.,30.0,300,300,10.0,720,1280,True,
d_974,data/raw/SUST Driver Drowsiness Dataset/drowsiness/d_974.mp4,.mp4,drowsy,directory:drowsiness,,No subject identifier or documented video-to-driver mapping in path or filename.,30.0,300,300,10.0,720,1280,True,
d_975,data/raw/SUST Driver Drowsiness Dataset/drowsiness/d_975.mp4,.mp4,drowsy,directory:drowsiness,,No subject identifier or documented video-to-driver mapping in path or filename.,30.0,300,300,10.0,720,1280,True,
d_98,data/raw/SUST Driver Drowsiness Dataset/drowsiness/d_98.mp4,.mp4,drowsy,directory:drowsiness,,No subject identifier or documented video-to-driver mapping in path or filename.,25.0,250,250,10.0,720,1280,True,
d_99,data/raw/SUST Driver Drowsiness Dataset/drowsiness/d_99.mp4,.mp4,drowsy,directory:drowsiness,,No subject identifier or documented video-to-driver mapping in path or filename.,25.0,250,250,10.0,720,1280,True,
n_1,data/raw/SUST Driver Drowsiness Dataset/not drowsiness/n_1.mp4,.mp4,not_drowsy,directory:not drowsiness,,No subject identifier or documented video-to-driver mapping in path or filename.,30.0,300,300,10.0,720,1280,True,
n_10,data/raw/SUST Driver Drowsiness Dataset/not drowsiness/n_10.mp4,.mp4,not_drowsy,directory:not drowsiness,,No subject identifier or documented video-to-driver mapping in path or filename.,30.0,300,300,10.0,720,1280,True,
n_100,data/raw/SUST Driver Drowsiness Dataset/not drowsiness/n_100.mp4,.mp4,not_drowsy,directory:not drowsiness,,No subject identifier or documented video-to-driver mapping in path or filename.,30.0,300,300,10.0,720,1280,True,
n_1000,data/raw/SUST Driver Drowsiness Dataset/not drowsiness/n_1000.mp4,.mp4,not_drowsy,directory:not drowsiness,,No subject identifier or documented video-to-driver mapping in path or filename.,29.92,300,300,10.026738,720,1280,True,
n_1001,data/raw/SUST Driver Drowsiness Dataset/not drowsiness/n_1001.mp4,.mp4,not_drowsy,directory:not drowsiness,,No subject identifier or documented video-to-driver mapping in path or filename.,29.92,300,300,10.026738,720,1280,True,
n_1002,data/raw/SUST Driver Drowsiness Dataset/not drowsiness/n_1002.mp4,.mp4,not_drowsy,directory:not drowsiness,,No subject identifier or documented video-to-driver mapping in path or filename.,29.92,300,300,10.026738,720,1280,True,
n_1003,data/raw/SUST Driver Drowsiness Dataset/not drowsiness/n_1003.mp4,.mp4,not_drowsy,directory:not drowsiness,,No subject identifier or documented video-to-driver mapping in path or filename.,60.0,600,600,10.0,720,1280,True,
n_1004,data/raw/SUST Driver Drowsiness Dataset/not drowsiness/n_1004.mp4,.mp4,not_drowsy,directory:not drowsiness,,No subject identifier or documented video-to-driver mapping in path or filename.,60.0,600,600,10.0,720,1280,True,
n_1005,data/raw/SUST Driver Drowsiness Dataset/not drowsiness/n_1005.mp4,.mp4,not_drowsy,directory:not drowsiness,,No subject identifier or documented video-to-driver mapping in path or filename.,60.0,600,600,10.0,720,1280,True,
n_1006,data/raw/SUST Driver Drowsiness Dataset/not drowsiness/n_1006.mp4,.mp4,not_drowsy,directory:not drowsiness,,No subject identifier or documented video-to-driver mapping in path or filename.,60.0,600,600,10.0,720,1280,True,
n_1007,data/raw/SUST Driver Drowsiness Dataset/not drowsiness/n_1007.mp4,.mp4,not_drowsy,directory:not drowsiness,,No subject identifier or documented video-to-driver mapping in path or filename.,60.0,600,600,10.0,720,1280,True,
n_1008,data/raw/SUST Driver Drowsiness Dataset/not drowsiness/n_1008.mp4,.mp4,not_drowsy,directory:not drowsiness,,No subject identifier or documented video-to-driver mapping in path or filename.,60.0,600,600,10.0,720,1280,True,
n_1009,data/raw/SUST Driver Drowsiness Dataset/not drowsiness/n_1009.mp4,.mp4,not_drowsy,directory:not drowsiness,,No subject identifier or documented video-to-driver mapping in path or filename.,60.0,600,600,10.0,720,1280,True,
n_101,data/raw/SUST Driver Drowsiness Dataset/not drowsiness/n_101.mp4,.mp4,not_drowsy,directory:not drowsiness,,No subject identifier or documented video-to-driver mapping in path or filename.,30.0,300,300,10.0,720,1280,True,
n_1010,data/raw/SUST Driver Drowsiness Dataset/not drowsiness/n_1010.mp4,.mp4,not_drowsy,directory:not drowsiness,,No subject identifier or documented video-to-driver mapping in path or filename.,60.0,600,600,10.0,720,1280,True,
n_1011,data/raw/SUST Driver Drowsiness Dataset/not drowsiness/n_1011.mp4,.mp4,not_drowsy,directory:not drowsiness,,No subject identifier or documented video-to-driver mapping in path or filename.,60.0,600,600,10.0,720,1280,True,
n_1012,data/raw/SUST Driver Drowsiness Dataset/not drowsiness/n_1012.mp4,.mp4,not_drowsy,directory:not drowsiness,,No subject identifier or documented video-to-driver mapping in path or filename.,60.0,600,600,10.0,720,1280,True,
n_1013,data/raw/SUST Driver Drowsiness Dataset/not drowsiness/n_1013.mp4,.mp4,not_drowsy,directory:not drowsiness,,No subject identifier or documented video-to-driver mapping in path or filename.,60.0,600,600,10.0,720,1280,True,
n_1014,data/raw/SUST Driver Drowsiness Dataset/not drowsiness/n_1014.mp4,.mp4,not_drowsy,directory:not drowsiness,,No subject identifier or documented video-to-driver mapping in path or filename.,60.0,600,600,10.0,720,1280,True,
n_1015,data/raw/SUST Driver Drowsiness Dataset/not drowsiness/n_1015.mp4,.mp4,not_drowsy,directory:not drowsiness,,No subject identifier or documented video-to-driver mapping in path or filename.,60.0,600,600,10.0,720,1280,True,
n_1016,data/raw/SUST Driver Drowsiness Dataset/not drowsiness/n_1016.mp4,.mp4,not_drowsy,directory:not drowsiness,,No subject identifier or documented video-to-driver mapping in path or filename.,60.0,600,600,10.0,720,1280,True,
n_1017,data/raw/SUST Driver Drowsiness Dataset/not drowsiness/n_1017.mp4,.mp4,not_drowsy,directory:not drowsiness,,No subject identifier or documented video-to-driver mapping in path or filename.,60.0,600,600,10.0,720,1280,True,
n_1018,data/raw/SUST Driver Drowsiness Dataset/not drowsiness/n_1018.mp4,.mp4,not_drowsy,directory:not drowsiness,,No subject identifier or documented video-to-driver mapping in path or filename.,60.0,600,600,10.0,720,1280,True,
n_1019,data/raw/SUST Driver Drowsiness Dataset/not drowsiness/n_1019.mp4,.mp4,not_drowsy,directory:not drowsiness,,No subject identifier or documented video-to-driver mapping in path or filename.,60.0,600,600,10.0,720,1280,True,
n_102,data/raw/SUST Driver Drowsiness Dataset/not drowsiness/n_102.mp4,.mp4,not_drowsy,directory:not drowsiness,,No subject identifier or documented video-to-driver mapping in path or filename.,30.0,300,300,10.0,720,1280,True,
n_1020,data/raw/SUST Driver Drowsiness Dataset/not drowsiness/n_1020.mp4,.mp4,not_drowsy,directory:not drowsiness,,No subject identifier or documented video-to-driver mapping in path or filename.,60.0,600,600,10.0,720,1280,True,
n_1021,data/raw/SUST Driver Drowsiness Dataset/not drowsiness/n_1021.mp4,.mp4,not_drowsy,directory:not drowsiness,,No subject identifier or documented video-to-driver mapping in path or filename.,60.0,600,600,10.0,720,1280,True,
n_1022,data/raw/SUST Driver Drowsiness Dataset/not drowsiness/n_1022.mp4,.mp4,not_drowsy,directory:not drowsiness,,No subject identifier or documented video-to-driver mapping in path or filename.,60.0,600,600,10.0,720,1280,True,
n_1023,data/raw/SUST Driver Drowsiness Dataset/not drowsiness/n_1023.mp4,.mp4,not_drowsy,directory:not drowsiness,,No subject identifier or documented video-to-driver mapping in path or filename.,60.0,600,600,10.0,720,1280,True,
n_1024,data/raw/SUST Driver Drowsiness Dataset/not drowsiness/n_1024.mp4,.mp4,not_drowsy,directory:not drowsiness,,No subject identifier or documented video-to-driver mapping in path or filename.,60.0,600,600,10.0,720,1280,True,
n_1025,data/raw/SUST Driver Drowsiness Dataset/not drowsiness/n_1025.mp4,.mp4,not_drowsy,directory:not drowsiness,,No subject identifier or documented video-to-driver mapping in path or filename.,60.0,600,600,10.0,720,1280,True,
n_1026,data/raw/SUST Driver Drowsiness Dataset/not drowsiness/n_1026.mp4,.mp4,not_drowsy,directory:not drowsiness,,No subject identifier or documented video-to-driver mapping in path or filename.,60.0,600,600,10.0,720,1280,True,
n_1027,data/raw/SUST Driver Drowsiness Dataset/not drowsiness/n_1027.mp4,.mp4,not_drowsy,directory:not drowsiness,,No subject identifier or documented video-to-driver mapping in path or filename.,60.0,600,600,10.0,720,1280,True,
n_1028,data/raw/SUST Driver Drowsiness Dataset/not drowsiness/n_1028.mp4,.mp4,not_drowsy,directory:not drowsiness,,No subject identifier or documented video-to-driver mapping in path or filename.,60.0,600,600,10.0,720,1280,True,
n_1029,data/raw/SUST Driver Drowsiness Dataset/not drowsiness/n_1029.mp4,.mp4,not_drowsy,directory:not drowsiness,,No subject identifier or documented video-to-driver mapping in path or filename.,60.0,600,600,10.0,720,1280,True,
n_103,data/raw/SUST Driver Drowsiness Dataset/not drowsiness/n_103.mp4,.mp4,not_drowsy,directory:not drowsiness,,No subject identifier or documented video-to-driver mapping in path or filename.,30.0,300,300,10.0,720,1280,True,
n_1030,data/raw/SUST Driver Drowsiness Dataset/not drowsiness/n_1030.mp4,.mp4,not_drowsy,directory:not drowsiness,,No subject identifier or documented video-to-driver mapping in path or filename.,60.0,600,600,10.0,720,1280,True,
n_1031,data/raw/SUST Driver Drowsiness Dataset/not drowsiness/n_1031.mp4,.mp4,not_drowsy,directory:not drowsiness,,No subject identifier or documented video-to-driver mapping in path or filename.,60.0,600,600,10.0,720,1280,True,
n_1032,data/raw/SUST Driver Drowsiness Dataset/not drowsiness/n_1032.mp4,.mp4,not_drowsy,directory:not drowsiness,,No subject identifier or documented video-to-driver mapping in path or filename.,60.0,600,600,10.0,720,1280,True,
n_1033,data/raw/SUST Driver Drowsiness Dataset/not drowsiness/n_1033.mp4,.mp4,not_drowsy,directory:not drowsiness,,No subject identifier or documented video-to-driver mapping in path or filename.,60.0,600,600,10.0,720,1280,True,
n_1034,data/raw/SUST Driver Drowsiness Dataset/not drowsiness/n_1034.mp4,.mp4,not_drowsy,directory:not drowsiness,,No subject identifier or documented video-to-driver mapping in path or filename.,60.0,600,600,10.0,720,1280,True,
n_1035,data/raw/SUST Driver Drowsiness Dataset/not drowsiness/n_1035.mp4,.mp4,not_drowsy,directory:not drowsiness,,No subject identifier or documented video-to-driver mapping in path or filename.,60.0,600,600,10.0,720,1280,True,
n_1036,data/raw/SUST Driver Drowsiness Dataset/not drowsiness/n_1036.mp4,.mp4,not_drowsy,directory:not drowsiness,,No subject identifier or documented video-to-driver mapping in path or filename.,60.0,600,600,10.0,720,1280,True,
n_1037,data/raw/SUST Driver Drowsiness Dataset/not drowsiness/n_1037.mp4,.mp4,not_drowsy,directory:not drowsiness,,No subject identifier or documented video-to-driver mapping in path or filename.,60.0,600,600,10.0,720,1280,True,
n_1038,data/raw/SUST Driver Drowsiness Dataset/not drowsiness/n_1038.mp4,.mp4,not_drowsy,directory:not drowsiness,,No subject identifier or documented video-to-driver mapping in path or filename.,60.0,600,600,10.0,720,1280,True,
n_1039,data/raw/SUST Driver Drowsiness Dataset/not drowsiness/n_1039.mp4,.mp4,not_drowsy,directory:not drowsiness,,No subject identifier or documented video-to-driver mapping in path or filename.,60.0,600,600,10.0,720,1280,True,
n_104,data/raw/SUST Driver Drowsiness Dataset/not drowsiness/n_104.mp4,.mp4,not_drowsy,directory:not drowsiness,,No subject identifier or documented video-to-driver mapping in path or filename.,30.0,300,300,10.0,720,1280,True,
n_1040,data/raw/SUST Driver Drowsiness Dataset/not drowsiness/n_1040.mp4,.mp4,not_drowsy,directory:not drowsiness,,No subject identifier or documented video-to-driver mapping in path or filename.,60.0,600,600,10.0,720,1280,True,
n_1041,data/raw/SUST Driver Drowsiness Dataset/not drowsiness/n_1041.mp4,.mp4,not_drowsy,directory:not drowsiness,,No subject identifier or documented video-to-driver mapping in path or filename.,60.0,600,600,10.0,720,1280,True,
n_1042,data/raw/SUST Driver Drowsiness Dataset/not drowsiness/n_1042.mp4,.mp4,not_drowsy,directory:not drowsiness,,No subject identifier or documented video-to-driver mapping in path or filename.,60.0,600,600,10.0,720,1280,True,
n_1043,data/raw/SUST Driver Drowsiness Dataset/not drowsiness/n_1043.mp4,.mp4,not_drowsy,directory:not drowsiness,,No subject identifier or documented video-to-driver mapping in path or filename.,60.0,600,600,10.0,720,1280,True,
n_1044,data/raw/SUST Driver Drowsiness Dataset/not drowsiness/n_1044.mp4,.mp4,not_drowsy,directory:not drowsiness,,No subject identifier or documented video-to-driver mapping in path or filename.,60.0,600,600,10.0,720,1280,True,
n_1045,data/raw/SUST Driver Drowsiness Dataset/not drowsiness/n_1045.mp4,.mp4,not_drowsy,directory:not drowsiness,,No subject identifier or documented video-to-driver mapping in path or filename.,60.0,600,600,10.0,720,1280,True,
n_1046,data/raw/SUST Driver Drowsiness Dataset/not drowsiness/n_1046.mp4,.mp4,not_drowsy,directory:not drowsiness,,No subject identifier or documented video-to-driver mapping in path or filename.,60.0,600,600,10.0,720,1280,True,
n_1047,data/raw/SUST Driver Drowsiness Dataset/not drowsiness/n_1047.mp4,.mp4,not_drowsy,directory:not drowsiness,,No subject identifier or documented video-to-driver mapping in path or filename.,60.0,600,600,10.0,720,1280,True,
n_1048,data/raw/SUST Driver Drowsiness Dataset/not drowsiness/n_1048.mp4,.mp4,not_drowsy,directory:not drowsiness,,No subject identifier or documented video-to-driver mapping in path or filename.,60.0,600,600,10.0,720,1280,True,
n_1049,data/raw/SUST Driver Drowsiness Dataset/not drowsiness/n_1049.mp4,.mp4,not_drowsy,directory:not drowsiness,,No subject identifier or documented video-to-driver mapping in path or filename.,60.0,600,600,10.0,720,1280,True,
n_105,data/raw/SUST Driver Drowsiness Dataset/not drowsiness/n_105.mp4,.mp4,not_drowsy,directory:not drowsiness,,No subject identifier or documented video-to-driver mapping in path or filename.,30.0,300,300,10.0,720,1280,True,
n_1050,data/raw/SUST Driver Drowsiness Dataset/not drowsiness/n_1050.mp4,.mp4,not_drowsy,directory:not drowsiness,,No subject identifier or documented video-to-driver mapping in path or filename.,60.0,600,600,10.0,720,1280,True,
n_1051,data/raw/SUST Driver Drowsiness Dataset/not drowsiness/n_1051.mp4,.mp4,not_drowsy,directory:not drowsiness,,No subject identifier or documented video-to-driver mapping in path or filename.,60.0,600,600,10.0,720,1280,True,
n_1052,data/raw/SUST Driver Drowsiness Dataset/not drowsiness/n_1052.mp4,.mp4,not_drowsy,directory:not drowsiness,,No subject identifier or documented video-to-driver mapping in path or filename.,60.0,600,600,10.0,720,1280,True,
n_1053,data/raw/SUST Driver Drowsiness Dataset/not drowsiness/n_1053.mp4,.mp4,not_drowsy,directory:not drowsiness,,No subject identifier or documented video-to-driver mapping in path or filename.,60.0,600,600,10.0,720,1280,True,
n_1054,data/raw/SUST Driver Drowsiness Dataset/not drowsiness/n_1054.mp4,.mp4,not_drowsy,directory:not drowsiness,,No subject identifier or documented video-to-driver mapping in path or filename.,30.0,300,300,10.0,720,1280,True,
n_1055,data/raw/SUST Driver Drowsiness Dataset/not drowsiness/n_1055.mp4,.mp4,not_drowsy,directory:not drowsiness,,No subject identifier or documented video-to-driver mapping in path or filename.,30.0,300,300,10.0,720,1280,True,
n_1056,data/raw/SUST Driver Drowsiness Dataset/not drowsiness/n_1056.mp4,.mp4,not_drowsy,directory:not drowsiness,,No subject identifier or documented video-to-driver mapping in path or filename.,30.0,300,300,10.0,720,1280,True,
n_1057,data/raw/SUST Driver Drowsiness Dataset/not drowsiness/n_1057.mp4,.mp4,not_drowsy,directory:not drowsiness,,No subject identifier or documented video-to-driver mapping in path or filename.,30.0,300,300,10.0,720,1280,True,
n_1058,data/raw/SUST Driver Drowsiness Dataset/not drowsiness/n_1058.mp4,.mp4,not_drowsy,directory:not drowsiness,,No subject identifier or documented video-to-driver mapping in path or filename.,30.0,300,300,10.0,720,1280,True,
n_1059,data/raw/SUST Driver Drowsiness Dataset/not drowsiness/n_1059.mp4,.mp4,not_drowsy,directory:not drowsiness,,No subject identifier or documented video-to-driver mapping in path or filename.,30.0,300,300,10.0,720,1280,True,
n_106,data/raw/SUST Driver Drowsiness Dataset/not drowsiness/n_106.mp4,.mp4,not_drowsy,directory:not drowsiness,,No subject identifier or documented video-to-driver mapping in path or filename.,30.0,300,300,10.0,720,1280,True,
n_1060,data/raw/SUST Driver Drowsiness Dataset/not drowsiness/n_1060.mp4,.mp4,not_drowsy,directory:not drowsiness,,No subject identifier or documented video-to-driver mapping in path or filename.,30.0,300,300,10.0,720,1280,True,
n_1061,data/raw/SUST Driver Drowsiness Dataset/not drowsiness/n_1061.mp4,.mp4,not_drowsy,directory:not drowsiness,,No subject identifier or documented video-to-driver mapping in path or filename.,30.0,300,300,10.0,720,1280,True,
n_1062,data/raw/SUST Driver Drowsiness Dataset/not drowsiness/n_1062.mp4,.mp4,not_drowsy,directory:not drowsiness,,No subject identifier or documented video-to-driver mapping in path or filename.,30.0,300,300,10.0,720,1280,True,
n_1063,data/raw/SUST Driver Drowsiness Dataset/not drowsiness/n_1063.mp4,.mp4,not_drowsy,directory:not drowsiness,,No subject identifier or documented video-to-driver mapping in path or filename.,30.0,300,300,10.0,720,1280,True,
n_1064,data/raw/SUST Driver Drowsiness Dataset/not drowsiness/n_1064.mp4,.mp4,not_drowsy,directory:not drowsiness,,No subject identifier or documented video-to-driver mapping in path or filename.,30.0,300,300,10.0,720,1280,True,
n_1065,data/raw/SUST Driver Drowsiness Dataset/not drowsiness/n_1065.mp4,.mp4,not_drowsy,directory:not drowsiness,,No subject identifier or documented video-to-driver mapping in path or filename.,30.0,300,300,10.0,720,1280,True,
n_1066,data/raw/SUST Driver Drowsiness Dataset/not drowsiness/n_1066.mp4,.mp4,not_drowsy,directory:not drowsiness,,No subject identifier or documented video-to-driver mapping in path or filename.,30.0,300,300,10.0,720,1280,True,
n_1067,data/raw/SUST Driver Drowsiness Dataset/not drowsiness/n_1067.mp4,.mp4,not_drowsy,directory:not drowsiness,,No subject identifier or documented video-to-driver mapping in path or filename.,30.0,300,300,10.0,720,1280,True,
n_1068,data/raw/SUST Driver Drowsiness Dataset/not drowsiness/n_1068.mp4,.mp4,not_drowsy,directory:not drowsiness,,No subject identifier or documented video-to-driver mapping in path or filename.,30.0,300,300,10.0,720,1280,True,
n_1069,data/raw/SUST Driver Drowsiness Dataset/not drowsiness/n_1069.mp4,.mp4,not_drowsy,directory:not drowsiness,,No subject identifier or documented video-to-driver mapping in path or filename.,30.0,300,300,10.0,720,1280,True,
n_107,data/raw/SUST Driver Drowsiness Dataset/not drowsiness/n_107.mp4,.mp4,not_drowsy,directory:not drowsiness,,No subject identifier or documented video-to-driver mapping in path or filename.,30.0,300,300,10.0,720,1280,True,
n_1070,data/raw/SUST Driver Drowsiness Dataset/not drowsiness/n_1070.mp4,.mp4,not_drowsy,directory:not drowsiness,,No subject identifier or documented video-to-driver mapping in path or filename.,30.0,300,300,10.0,720,1280,True,
n_1071,data/raw/SUST Driver Drowsiness Dataset/not drowsiness/n_1071.mp4,.mp4,not_drowsy,directory:not drowsiness,,No subject identifier or documented video-to-driver mapping in path or filename.,30.0,300,300,10.0,720,1280,True,
n_1072,data/raw/SUST Driver Drowsiness Dataset/not drowsiness/n_1072.mp4,.mp4,not_drowsy,directory:not drowsiness,,No subject identifier or documented video-to-driver mapping in path or filename.,30.0,300,300,10.0,720,1280,True,
n_1073,data/raw/SUST Driver Drowsiness Dataset/not drowsiness/n_1073.mp4,.mp4,not_drowsy,directory:not drowsiness,,No subject identifier or documented video-to-driver mapping in path or filename.,30.0,300,300,10.0,720,1280,True,
n_1074,data/raw/SUST Driver Drowsiness Dataset/not drowsiness/n_1074.mp4,.mp4,not_drowsy,directory:not drowsiness,,No subject identifier or documented video-to-driver mapping in path or filename.,30.0,300,300,10.0,720,1280,True,
n_1075,data/raw/SUST Driver Drowsiness Dataset/not drowsiness/n_1075.mp4,.mp4,not_drowsy,directory:not drowsiness,,No subject identifier or documented video-to-driver mapping in path or filename.,30.0,300,300,10.0,720,1280,True,
n_1076,data/raw/SUST Driver Drowsiness Dataset/not drowsiness/n_1076.mp4,.mp4,not_drowsy,directory:not drowsiness,,No subject identifier or documented video-to-driver mapping in path or filename.,30.0,300,300,10.0,720,1280,True,
n_1077,data/raw/SUST Driver Drowsiness Dataset/not drowsiness/n_1077.mp4,.mp4,not_drowsy,directory:not drowsiness,,No subject identifier or documented video-to-driver mapping in path or filename.,30.0,300,300,10.0,720,1280,True,
n_1078,data/raw/SUST Driver Drowsiness Dataset/not drowsiness/n_1078.mp4,.mp4,not_drowsy,directory:not drowsiness,,No subject identifier or documented video-to-driver mapping in path or filename.,30.0,300,300,10.0,720,1280,True,
n_1079,data/raw/SUST Driver Drowsiness Dataset/not drowsiness/n_1079.mp4,.mp4,not_drowsy,directory:not drowsiness,,No subject identifier or documented video-to-driver mapping in path or filename.,30.0,300,300,10.0,720,1280,True,
n_108,data/raw/SUST Driver Drowsiness Dataset/not drowsiness/n_108.mp4,.mp4,not_drowsy,directory:not drowsiness,,No subject identifier or documented video-to-driver mapping in path or filename.,30.0,300,300,10.0,720,1280,True,
n_1080,data/raw/SUST Driver Drowsiness Dataset/not drowsiness/n_1080.mp4,.mp4,not_drowsy,directory:not drowsiness,,No subject identifier or documented video-to-driver mapping in path or filename.,30.0,300,300,10.0,720,1280,True,
n_1081,data/raw/SUST Driver Drowsiness Dataset/not drowsiness/n_1081.mp4,.mp4,not_drowsy,directory:not drowsiness,,No subject identifier or documented video-to-driver mapping in path or filename.,30.0,300,300,10.0,720,1280,True,
n_1082,data/raw/SUST Driver Drowsiness Dataset/not drowsiness/n_1082.mp4,.mp4,not_drowsy,directory:not drowsiness,,No subject identifier or documented video-to-driver mapping in path or filename.,30.0,300,300,10.0,720,1280,True,
n_1083,data/raw/SUST Driver Drowsiness Dataset/not drowsiness/n_1083.mp4,.mp4,not_drowsy,directory:not drowsiness,,No subject identifier or documented video-to-driver mapping in path or filename.,30.0,300,300,10.0,720,1280,True,
n_1084,data/raw/SUST Driver Drowsiness Dataset/not drowsiness/n_1084.mp4,.mp4,not_drowsy,directory:not drowsiness,,No subject identifier or documented video-to-driver mapping in path or filename.,30.0,300,300,10.0,720,1280,True,
n_1085,data/raw/SUST Driver Drowsiness Dataset/not drowsiness/n_1085.mp4,.mp4,not_drowsy,directory:not drowsiness,,No subject identifier or documented video-to-driver mapping in path or filename.,30.0,300,300,10.0,720,1280,True,
n_1086,data/raw/SUST Driver Drowsiness Dataset/not drowsiness/n_1086.mp4,.mp4,not_drowsy,directory:not drowsiness,,No subject identifier or documented video-to-driver mapping in path or filename.,30.0,300,300,10.0,720,1280,True,
n_1087,data/raw/SUST Driver Drowsiness Dataset/not drowsiness/n_1087.mp4,.mp4,not_drowsy,directory:not drowsiness,,No subject identifier or documented video-to-driver mapping in path or filename.,30.0,300,300,10.0,720,1280,True,
n_1088,data/raw/SUST Driver Drowsiness Dataset/not drowsiness/n_1088.mp4,.mp4,not_drowsy,directory:not drowsiness,,No subject identifier or documented video-to-driver mapping in path or filename.,30.0,300,300,10.0,720,1280,True,
n_1089,data/raw/SUST Driver Drowsiness Dataset/not drowsiness/n_1089.mp4,.mp4,not_drowsy,directory:not drowsiness,,No subject identifier or documented video-to-driver mapping in path or filename.,30.0,300,300,10.0,720,1280,True,
n_109,data/raw/SUST Driver Drowsiness Dataset/not drowsiness/n_109.mp4,.mp4,not_drowsy,directory:not drowsiness,,No subject identifier or documented video-to-driver mapping in path or filename.,30.0,300,300,10.0,720,1280,True,
n_1090,data/raw/SUST Driver Drowsiness Dataset/not drowsiness/n_1090.mp4,.mp4,not_drowsy,directory:not drowsiness,,No subject identifier or documented video-to-driver mapping in path or filename.,30.0,300,300,10.0,720,1280,True,
n_1091,data/raw/SUST Driver Drowsiness Dataset/not drowsiness/n_1091.mp4,.mp4,not_drowsy,directory:not drowsiness,,No subject identifier or documented video-to-driver mapping in path or filename.,30.0,300,300,10.0,720,1280,True,
n_1092,data/raw/SUST Driver Drowsiness Dataset/not drowsiness/n_1092.mp4,.mp4,not_drowsy,directory:not drowsiness,,No subject identifier or documented video-to-driver mapping in path or filename.,30.0,300,300,10.0,720,1280,True,
n_1093,data/raw/SUST Driver Drowsiness Dataset/not drowsiness/n_1093.mp4,.mp4,not_drowsy,directory:not drowsiness,,No subject identifier or documented video-to-driver mapping in path or filename.,30.0,300,300,10.0,720,1280,True,
n_1094,data/raw/SUST Driver Drowsiness Dataset/not drowsiness/n_1094.mp4,.mp4,not_drowsy,directory:not drowsiness,,No subject identifier or documented video-to-driver mapping in path or filename.,30.0,300,300,10.0,720,1280,True,
n_1095,data/raw/SUST Driver Drowsiness Dataset/not drowsiness/n_1095.mp4,.mp4,not_drowsy,directory:not drowsiness,,No subject identifier or documented video-to-driver mapping in path or filename.,30.0,300,300,10.0,720,1280,True,
n_1096,data/raw/SUST Driver Drowsiness Dataset/not drowsiness/n_1096.mp4,.mp4,not_drowsy,directory:not drowsiness,,No subject identifier or documented video-to-driver mapping in path or filename.,30.0,300,300,10.0,720,1280,True,
n_1097,data/raw/SUST Driver Drowsiness Dataset/not drowsiness/n_1097.mp4,.mp4,not_drowsy,directory:not drowsiness,,No subject identifier or documented video-to-driver mapping in path or filename.,30.0,300,300,10.0,720,1280,True,
n_1098,data/raw/SUST Driver Drowsiness Dataset/not drowsiness/n_1098.mp4,.mp4,not_drowsy,directory:not drowsiness,,No subject identifier or documented video-to-driver mapping in path or filename.,30.0,300,300,10.0,720,1280,True,
n_1099,data/raw/SUST Driver Drowsiness Dataset/not drowsiness/n_1099.mp4,.mp4,not_drowsy,directory:not drowsiness,,No subject identifier or documented video-to-driver mapping in path or filename.,30.0,300,300,10.0,720,1280,True,
n_11,data/raw/SUST Driver Drowsiness Dataset/not drowsiness/n_11.mp4,.mp4,not_drowsy,directory:not drowsiness,,No subject identifier or documented video-to-driver mapping in path or filename.,30.0,300,300,10.0,720,1280,True,
n_110,data/raw/SUST Driver Drowsiness Dataset/not drowsiness/n_110.mp4,.mp4,not_drowsy,directory:not drowsiness,,No subject identifier or documented video-to-driver mapping in path or filename.,30.0,300,300,10.0,720,1280,True,
n_111,data/raw/SUST Driver Drowsiness Dataset/not drowsiness/n_111.mp4,.mp4,not_drowsy,directory:not drowsiness,,No subject identifier or documented video-to-driver mapping in path or filename.,30.0,300,300,10.0,720,1280,True,
n_112,data/raw/SUST Driver Drowsiness Dataset/not drowsiness/n_112.mp4,.mp4,not_drowsy,directory:not drowsiness,,No subject identifier or documented video-to-driver mapping in path or filename.,30.0,300,300,10.0,720,1280,True,
n_113,data/raw/SUST Driver Drowsiness Dataset/not drowsiness/n_113.mp4,.mp4,not_drowsy,directory:not drowsiness,,No subject identifier or documented video-to-driver mapping in path or filename.,30.0,300,300,10.0,720,1280,True,
n_114,data/raw/SUST Driver Drowsiness Dataset/not drowsiness/n_114.mp4,.mp4,not_drowsy,directory:not drowsiness,,No subject identifier or documented video-to-driver mapping in path or filename.,30.0,300,300,10.0,720,1280,True,
n_115,data/raw/SUST Driver Drowsiness Dataset/not drowsiness/n_115.mp4,.mp4,not_drowsy,directory:not drowsiness,,No subject identifier or documented video-to-driver mapping in path or filename.,30.0,300,300,10.0,720,1280,True,
n_116,data/raw/SUST Driver Drowsiness Dataset/not drowsiness/n_116.mp4,.mp4,not_drowsy,directory:not drowsiness,,No subject identifier or documented video-to-driver mapping in path or filename.,30.0,300,300,10.0,720,1280,True,
n_117,data/raw/SUST Driver Drowsiness Dataset/not drowsiness/n_117.mp4,.mp4,not_drowsy,directory:not drowsiness,,No subject identifier or documented video-to-driver mapping in path or filename.,30.0,300,300,10.0,720,1280,True,
n_118,data/raw/SUST Driver Drowsiness Dataset/not drowsiness/n_118.mp4,.mp4,not_drowsy,directory:not drowsiness,,No subject identifier or documented video-to-driver mapping in path or filename.,30.0,300,300,10.0,720,1280,True,
n_119,data/raw/SUST Driver Drowsiness Dataset/not drowsiness/n_119.mp4,.mp4,not_drowsy,directory:not drowsiness,,No subject identifier or documented video-to-driver mapping in path or filename.,30.0,300,300,10.0,720,1280,True,
n_12,data/raw/SUST Driver Drowsiness Dataset/not drowsiness/n_12.mp4,.mp4,not_drowsy,directory:not drowsiness,,No subject identifier or documented video-to-driver mapping in path or filename.,30.0,300,300,10.0,720,1280,True,
n_120,data/raw/SUST Driver Drowsiness Dataset/not drowsiness/n_120.mp4,.mp4,not_drowsy,directory:not drowsiness,,No subject identifier or documented video-to-driver mapping in path or filename.,30.0,300,300,10.0,720,1280,True,
n_121,data/raw/SUST Driver Drowsiness Dataset/not drowsiness/n_121.mp4,.mp4,not_drowsy,directory:not drowsiness,,No subject identifier or documented video-to-driver mapping in path or filename.,30.0,300,300,10.0,720,1280,True,
n_122,data/raw/SUST Driver Drowsiness Dataset/not drowsiness/n_122.mp4,.mp4,not_drowsy,directory:not drowsiness,,No subject identifier or documented video-to-driver mapping in path or filename.,30.0,300,300,10.0,720,1280,True,
n_123,data/raw/SUST Driver Drowsiness Dataset/not drowsiness/n_123.mp4,.mp4,not_drowsy,directory:not drowsiness,,No subject identifier or documented video-to-driver mapping in path or filename.,30.0,300,300,10.0,720,1280,True,
n_124,data/raw/SUST Driver Drowsiness Dataset/not drowsiness/n_124.mp4,.mp4,not_drowsy,directory:not drowsiness,,No subject identifier or documented video-to-driver mapping in path or filename.,30.0,300,300,10.0,720,1280,True,
n_125,data/raw/SUST Driver Drowsiness Dataset/not drowsiness/n_125.mp4,.mp4,not_drowsy,directory:not drowsiness,,No subject identifier or documented video-to-driver mapping in path or filename.,30.0,300,300,10.0,720,1280,True,
n_126,data/raw/SUST Driver Drowsiness Dataset/not drowsiness/n_126.mp4,.mp4,not_drowsy,directory:not drowsiness,,No subject identifier or documented video-to-driver mapping in path or filename.,30.0,300,300,10.0,720,1280,True,
n_127,data/raw/SUST Driver Drowsiness Dataset/not drowsiness/n_127.mp4,.mp4,not_drowsy,directory:not drowsiness,,No subject identifier or documented video-to-driver mapping in path or filename.,30.0,300,300,10.0,720,1280,True,
n_128,data/raw/SUST Driver Drowsiness Dataset/not drowsiness/n_128.mp4,.mp4,not_drowsy,directory:not drowsiness,,No subject identifier or documented video-to-driver mapping in path or filename.,30.0,300,300,10.0,720,1280,True,
n_129,data/raw/SUST Driver Drowsiness Dataset/not drowsiness/n_129.mp4,.mp4,not_drowsy,directory:not drowsiness,,No subject identifier or documented video-to-driver mapping in path or filename.,30.0,300,300,10.0,720,1280,True,
n_13,data/raw/SUST Driver Drowsiness Dataset/not drowsiness/n_13.mp4,.mp4,not_drowsy,directory:not drowsiness,,No subject identifier or documented video-to-driver mapping in path or filename.,30.0,300,300,10.0,720,1280,True,
n_130,data/raw/SUST Driver Drowsiness Dataset/not drowsiness/n_130.mp4,.mp4,not_drowsy,directory:not drowsiness,,No subject identifier or documented video-to-driver mapping in path or filename.,30.0,300,300,10.0,720,1280,True,
n_131,data/raw/SUST Driver Drowsiness Dataset/not drowsiness/n_131.mp4,.mp4,not_drowsy,directory:not drowsiness,,No subject identifier or documented video-to-driver mapping in path or filename.,30.0,300,300,10.0,720,1280,True,
n_132,data/raw/SUST Driver Drowsiness Dataset/not drowsiness/n_132.mp4,.mp4,not_drowsy,directory:not drowsiness,,No subject identifier or documented video-to-driver mapping in path or filename.,30.0,300,300,10.0,720,1280,True,
n_133,data/raw/SUST Driver Drowsiness Dataset/not drowsiness/n_133.mp4,.mp4,not_drowsy,directory:not drowsiness,,No subject identifier or documented video-to-driver mapping in path or filename.,30.0,300,300,10.0,720,1280,True,
n_134,data/raw/SUST Driver Drowsiness Dataset/not drowsiness/n_134.mp4,.mp4,not_drowsy,directory:not drowsiness,,No subject identifier or documented video-to-driver mapping in path or filename.,30.0,300,300,10.0,720,1280,True,
n_135,data/raw/SUST Driver Drowsiness Dataset/not drowsiness/n_135.mp4,.mp4,not_drowsy,directory:not drowsiness,,No subject identifier or documented video-to-driver mapping in path or filename.,30.0,300,300,10.0,720,1280,True,
n_136,data/raw/SUST Driver Drowsiness Dataset/not drowsiness/n_136.mp4,.mp4,not_drowsy,directory:not drowsiness,,No subject identifier or documented video-to-driver mapping in path or filename.,29.97,300,300,10.01001,720,1280,True,
n_137,data/raw/SUST Driver Drowsiness Dataset/not drowsiness/n_137.mp4,.mp4,not_drowsy,directory:not drowsiness,,No subject identifier or documented video-to-driver mapping in path or filename.,29.97,300,300,10.01001,720,1280,True,
n_138,data/raw/SUST Driver Drowsiness Dataset/not drowsiness/n_138.mp4,.mp4,not_drowsy,directory:not drowsiness,,No subject identifier or documented video-to-driver mapping in path or filename.,29.97,300,300,10.01001,720,1280,True,
n_139,data/raw/SUST Driver Drowsiness Dataset/not drowsiness/n_139.mp4,.mp4,not_drowsy,directory:not drowsiness,,No subject identifier or documented video-to-driver mapping in path or filename.,29.97,300,300,10.01001,720,1280,True,
n_14,data/raw/SUST Driver Drowsiness Dataset/not drowsiness/n_14.mp4,.mp4,not_drowsy,directory:not drowsiness,,No subject identifier or documented video-to-driver mapping in path or filename.,30.0,300,300,10.0,720,1280,True,
n_140,data/raw/SUST Driver Drowsiness Dataset/not drowsiness/n_140.mp4,.mp4,not_drowsy,directory:not drowsiness,,No subject identifier or documented video-to-driver mapping in path or filename.,29.97,300,300,10.01001,720,1280,True,
n_141,data/raw/SUST Driver Drowsiness Dataset/not drowsiness/n_141.mp4,.mp4,not_drowsy,directory:not drowsiness,,No subject identifier or documented video-to-driver mapping in path or filename.,29.97,300,300,10.01001,720,1280,True,
n_142,data/raw/SUST Driver Drowsiness Dataset/not drowsiness/n_142.mp4,.mp4,not_drowsy,directory:not drowsiness,,No subject identifier or documented video-to-driver mapping in path or filename.,29.97,300,300,10.01001,720,1280,True,
n_143,data/raw/SUST Driver Drowsiness Dataset/not drowsiness/n_143.mp4,.mp4,not_drowsy,directory:not drowsiness,,No subject identifier or documented video-to-driver mapping in path or filename.,29.97,300,300,10.01001,720,1280,True,
n_144,data/raw/SUST Driver Drowsiness Dataset/not drowsiness/n_144.mp4,.mp4,not_drowsy,directory:not drowsiness,,No subject identifier or documented video-to-driver mapping in path or filename.,29.97,300,300,10.01001,720,1280,True,
n_145,data/raw/SUST Driver Drowsiness Dataset/not drowsiness/n_145.mp4,.mp4,not_drowsy,directory:not drowsiness,,No subject identifier or documented video-to-driver mapping in path or filename.,29.97,300,300,10.01001,720,1280,True,
n_146,data/raw/SUST Driver Drowsiness Dataset/not drowsiness/n_146.mp4,.mp4,not_drowsy,directory:not drowsiness,,No subject identifier or documented video-to-driver mapping in path or filename.,25.0,250,250,10.0,720,1280,True,
n_147,data/raw/SUST Driver Drowsiness Dataset/not drowsiness/n_147.mp4,.mp4,not_drowsy,directory:not drowsiness,,No subject identifier or documented video-to-driver mapping in path or filename.,25.0,250,250,10.0,720,1280,True,
n_148,data/raw/SUST Driver Drowsiness Dataset/not drowsiness/n_148.mp4,.mp4,not_drowsy,directory:not drowsiness,,No subject identifier or documented video-to-driver mapping in path or filename.,25.0,250,250,10.0,720,1280,True,
n_149,data/raw/SUST Driver Drowsiness Dataset/not drowsiness/n_149.mp4,.mp4,not_drowsy,directory:not drowsiness,,No subject identifier or documented video-to-driver mapping in path or filename.,25.0,250,250,10.0,720,1280,True,
n_15,data/raw/SUST Driver Drowsiness Dataset/not drowsiness/n_15.mp4,.mp4,not_drowsy,directory:not drowsiness,,No subject identifier or documented video-to-driver mapping in path or filename.,30.0,300,300,10.0,720,1280,True,
n_150,data/raw/SUST Driver Drowsiness Dataset/not drowsiness/n_150.mp4,.mp4,not_drowsy,directory:not drowsiness,,No subject identifier or documented video-to-driver mapping in path or filename.,25.0,250,250,10.0,720,1280,True,
n_151,data/raw/SUST Driver Drowsiness Dataset/not drowsiness/n_151.mp4,.mp4,not_drowsy,directory:not drowsiness,,No subject identifier or documented video-to-driver mapping in path or filename.,25.0,250,250,10.0,720,1280,True,
n_152,data/raw/SUST Driver Drowsiness Dataset/not drowsiness/n_152.mp4,.mp4,not_drowsy,directory:not drowsiness,,No subject identifier or documented video-to-driver mapping in path or filename.,25.0,250,250,10.0,720,1280,True,
n_153,data/raw/SUST Driver Drowsiness Dataset/not drowsiness/n_153.mp4,.mp4,not_drowsy,directory:not drowsiness,,No subject identifier or documented video-to-driver mapping in path or filename.,25.0,250,250,10.0,720,1280,True,
n_154,data/raw/SUST Driver Drowsiness Dataset/not drowsiness/n_154.mp4,.mp4,not_drowsy,directory:not drowsiness,,No subject identifier or documented video-to-driver mapping in path or filename.,25.0,250,250,10.0,720,1280,True,
n_155,data/raw/SUST Driver Drowsiness Dataset/not drowsiness/n_155.mp4,.mp4,not_drowsy,directory:not drowsiness,,No subject identifier or documented video-to-driver mapping in path or filename.,25.0,250,250,10.0,720,1280,True,
n_156,data/raw/SUST Driver Drowsiness Dataset/not drowsiness/n_156.mp4,.mp4,not_drowsy,directory:not drowsiness,,No subject identifier or documented video-to-driver mapping in path or filename.,25.0,250,250,10.0,720,1280,True,
n_157,data/raw/SUST Driver Drowsiness Dataset/not drowsiness/n_157.mp4,.mp4,not_drowsy,directory:not drowsiness,,No subject identifier or documented video-to-driver mapping in path or filename.,25.0,250,250,10.0,720,1280,True,
n_158,data/raw/SUST Driver Drowsiness Dataset/not drowsiness/n_158.mp4,.mp4,not_drowsy,directory:not drowsiness,,No subject identifier or documented video-to-driver mapping in path or filename.,25.0,250,250,10.0,720,1280,True,
n_159,data/raw/SUST Driver Drowsiness Dataset/not drowsiness/n_159.mp4,.mp4,not_drowsy,directory:not drowsiness,,No subject identifier or documented video-to-driver mapping in path or filename.,25.0,250,250,10.0,720,1280,True,
n_16,data/raw/SUST Driver Drowsiness Dataset/not drowsiness/n_16.mp4,.mp4,not_drowsy,directory:not drowsiness,,No subject identifier or documented video-to-driver mapping in path or filename.,30.0,300,300,10.0,720,1280,True,
n_160,data/raw/SUST Driver Drowsiness Dataset/not drowsiness/n_160.mp4,.mp4,not_drowsy,directory:not drowsiness,,No subject identifier or documented video-to-driver mapping in path or filename.,25.0,250,250,10.0,720,1280,True,
n_161,data/raw/SUST Driver Drowsiness Dataset/not drowsiness/n_161.mp4,.mp4,not_drowsy,directory:not drowsiness,,No subject identifier or documented video-to-driver mapping in path or filename.,25.0,250,250,10.0,720,1280,True,
n_162,data/raw/SUST Driver Drowsiness Dataset/not drowsiness/n_162.mp4,.mp4,not_drowsy,directory:not drowsiness,,No subject identifier or documented video-to-driver mapping in path or filename.,25.0,250,250,10.0,720,1280,True,
n_163,data/raw/SUST Driver Drowsiness Dataset/not drowsiness/n_163.mp4,.mp4,not_drowsy,directory:not drowsiness,,No subject identifier or documented video-to-driver mapping in path or filename.,25.0,250,250,10.0,720,1280,True,
n_164,data/raw/SUST Driver Drowsiness Dataset/not drowsiness/n_164.mp4,.mp4,not_drowsy,directory:not drowsiness,,No subject identifier or documented video-to-driver mapping in path or filename.,25.0,250,250,10.0,720,1280,True,
n_165,data/raw/SUST Driver Drowsiness Dataset/not drowsiness/n_165.mp4,.mp4,not_drowsy,directory:not drowsiness,,No subject identifier or documented video-to-driver mapping in path or filename.,25.0,250,250,10.0,720,1280,True,
n_166,data/raw/SUST Driver Drowsiness Dataset/not drowsiness/n_166.mp4,.mp4,not_drowsy,directory:not drowsiness,,No subject identifier or documented video-to-driver mapping in path or filename.,25.0,250,250,10.0,720,1280,True,
n_167,data/raw/SUST Driver Drowsiness Dataset/not drowsiness/n_167.mp4,.mp4,not_drowsy,directory:not drowsiness,,No subject identifier or documented video-to-driver mapping in path or filename.,25.0,250,250,10.0,720,1280,True,
n_168,data/raw/SUST Driver Drowsiness Dataset/not drowsiness/n_168.mp4,.mp4,not_drowsy,directory:not drowsiness,,No subject identifier or documented video-to-driver mapping in path or filename.,25.0,250,250,10.0,720,1280,True,
n_169,data/raw/SUST Driver Drowsiness Dataset/not drowsiness/n_169.mp4,.mp4,not_drowsy,directory:not drowsiness,,No subject identifier or documented video-to-driver mapping in path or filename.,25.0,250,250,10.0,720,1280,True,
n_17,data/raw/SUST Driver Drowsiness Dataset/not drowsiness/n_17.mp4,.mp4,not_drowsy,directory:not drowsiness,,No subject identifier or documented video-to-driver mapping in path or filename.,30.0,300,300,10.0,720,1280,True,
n_170,data/raw/SUST Driver Drowsiness Dataset/not drowsiness/n_170.mp4,.mp4,not_drowsy,directory:not drowsiness,,No subject identifier or documented video-to-driver mapping in path or filename.,25.0,250,250,10.0,720,1280,True,
n_171,data/raw/SUST Driver Drowsiness Dataset/not drowsiness/n_171.mp4,.mp4,not_drowsy,directory:not drowsiness,,No subject identifier or documented video-to-driver mapping in path or filename.,25.0,250,250,10.0,720,1280,True,
n_172,data/raw/SUST Driver Drowsiness Dataset/not drowsiness/n_172.mp4,.mp4,not_drowsy,directory:not drowsiness,,No subject identifier or documented video-to-driver mapping in path or filename.,25.0,250,250,10.0,720,1280,True,
n_173,data/raw/SUST Driver Drowsiness Dataset/not drowsiness/n_173.mp4,.mp4,not_drowsy,directory:not drowsiness,,No subject identifier or documented video-to-driver mapping in path or filename.,25.0,250,250,10.0,720,1280,True,
n_174,data/raw/SUST Driver Drowsiness Dataset/not drowsiness/n_174.mp4,.mp4,not_drowsy,directory:not drowsiness,,No subject identifier or documented video-to-driver mapping in path or filename.,25.0,250,250,10.0,720,1280,True,
n_175,data/raw/SUST Driver Drowsiness Dataset/not drowsiness/n_175.mp4,.mp4,not_drowsy,directory:not drowsiness,,No subject identifier or documented video-to-driver mapping in path or filename.,25.0,250,250,10.0,720,1280,True,
n_176,data/raw/SUST Driver Drowsiness Dataset/not drowsiness/n_176.mp4,.mp4,not_drowsy,directory:not drowsiness,,No subject identifier or documented video-to-driver mapping in path or filename.,25.0,250,250,10.0,720,1280,True,
n_177,data/raw/SUST Driver Drowsiness Dataset/not drowsiness/n_177.mp4,.mp4,not_drowsy,directory:not drowsiness,,No subject identifier or documented video-to-driver mapping in path or filename.,25.0,250,250,10.0,720,1280,True,
n_178,data/raw/SUST Driver Drowsiness Dataset/not drowsiness/n_178.mp4,.mp4,not_drowsy,directory:not drowsiness,,No subject identifier or documented video-to-driver mapping in path or filename.,25.0,250,250,10.0,720,1280,True,
n_179,data/raw/SUST Driver Drowsiness Dataset/not drowsiness/n_179.mp4,.mp4,not_drowsy,directory:not drowsiness,,No subject identifier or documented video-to-driver mapping in path or filename.,25.0,250,250,10.0,720,1280,True,
n_18,data/raw/SUST Driver Drowsiness Dataset/not drowsiness/n_18.mp4,.mp4,not_drowsy,directory:not drowsiness,,No subject identifier or documented video-to-driver mapping in path or filename.,30.0,300,300,10.0,720,1280,True,
n_180,data/raw/SUST Driver Drowsiness Dataset/not drowsiness/n_180.mp4,.mp4,not_drowsy,directory:not drowsiness,,No subject identifier or documented video-to-driver mapping in path or filename.,25.0,250,250,10.0,720,1280,True,
n_181,data/raw/SUST Driver Drowsiness Dataset/not drowsiness/n_181.mp4,.mp4,not_drowsy,directory:not drowsiness,,No subject identifier or documented video-to-driver mapping in path or filename.,25.0,250,250,10.0,720,1280,True,
n_182,data/raw/SUST Driver Drowsiness Dataset/not drowsiness/n_182.mp4,.mp4,not_drowsy,directory:not drowsiness,,No subject identifier or documented video-to-driver mapping in path or filename.,25.0,250,250,10.0,720,1280,True,
n_183,data/raw/SUST Driver Drowsiness Dataset/not drowsiness/n_183.mp4,.mp4,not_drowsy,directory:not drowsiness,,No subject identifier or documented video-to-driver mapping in path or filename.,25.0,250,250,10.0,720,1280,True,
n_184,data/raw/SUST Driver Drowsiness Dataset/not drowsiness/n_184.mp4,.mp4,not_drowsy,directory:not drowsiness,,No subject identifier or documented video-to-driver mapping in path or filename.,25.0,250,250,10.0,720,1280,True,
n_185,data/raw/SUST Driver Drowsiness Dataset/not drowsiness/n_185.mp4,.mp4,not_drowsy,directory:not drowsiness,,No subject identifier or documented video-to-driver mapping in path or filename.,25.0,250,250,10.0,720,1280,True,
n_186,data/raw/SUST Driver Drowsiness Dataset/not drowsiness/n_186.mp4,.mp4,not_drowsy,directory:not drowsiness,,No subject identifier or documented video-to-driver mapping in path or filename.,25.0,250,250,10.0,720,1280,True,
n_187,data/raw/SUST Driver Drowsiness Dataset/not drowsiness/n_187.mp4,.mp4,not_drowsy,directory:not drowsiness,,No subject identifier or documented video-to-driver mapping in path or filename.,25.0,250,250,10.0,720,1280,True,
n_188,data/raw/SUST Driver Drowsiness Dataset/not drowsiness/n_188.mp4,.mp4,not_drowsy,directory:not drowsiness,,No subject identifier or documented video-to-driver mapping in path or filename.,25.0,250,250,10.0,720,1280,True,
n_189,data/raw/SUST Driver Drowsiness Dataset/not drowsiness/n_189.mp4,.mp4,not_drowsy,directory:not drowsiness,,No subject identifier or documented video-to-driver mapping in path or filename.,25.0,250,250,10.0,720,1280,True,
n_19,data/raw/SUST Driver Drowsiness Dataset/not drowsiness/n_19.mp4,.mp4,not_drowsy,directory:not drowsiness,,No subject identifier or documented video-to-driver mapping in path or filename.,30.0,300,300,10.0,720,1280,True,
n_190,data/raw/SUST Driver Drowsiness Dataset/not drowsiness/n_190.mp4,.mp4,not_drowsy,directory:not drowsiness,,No subject identifier or documented video-to-driver mapping in path or filename.,25.0,250,250,10.0,720,1280,True,
n_191,data/raw/SUST Driver Drowsiness Dataset/not drowsiness/n_191.mp4,.mp4,not_drowsy,directory:not drowsiness,,No subject identifier or documented video-to-driver mapping in path or filename.,25.0,250,250,10.0,720,1280,True,
n_192,data/raw/SUST Driver Drowsiness Dataset/not drowsiness/n_192.mp4,.mp4,not_drowsy,directory:not drowsiness,,No subject identifier or documented video-to-driver mapping in path or filename.,25.0,250,250,10.0,720,1280,True,
n_193,data/raw/SUST Driver Drowsiness Dataset/not drowsiness/n_193.mp4,.mp4,not_drowsy,directory:not drowsiness,,No subject identifier or documented video-to-driver mapping in path or filename.,25.0,250,250,10.0,720,1280,True,
n_194,data/raw/SUST Driver Drowsiness Dataset/not drowsiness/n_194.mp4,.mp4,not_drowsy,directory:not drowsiness,,No subject identifier or documented video-to-driver mapping in path or filename.,25.0,250,250,10.0,720,1280,True,
n_195,data/raw/SUST Driver Drowsiness Dataset/not drowsiness/n_195.mp4,.mp4,not_drowsy,directory:not drowsiness,,No subject identifier or documented video-to-driver mapping in path or filename.,25.0,250,250,10.0,720,1280,True,
n_196,data/raw/SUST Driver Drowsiness Dataset/not drowsiness/n_196.mp4,.mp4,not_drowsy,directory:not drowsiness,,No subject identifier or documented video-to-driver mapping in path or filename.,25.0,250,250,10.0,720,1280,True,
n_197,data/raw/SUST Driver Drowsiness Dataset/not drowsiness/n_197.mp4,.mp4,not_drowsy,directory:not drowsiness,,No subject identifier or documented video-to-driver mapping in path or filename.,25.0,250,250,10.0,720,1280,True,
n_198,data/raw/SUST Driver Drowsiness Dataset/not drowsiness/n_198.mp4,.mp4,not_drowsy,directory:not drowsiness,,No subject identifier or documented video-to-driver mapping in path or filename.,25.0,250,250,10.0,720,1280,True,
n_199,data/raw/SUST Driver Drowsiness Dataset/not drowsiness/n_199.mp4,.mp4,not_drowsy,directory:not drowsiness,,No subject identifier or documented video-to-driver mapping in path or filename.,25.0,250,250,10.0,720,1280,True,
n_2,data/raw/SUST Driver Drowsiness Dataset/not drowsiness/n_2.mp4,.mp4,not_drowsy,directory:not drowsiness,,No subject identifier or documented video-to-driver mapping in path or filename.,30.0,300,300,10.0,720,1280,True,
n_20,data/raw/SUST Driver Drowsiness Dataset/not drowsiness/n_20.mp4,.mp4,not_drowsy,directory:not drowsiness,,No subject identifier or documented video-to-driver mapping in path or filename.,30.0,300,300,10.0,720,1280,True,
n_200,data/raw/SUST Driver Drowsiness Dataset/not drowsiness/n_200.mp4,.mp4,not_drowsy,directory:not drowsiness,,No subject identifier or documented video-to-driver mapping in path or filename.,25.0,250,250,10.0,720,1280,True,
n_201,data/raw/SUST Driver Drowsiness Dataset/not drowsiness/n_201.mp4,.mp4,not_drowsy,directory:not drowsiness,,No subject identifier or documented video-to-driver mapping in path or filename.,25.0,250,250,10.0,720,1280,True,
n_202,data/raw/SUST Driver Drowsiness Dataset/not drowsiness/n_202.mp4,.mp4,not_drowsy,directory:not drowsiness,,No subject identifier or documented video-to-driver mapping in path or filename.,25.0,250,250,10.0,720,1280,True,
n_203,data/raw/SUST Driver Drowsiness Dataset/not drowsiness/n_203.mp4,.mp4,not_drowsy,directory:not drowsiness,,No subject identifier or documented video-to-driver mapping in path or filename.,25.0,250,250,10.0,720,1280,True,
n_204,data/raw/SUST Driver Drowsiness Dataset/not drowsiness/n_204.mp4,.mp4,not_drowsy,directory:not drowsiness,,No subject identifier or documented video-to-driver mapping in path or filename.,25.0,250,250,10.0,720,1280,True,
n_205,data/raw/SUST Driver Drowsiness Dataset/not drowsiness/n_205.mp4,.mp4,not_drowsy,directory:not drowsiness,,No subject identifier or documented video-to-driver mapping in path or filename.,25.0,250,250,10.0,720,1280,True,
n_206,data/raw/SUST Driver Drowsiness Dataset/not drowsiness/n_206.mp4,.mp4,not_drowsy,directory:not drowsiness,,No subject identifier or documented video-to-driver mapping in path or filename.,25.0,250,250,10.0,720,1280,True,
n_207,data/raw/SUST Driver Drowsiness Dataset/not drowsiness/n_207.mp4,.mp4,not_drowsy,directory:not drowsiness,,No subject identifier or documented video-to-driver mapping in path or filename.,25.0,250,250,10.0,720,1280,True,
n_208,data/raw/SUST Driver Drowsiness Dataset/not drowsiness/n_208.mp4,.mp4,not_drowsy,directory:not drowsiness,,No subject identifier or documented video-to-driver mapping in path or filename.,25.0,250,250,10.0,720,1280,True,
n_209,data/raw/SUST Driver Drowsiness Dataset/not drowsiness/n_209.mp4,.mp4,not_drowsy,directory:not drowsiness,,No subject identifier or documented video-to-driver mapping in path or filename.,25.0,250,250,10.0,720,1280,True,
n_21,data/raw/SUST Driver Drowsiness Dataset/not drowsiness/n_21.mp4,.mp4,not_drowsy,directory:not drowsiness,,No subject identifier or documented video-to-driver mapping in path or filename.,30.0,300,300,10.0,720,1280,True,
n_210,data/raw/SUST Driver Drowsiness Dataset/not drowsiness/n_210.mp4,.mp4,not_drowsy,directory:not drowsiness,,No subject identifier or documented video-to-driver mapping in path or filename.,25.0,250,250,10.0,720,1280,True,
n_211,data/raw/SUST Driver Drowsiness Dataset/not drowsiness/n_211.mp4,.mp4,not_drowsy,directory:not drowsiness,,No subject identifier or documented video-to-driver mapping in path or filename.,25.0,250,250,10.0,720,1280,True,
n_212,data/raw/SUST Driver Drowsiness Dataset/not drowsiness/n_212.mp4,.mp4,not_drowsy,directory:not drowsiness,,No subject identifier or documented video-to-driver mapping in path or filename.,29.5,295,295,10.0,720,1280,True,
n_213,data/raw/SUST Driver Drowsiness Dataset/not drowsiness/n_213.mp4,.mp4,not_drowsy,directory:not drowsiness,,No subject identifier or documented video-to-driver mapping in path or filename.,29.5,295,295,10.0,720,1280,True,
n_214,data/raw/SUST Driver Drowsiness Dataset/not drowsiness/n_214.mp4,.mp4,not_drowsy,directory:not drowsiness,,No subject identifier or documented video-to-driver mapping in path or filename.,29.5,295,295,10.0,720,1280,True,
n_215,data/raw/SUST Driver Drowsiness Dataset/not drowsiness/n_215.mp4,.mp4,not_drowsy,directory:not drowsiness,,No subject identifier or documented video-to-driver mapping in path or filename.,29.5,295,295,10.0,720,1280,True,
n_216,data/raw/SUST Driver Drowsiness Dataset/not drowsiness/n_216.mp4,.mp4,not_drowsy,directory:not drowsiness,,No subject identifier or documented video-to-driver mapping in path or filename.,29.5,295,295,10.0,720,1280,True,
n_217,data/raw/SUST Driver Drowsiness Dataset/not drowsiness/n_217.mp4,.mp4,not_drowsy,directory:not drowsiness,,No subject identifier or documented video-to-driver mapping in path or filename.,29.5,295,295,10.0,720,1280,True,
n_218,data/raw/SUST Driver Drowsiness Dataset/not drowsiness/n_218.mp4,.mp4,not_drowsy,directory:not drowsiness,,No subject identifier or documented video-to-driver mapping in path or filename.,29.5,295,295,10.0,720,1280,True,
n_219,data/raw/SUST Driver Drowsiness Dataset/not drowsiness/n_219.mp4,.mp4,not_drowsy,directory:not drowsiness,,No subject identifier or documented video-to-driver mapping in path or filename.,29.5,295,295,10.0,720,1280,True,
n_22,data/raw/SUST Driver Drowsiness Dataset/not drowsiness/n_22.mp4,.mp4,not_drowsy,directory:not drowsiness,,No subject identifier or documented video-to-driver mapping in path or filename.,30.0,300,300,10.0,720,1280,True,
n_220,data/raw/SUST Driver Drowsiness Dataset/not drowsiness/n_220.mp4,.mp4,not_drowsy,directory:not drowsiness,,No subject identifier or documented video-to-driver mapping in path or filename.,29.5,295,295,10.0,720,1280,True,
n_221,data/raw/SUST Driver Drowsiness Dataset/not drowsiness/n_221.mp4,.mp4,not_drowsy,directory:not drowsiness,,No subject identifier or documented video-to-driver mapping in path or filename.,29.5,295,295,10.0,720,1280,True,
n_222,data/raw/SUST Driver Drowsiness Dataset/not drowsiness/n_222.mp4,.mp4,not_drowsy,directory:not drowsiness,,No subject identifier or documented video-to-driver mapping in path or filename.,29.5,295,295,10.0,720,1280,True,
n_223,data/raw/SUST Driver Drowsiness Dataset/not drowsiness/n_223.mp4,.mp4,not_drowsy,directory:not drowsiness,,No subject identifier or documented video-to-driver mapping in path or filename.,29.5,295,295,10.0,720,1280,True,
n_224,data/raw/SUST Driver Drowsiness Dataset/not drowsiness/n_224.mp4,.mp4,not_drowsy,directory:not drowsiness,,No subject identifier or documented video-to-driver mapping in path or filename.,29.5,295,295,10.0,720,1280,True,
n_225,data/raw/SUST Driver Drowsiness Dataset/not drowsiness/n_225.mp4,.mp4,not_drowsy,directory:not drowsiness,,No subject identifier or documented video-to-driver mapping in path or filename.,30.0,300,300,10.0,720,1280,True,
n_226,data/raw/SUST Driver Drowsiness Dataset/not drowsiness/n_226.mp4,.mp4,not_drowsy,directory:not drowsiness,,No subject identifier or documented video-to-driver mapping in path or filename.,30.0,300,300,10.0,720,1280,True,
n_227,data/raw/SUST Driver Drowsiness Dataset/not drowsiness/n_227.mp4,.mp4,not_drowsy,directory:not drowsiness,,No subject identifier or documented video-to-driver mapping in path or filename.,30.0,300,300,10.0,720,1280,True,
n_228,data/raw/SUST Driver Drowsiness Dataset/not drowsiness/n_228.mp4,.mp4,not_drowsy,directory:not drowsiness,,No subject identifier or documented video-to-driver mapping in path or filename.,30.0,300,300,10.0,720,1280,True,
n_229,data/raw/SUST Driver Drowsiness Dataset/not drowsiness/n_229.mp4,.mp4,not_drowsy,directory:not drowsiness,,No subject identifier or documented video-to-driver mapping in path or filename.,30.0,300,300,10.0,720,1280,True,
n_23,data/raw/SUST Driver Drowsiness Dataset/not drowsiness/n_23.mp4,.mp4,not_drowsy,directory:not drowsiness,,No subject identifier or documented video-to-driver mapping in path or filename.,30.0,300,300,10.0,720,1280,True,
n_230,data/raw/SUST Driver Drowsiness Dataset/not drowsiness/n_230.mp4,.mp4,not_drowsy,directory:not drowsiness,,No subject identifier or documented video-to-driver mapping in path or filename.,30.0,300,300,10.0,720,1280,True,
n_231,data/raw/SUST Driver Drowsiness Dataset/not drowsiness/n_231.mp4,.mp4,not_drowsy,directory:not drowsiness,,No subject identifier or documented video-to-driver mapping in path or filename.,30.0,300,300,10.0,720,1280,True,
n_232,data/raw/SUST Driver Drowsiness Dataset/not drowsiness/n_232.mp4,.mp4,not_drowsy,directory:not drowsiness,,No subject identifier or documented video-to-driver mapping in path or filename.,30.0,300,300,10.0,720,1280,True,
n_233,data/raw/SUST Driver Drowsiness Dataset/not drowsiness/n_233.mp4,.mp4,not_drowsy,directory:not drowsiness,,No subject identifier or documented video-to-driver mapping in path or filename.,30.0,300,300,10.0,720,1280,True,
n_234,data/raw/SUST Driver Drowsiness Dataset/not drowsiness/n_234.mp4,.mp4,not_drowsy,directory:not drowsiness,,No subject identifier or documented video-to-driver mapping in path or filename.,30.0,300,300,10.0,720,1280,True,
n_235,data/raw/SUST Driver Drowsiness Dataset/not drowsiness/n_235.mp4,.mp4,not_drowsy,directory:not drowsiness,,No subject identifier or documented video-to-driver mapping in path or filename.,30.0,300,300,10.0,720,1280,True,
n_236,data/raw/SUST Driver Drowsiness Dataset/not drowsiness/n_236.mp4,.mp4,not_drowsy,directory:not drowsiness,,No subject identifier or documented video-to-driver mapping in path or filename.,30.0,300,300,10.0,720,1280,True,
n_237,data/raw/SUST Driver Drowsiness Dataset/not drowsiness/n_237.mp4,.mp4,not_drowsy,directory:not drowsiness,,No subject identifier or documented video-to-driver mapping in path or filename.,30.0,300,300,10.0,720,1280,True,
n_238,data/raw/SUST Driver Drowsiness Dataset/not drowsiness/n_238.mp4,.mp4,not_drowsy,directory:not drowsiness,,No subject identifier or documented video-to-driver mapping in path or filename.,30.0,300,300,10.0,720,1280,True,
n_239,data/raw/SUST Driver Drowsiness Dataset/not drowsiness/n_239.mp4,.mp4,not_drowsy,directory:not drowsiness,,No subject identifier or documented video-to-driver mapping in path or filename.,30.0,300,300,10.0,720,1280,True,
n_24,data/raw/SUST Driver Drowsiness Dataset/not drowsiness/n_24.mp4,.mp4,not_drowsy,directory:not drowsiness,,No subject identifier or documented video-to-driver mapping in path or filename.,30.0,300,300,10.0,720,1280,True,
n_240,data/raw/SUST Driver Drowsiness Dataset/not drowsiness/n_240.mp4,.mp4,not_drowsy,directory:not drowsiness,,No subject identifier or documented video-to-driver mapping in path or filename.,30.0,300,300,10.0,720,1280,True,
n_241,data/raw/SUST Driver Drowsiness Dataset/not drowsiness/n_241.mp4,.mp4,not_drowsy,directory:not drowsiness,,No subject identifier or documented video-to-driver mapping in path or filename.,30.0,300,300,10.0,720,1280,True,
n_242,data/raw/SUST Driver Drowsiness Dataset/not drowsiness/n_242.mp4,.mp4,not_drowsy,directory:not drowsiness,,No subject identifier or documented video-to-driver mapping in path or filename.,30.0,300,300,10.0,720,1280,True,
n_243,data/raw/SUST Driver Drowsiness Dataset/not drowsiness/n_243.mp4,.mp4,not_drowsy,directory:not drowsiness,,No subject identifier or documented video-to-driver mapping in path or filename.,30.0,300,300,10.0,720,1280,True,
n_244,data/raw/SUST Driver Drowsiness Dataset/not drowsiness/n_244.mp4,.mp4,not_drowsy,directory:not drowsiness,,No subject identifier or documented video-to-driver mapping in path or filename.,30.0,300,300,10.0,720,1280,True,
n_245,data/raw/SUST Driver Drowsiness Dataset/not drowsiness/n_245.mp4,.mp4,not_drowsy,directory:not drowsiness,,No subject identifier or documented video-to-driver mapping in path or filename.,29.97,300,300,10.01001,720,1280,True,
n_246,data/raw/SUST Driver Drowsiness Dataset/not drowsiness/n_246.mp4,.mp4,not_drowsy,directory:not drowsiness,,No subject identifier or documented video-to-driver mapping in path or filename.,29.97,300,300,10.01001,720,1280,True,
n_247,data/raw/SUST Driver Drowsiness Dataset/not drowsiness/n_247.mp4,.mp4,not_drowsy,directory:not drowsiness,,No subject identifier or documented video-to-driver mapping in path or filename.,29.97,300,300,10.01001,720,1280,True,
n_248,data/raw/SUST Driver Drowsiness Dataset/not drowsiness/n_248.mp4,.mp4,not_drowsy,directory:not drowsiness,,No subject identifier or documented video-to-driver mapping in path or filename.,29.97,300,300,10.01001,720,1280,True,
n_249,data/raw/SUST Driver Drowsiness Dataset/not drowsiness/n_249.mp4,.mp4,not_drowsy,directory:not drowsiness,,No subject identifier or documented video-to-driver mapping in path or filename.,29.97,300,300,10.01001,720,1280,True,
n_25,data/raw/SUST Driver Drowsiness Dataset/not drowsiness/n_25.mp4,.mp4,not_drowsy,directory:not drowsiness,,No subject identifier or documented video-to-driver mapping in path or filename.,30.0,300,300,10.0,720,1280,True,
n_250,data/raw/SUST Driver Drowsiness Dataset/not drowsiness/n_250.mp4,.mp4,not_drowsy,directory:not drowsiness,,No subject identifier or documented video-to-driver mapping in path or filename.,29.97,300,300,10.01001,720,1280,True,
n_251,data/raw/SUST Driver Drowsiness Dataset/not drowsiness/n_251.mp4,.mp4,not_drowsy,directory:not drowsiness,,No subject identifier or documented video-to-driver mapping in path or filename.,29.97,300,300,10.01001,720,1280,True,
n_252,data/raw/SUST Driver Drowsiness Dataset/not drowsiness/n_252.mp4,.mp4,not_drowsy,directory:not drowsiness,,No subject identifier or documented video-to-driver mapping in path or filename.,29.97,300,300,10.01001,720,1280,True,
n_253,data/raw/SUST Driver Drowsiness Dataset/not drowsiness/n_253.mp4,.mp4,not_drowsy,directory:not drowsiness,,No subject identifier or documented video-to-driver mapping in path or filename.,29.97,300,300,10.01001,720,1280,True,
n_254,data/raw/SUST Driver Drowsiness Dataset/not drowsiness/n_254.mp4,.mp4,not_drowsy,directory:not drowsiness,,No subject identifier or documented video-to-driver mapping in path or filename.,29.97,300,300,10.01001,720,1280,True,
n_255,data/raw/SUST Driver Drowsiness Dataset/not drowsiness/n_255.mp4,.mp4,not_drowsy,directory:not drowsiness,,No subject identifier or documented video-to-driver mapping in path or filename.,29.97,300,300,10.01001,720,1280,True,
n_256,data/raw/SUST Driver Drowsiness Dataset/not drowsiness/n_256.mp4,.mp4,not_drowsy,directory:not drowsiness,,No subject identifier or documented video-to-driver mapping in path or filename.,29.97,300,300,10.01001,720,1280,True,
n_257,data/raw/SUST Driver Drowsiness Dataset/not drowsiness/n_257.mp4,.mp4,not_drowsy,directory:not drowsiness,,No subject identifier or documented video-to-driver mapping in path or filename.,29.97,300,300,10.01001,720,1280,True,
n_258,data/raw/SUST Driver Drowsiness Dataset/not drowsiness/n_258.mp4,.mp4,not_drowsy,directory:not drowsiness,,No subject identifier or documented video-to-driver mapping in path or filename.,29.97,300,300,10.01001,720,1280,True,
n_259,data/raw/SUST Driver Drowsiness Dataset/not drowsiness/n_259.mp4,.mp4,not_drowsy,directory:not drowsiness,,No subject identifier or documented video-to-driver mapping in path or filename.,29.97,300,300,10.01001,720,1280,True,
n_26,data/raw/SUST Driver Drowsiness Dataset/not drowsiness/n_26.mp4,.mp4,not_drowsy,directory:not drowsiness,,No subject identifier or documented video-to-driver mapping in path or filename.,30.0,300,300,10.0,720,1280,True,
n_260,data/raw/SUST Driver Drowsiness Dataset/not drowsiness/n_260.mp4,.mp4,not_drowsy,directory:not drowsiness,,No subject identifier or documented video-to-driver mapping in path or filename.,29.97,300,300,10.01001,720,1280,True,
n_261,data/raw/SUST Driver Drowsiness Dataset/not drowsiness/n_261.mp4,.mp4,not_drowsy,directory:not drowsiness,,No subject identifier or documented video-to-driver mapping in path or filename.,29.97,300,300,10.01001,720,1280,True,
n_262,data/raw/SUST Driver Drowsiness Dataset/not drowsiness/n_262.mp4,.mp4,not_drowsy,directory:not drowsiness,,No subject identifier or documented video-to-driver mapping in path or filename.,29.97,300,300,10.01001,720,1280,True,
n_263,data/raw/SUST Driver Drowsiness Dataset/not drowsiness/n_263.mp4,.mp4,not_drowsy,directory:not drowsiness,,No subject identifier or documented video-to-driver mapping in path or filename.,29.97,300,300,10.01001,720,1280,True,
n_264,data/raw/SUST Driver Drowsiness Dataset/not drowsiness/n_264.mp4,.mp4,not_drowsy,directory:not drowsiness,,No subject identifier or documented video-to-driver mapping in path or filename.,29.97,300,300,10.01001,720,1280,True,
n_265,data/raw/SUST Driver Drowsiness Dataset/not drowsiness/n_265.mp4,.mp4,not_drowsy,directory:not drowsiness,,No subject identifier or documented video-to-driver mapping in path or filename.,29.97,300,300,10.01001,720,1280,True,
n_266,data/raw/SUST Driver Drowsiness Dataset/not drowsiness/n_266.mp4,.mp4,not_drowsy,directory:not drowsiness,,No subject identifier or documented video-to-driver mapping in path or filename.,29.95,300,300,10.016694,720,1280,True,
n_267,data/raw/SUST Driver Drowsiness Dataset/not drowsiness/n_267.mp4,.mp4,not_drowsy,directory:not drowsiness,,No subject identifier or documented video-to-driver mapping in path or filename.,29.95,300,300,10.016694,720,1280,True,
n_268,data/raw/SUST Driver Drowsiness Dataset/not drowsiness/n_268.mp4,.mp4,not_drowsy,directory:not drowsiness,,No subject identifier or documented video-to-driver mapping in path or filename.,29.95,300,300,10.016694,720,1280,True,
n_269,data/raw/SUST Driver Drowsiness Dataset/not drowsiness/n_269.mp4,.mp4,not_drowsy,directory:not drowsiness,,No subject identifier or documented video-to-driver mapping in path or filename.,29.95,300,300,10.016694,720,1280,True,
n_27,data/raw/SUST Driver Drowsiness Dataset/not drowsiness/n_27.mp4,.mp4,not_drowsy,directory:not drowsiness,,No subject identifier or documented video-to-driver mapping in path or filename.,30.0,300,300,10.0,720,1280,True,
n_270,data/raw/SUST Driver Drowsiness Dataset/not drowsiness/n_270.mp4,.mp4,not_drowsy,directory:not drowsiness,,No subject identifier or documented video-to-driver mapping in path or filename.,29.95,300,300,10.016694,720,1280,True,
n_271,data/raw/SUST Driver Drowsiness Dataset/not drowsiness/n_271.mp4,.mp4,not_drowsy,directory:not drowsiness,,No subject identifier or documented video-to-driver mapping in path or filename.,29.95,300,300,10.016694,720,1280,True,
n_272,data/raw/SUST Driver Drowsiness Dataset/not drowsiness/n_272.mp4,.mp4,not_drowsy,directory:not drowsiness,,No subject identifier or documented video-to-driver mapping in path or filename.,29.95,300,300,10.016694,720,1280,True,
n_273,data/raw/SUST Driver Drowsiness Dataset/not drowsiness/n_273.mp4,.mp4,not_drowsy,directory:not drowsiness,,No subject identifier or documented video-to-driver mapping in path or filename.,29.95,300,300,10.016694,720,1280,True,
n_274,data/raw/SUST Driver Drowsiness Dataset/not drowsiness/n_274.mp4,.mp4,not_drowsy,directory:not drowsiness,,No subject identifier or documented video-to-driver mapping in path or filename.,29.95,300,300,10.016694,720,1280,True,
n_275,data/raw/SUST Driver Drowsiness Dataset/not drowsiness/n_275.mp4,.mp4,not_drowsy,directory:not drowsiness,,No subject identifier or documented video-to-driver mapping in path or filename.,29.95,300,300,10.016694,720,1280,True,
n_276,data/raw/SUST Driver Drowsiness Dataset/not drowsiness/n_276.mp4,.mp4,not_drowsy,directory:not drowsiness,,No subject identifier or documented video-to-driver mapping in path or filename.,29.95,300,300,10.016694,720,1280,True,
n_277,data/raw/SUST Driver Drowsiness Dataset/not drowsiness/n_277.mp4,.mp4,not_drowsy,directory:not drowsiness,,No subject identifier or documented video-to-driver mapping in path or filename.,29.95,300,300,10.016694,720,1280,True,
n_278,data/raw/SUST Driver Drowsiness Dataset/not drowsiness/n_278.mp4,.mp4,not_drowsy,directory:not drowsiness,,No subject identifier or documented video-to-driver mapping in path or filename.,29.95,300,300,10.016694,720,1280,True,
n_279,data/raw/SUST Driver Drowsiness Dataset/not drowsiness/n_279.mp4,.mp4,not_drowsy,directory:not drowsiness,,No subject identifier or documented video-to-driver mapping in path or filename.,29.95,300,300,10.016694,720,1280,True,
n_28,data/raw/SUST Driver Drowsiness Dataset/not drowsiness/n_28.mp4,.mp4,not_drowsy,directory:not drowsiness,,No subject identifier or documented video-to-driver mapping in path or filename.,30.0,300,300,10.0,720,1280,True,
n_280,data/raw/SUST Driver Drowsiness Dataset/not drowsiness/n_280.mp4,.mp4,not_drowsy,directory:not drowsiness,,No subject identifier or documented video-to-driver mapping in path or filename.,29.95,300,300,10.016694,720,1280,True,
n_281,data/raw/SUST Driver Drowsiness Dataset/not drowsiness/n_281.mp4,.mp4,not_drowsy,directory:not drowsiness,,No subject identifier or documented video-to-driver mapping in path or filename.,29.95,300,300,10.016694,720,1280,True,
n_282,data/raw/SUST Driver Drowsiness Dataset/not drowsiness/n_282.mp4,.mp4,not_drowsy,directory:not drowsiness,,No subject identifier or documented video-to-driver mapping in path or filename.,29.95,300,300,10.016694,720,1280,True,
n_283,data/raw/SUST Driver Drowsiness Dataset/not drowsiness/n_283.mp4,.mp4,not_drowsy,directory:not drowsiness,,No subject identifier or documented video-to-driver mapping in path or filename.,29.95,300,300,10.016694,720,1280,True,
n_284,data/raw/SUST Driver Drowsiness Dataset/not drowsiness/n_284.mp4,.mp4,not_drowsy,directory:not drowsiness,,No subject identifier or documented video-to-driver mapping in path or filename.,29.95,300,300,10.016694,720,1280,True,
n_285,data/raw/SUST Driver Drowsiness Dataset/not drowsiness/n_285.mp4,.mp4,not_drowsy,directory:not drowsiness,,No subject identifier or documented video-to-driver mapping in path or filename.,29.95,300,300,10.016694,720,1280,True,
n_286,data/raw/SUST Driver Drowsiness Dataset/not drowsiness/n_286.mp4,.mp4,not_drowsy,directory:not drowsiness,,No subject identifier or documented video-to-driver mapping in path or filename.,29.95,300,300,10.016694,720,1280,True,
n_287,data/raw/SUST Driver Drowsiness Dataset/not drowsiness/n_287.mp4,.mp4,not_drowsy,directory:not drowsiness,,No subject identifier or documented video-to-driver mapping in path or filename.,29.95,300,300,10.016694,720,1280,True,
n_288,data/raw/SUST Driver Drowsiness Dataset/not drowsiness/n_288.mp4,.mp4,not_drowsy,directory:not drowsiness,,No subject identifier or documented video-to-driver mapping in path or filename.,29.95,300,300,10.016694,720,1280,True,
n_289,data/raw/SUST Driver Drowsiness Dataset/not drowsiness/n_289.mp4,.mp4,not_drowsy,directory:not drowsiness,,No subject identifier or documented video-to-driver mapping in path or filename.,29.95,300,300,10.016694,720,1280,True,
n_29,data/raw/SUST Driver Drowsiness Dataset/not drowsiness/n_29.mp4,.mp4,not_drowsy,directory:not drowsiness,,No subject identifier or documented video-to-driver mapping in path or filename.,30.0,300,300,10.0,720,1280,True,
n_290,data/raw/SUST Driver Drowsiness Dataset/not drowsiness/n_290.mp4,.mp4,not_drowsy,directory:not drowsiness,,No subject identifier or documented video-to-driver mapping in path or filename.,29.95,300,300,10.016694,720,1280,True,
n_291,data/raw/SUST Driver Drowsiness Dataset/not drowsiness/n_291.mp4,.mp4,not_drowsy,directory:not drowsiness,,No subject identifier or documented video-to-driver mapping in path or filename.,29.95,300,300,10.016694,720,1280,True,
n_292,data/raw/SUST Driver Drowsiness Dataset/not drowsiness/n_292.mp4,.mp4,not_drowsy,directory:not drowsiness,,No subject identifier or documented video-to-driver mapping in path or filename.,29.95,300,300,10.016694,720,1280,True,
n_293,data/raw/SUST Driver Drowsiness Dataset/not drowsiness/n_293.mp4,.mp4,not_drowsy,directory:not drowsiness,,No subject identifier or documented video-to-driver mapping in path or filename.,29.95,300,300,10.016694,720,1280,True,
n_294,data/raw/SUST Driver Drowsiness Dataset/not drowsiness/n_294.mp4,.mp4,not_drowsy,directory:not drowsiness,,No subject identifier or documented video-to-driver mapping in path or filename.,29.95,300,300,10.016694,720,1280,True,
n_295,data/raw/SUST Driver Drowsiness Dataset/not drowsiness/n_295.mp4,.mp4,not_drowsy,directory:not drowsiness,,No subject identifier or documented video-to-driver mapping in path or filename.,29.95,300,300,10.016694,720,1280,True,
n_296,data/raw/SUST Driver Drowsiness Dataset/not drowsiness/n_296.mp4,.mp4,not_drowsy,directory:not drowsiness,,No subject identifier or documented video-to-driver mapping in path or filename.,29.95,300,300,10.016694,720,1280,True,
n_297,data/raw/SUST Driver Drowsiness Dataset/not drowsiness/n_297.mp4,.mp4,not_drowsy,directory:not drowsiness,,No subject identifier or documented video-to-driver mapping in path or filename.,29.95,300,300,10.016694,720,1280,True,
n_298,data/raw/SUST Driver Drowsiness Dataset/not drowsiness/n_298.mp4,.mp4,not_drowsy,directory:not drowsiness,,No subject identifier or documented video-to-driver mapping in path or filename.,29.95,300,300,10.016694,720,1280,True,
n_299,data/raw/SUST Driver Drowsiness Dataset/not drowsiness/n_299.mp4,.mp4,not_drowsy,directory:not drowsiness,,No subject identifier or documented video-to-driver mapping in path or filename.,29.95,300,300,10.016694,720,1280,True,
n_3,data/raw/SUST Driver Drowsiness Dataset/not drowsiness/n_3.mp4,.mp4,not_drowsy,directory:not drowsiness,,No subject identifier or documented video-to-driver mapping in path or filename.,30.0,300,300,10.0,720,1280,True,
n_30,data/raw/SUST Driver Drowsiness Dataset/not drowsiness/n_30.mp4,.mp4,not_drowsy,directory:not drowsiness,,No subject identifier or documented video-to-driver mapping in path or filename.,30.0,300,300,10.0,720,1280,True,
n_300,data/raw/SUST Driver Drowsiness Dataset/not drowsiness/n_300.mp4,.mp4,not_drowsy,directory:not drowsiness,,No subject identifier or documented video-to-driver mapping in path or filename.,29.95,300,300,10.016694,720,1280,True,
n_301,data/raw/SUST Driver Drowsiness Dataset/not drowsiness/n_301.mp4,.mp4,not_drowsy,directory:not drowsiness,,No subject identifier or documented video-to-driver mapping in path or filename.,29.95,300,300,10.016694,720,1280,True,
n_302,data/raw/SUST Driver Drowsiness Dataset/not drowsiness/n_302.mp4,.mp4,not_drowsy,directory:not drowsiness,,No subject identifier or documented video-to-driver mapping in path or filename.,29.95,300,300,10.016694,720,1280,True,
n_303,data/raw/SUST Driver Drowsiness Dataset/not drowsiness/n_303.mp4,.mp4,not_drowsy,directory:not drowsiness,,No subject identifier or documented video-to-driver mapping in path or filename.,29.95,300,300,10.016694,720,1280,True,
n_304,data/raw/SUST Driver Drowsiness Dataset/not drowsiness/n_304.mp4,.mp4,not_drowsy,directory:not drowsiness,,No subject identifier or documented video-to-driver mapping in path or filename.,29.95,300,300,10.016694,720,1280,True,
n_305,data/raw/SUST Driver Drowsiness Dataset/not drowsiness/n_305.mp4,.mp4,not_drowsy,directory:not drowsiness,,No subject identifier or documented video-to-driver mapping in path or filename.,29.95,300,300,10.016694,720,1280,True,
n_306,data/raw/SUST Driver Drowsiness Dataset/not drowsiness/n_306.mp4,.mp4,not_drowsy,directory:not drowsiness,,No subject identifier or documented video-to-driver mapping in path or filename.,29.95,300,300,10.016694,720,1280,True,
n_307,data/raw/SUST Driver Drowsiness Dataset/not drowsiness/n_307.mp4,.mp4,not_drowsy,directory:not drowsiness,,No subject identifier or documented video-to-driver mapping in path or filename.,29.95,300,300,10.016694,720,1280,True,
n_308,data/raw/SUST Driver Drowsiness Dataset/not drowsiness/n_308.mp4,.mp4,not_drowsy,directory:not drowsiness,,No subject identifier or documented video-to-driver mapping in path or filename.,29.95,300,300,10.016694,720,1280,True,
n_309,data/raw/SUST Driver Drowsiness Dataset/not drowsiness/n_309.mp4,.mp4,not_drowsy,directory:not drowsiness,,No subject identifier or documented video-to-driver mapping in path or filename.,29.95,300,300,10.016694,720,1280,True,
n_31,data/raw/SUST Driver Drowsiness Dataset/not drowsiness/n_31.mp4,.mp4,not_drowsy,directory:not drowsiness,,No subject identifier or documented video-to-driver mapping in path or filename.,30.0,300,300,10.0,720,1280,True,
n_310,data/raw/SUST Driver Drowsiness Dataset/not drowsiness/n_310.mp4,.mp4,not_drowsy,directory:not drowsiness,,No subject identifier or documented video-to-driver mapping in path or filename.,29.95,300,300,10.016694,720,1280,True,
n_311,data/raw/SUST Driver Drowsiness Dataset/not drowsiness/n_311.mp4,.mp4,not_drowsy,directory:not drowsiness,,No subject identifier or documented video-to-driver mapping in path or filename.,29.95,300,300,10.016694,720,1280,True,
n_312,data/raw/SUST Driver Drowsiness Dataset/not drowsiness/n_312.mp4,.mp4,not_drowsy,directory:not drowsiness,,No subject identifier or documented video-to-driver mapping in path or filename.,29.95,300,300,10.016694,720,1280,True,
n_313,data/raw/SUST Driver Drowsiness Dataset/not drowsiness/n_313.mp4,.mp4,not_drowsy,directory:not drowsiness,,No subject identifier or documented video-to-driver mapping in path or filename.,29.95,300,300,10.016694,720,1280,True,
n_314,data/raw/SUST Driver Drowsiness Dataset/not drowsiness/n_314.mp4,.mp4,not_drowsy,directory:not drowsiness,,No subject identifier or documented video-to-driver mapping in path or filename.,29.95,300,300,10.016694,720,1280,True,
n_315,data/raw/SUST Driver Drowsiness Dataset/not drowsiness/n_315.mp4,.mp4,not_drowsy,directory:not drowsiness,,No subject identifier or documented video-to-driver mapping in path or filename.,29.95,300,300,10.016694,720,1280,True,
n_316,data/raw/SUST Driver Drowsiness Dataset/not drowsiness/n_316.mp4,.mp4,not_drowsy,directory:not drowsiness,,No subject identifier or documented video-to-driver mapping in path or filename.,29.95,300,300,10.016694,720,1280,True,
n_317,data/raw/SUST Driver Drowsiness Dataset/not drowsiness/n_317.mp4,.mp4,not_drowsy,directory:not drowsiness,,No subject identifier or documented video-to-driver mapping in path or filename.,29.95,300,300,10.016694,720,1280,True,
n_318,data/raw/SUST Driver Drowsiness Dataset/not drowsiness/n_318.mp4,.mp4,not_drowsy,directory:not drowsiness,,No subject identifier or documented video-to-driver mapping in path or filename.,30.0,300,300,10.0,720,1280,True,
n_319,data/raw/SUST Driver Drowsiness Dataset/not drowsiness/n_319.mp4,.mp4,not_drowsy,directory:not drowsiness,,No subject identifier or documented video-to-driver mapping in path or filename.,30.0,300,300,10.0,720,1280,True,
n_32,data/raw/SUST Driver Drowsiness Dataset/not drowsiness/n_32.mp4,.mp4,not_drowsy,directory:not drowsiness,,No subject identifier or documented video-to-driver mapping in path or filename.,30.0,300,300,10.0,720,1280,True,
n_320,data/raw/SUST Driver Drowsiness Dataset/not drowsiness/n_320.mp4,.mp4,not_drowsy,directory:not drowsiness,,No subject identifier or documented video-to-driver mapping in path or filename.,30.0,300,300,10.0,720,1280,True,
n_321,data/raw/SUST Driver Drowsiness Dataset/not drowsiness/n_321.mp4,.mp4,not_drowsy,directory:not drowsiness,,No subject identifier or documented video-to-driver mapping in path or filename.,30.0,300,300,10.0,720,1280,True,
n_322,data/raw/SUST Driver Drowsiness Dataset/not drowsiness/n_322.mp4,.mp4,not_drowsy,directory:not drowsiness,,No subject identifier or documented video-to-driver mapping in path or filename.,30.0,300,300,10.0,720,1280,True,
n_323,data/raw/SUST Driver Drowsiness Dataset/not drowsiness/n_323.mp4,.mp4,not_drowsy,directory:not drowsiness,,No subject identifier or documented video-to-driver mapping in path or filename.,30.0,300,300,10.0,720,1280,True,
n_324,data/raw/SUST Driver Drowsiness Dataset/not drowsiness/n_324.mp4,.mp4,not_drowsy,directory:not drowsiness,,No subject identifier or documented video-to-driver mapping in path or filename.,30.0,300,300,10.0,720,1280,True,
n_325,data/raw/SUST Driver Drowsiness Dataset/not drowsiness/n_325.mp4,.mp4,not_drowsy,directory:not drowsiness,,No subject identifier or documented video-to-driver mapping in path or filename.,30.0,300,300,10.0,720,1280,True,
n_326,data/raw/SUST Driver Drowsiness Dataset/not drowsiness/n_326.mp4,.mp4,not_drowsy,directory:not drowsiness,,No subject identifier or documented video-to-driver mapping in path or filename.,30.0,300,300,10.0,720,1280,True,
n_327,data/raw/SUST Driver Drowsiness Dataset/not drowsiness/n_327.mp4,.mp4,not_drowsy,directory:not drowsiness,,No subject identifier or documented video-to-driver mapping in path or filename.,30.0,300,300,10.0,720,1280,True,
n_328,data/raw/SUST Driver Drowsiness Dataset/not drowsiness/n_328.mp4,.mp4,not_drowsy,directory:not drowsiness,,No subject identifier or documented video-to-driver mapping in path or filename.,30.0,300,300,10.0,720,1280,True,
n_329,data/raw/SUST Driver Drowsiness Dataset/not drowsiness/n_329.mp4,.mp4,not_drowsy,directory:not drowsiness,,No subject identifier or documented video-to-driver mapping in path or filename.,30.0,300,300,10.0,720,1280,True,
n_33,data/raw/SUST Driver Drowsiness Dataset/not drowsiness/n_33.mp4,.mp4,not_drowsy,directory:not drowsiness,,No subject identifier or documented video-to-driver mapping in path or filename.,30.0,300,300,10.0,720,1280,True,
n_330,data/raw/SUST Driver Drowsiness Dataset/not drowsiness/n_330.mp4,.mp4,not_drowsy,directory:not drowsiness,,No subject identifier or documented video-to-driver mapping in path or filename.,30.0,300,300,10.0,720,1280,True,
n_331,data/raw/SUST Driver Drowsiness Dataset/not drowsiness/n_331.mp4,.mp4,not_drowsy,directory:not drowsiness,,No subject identifier or documented video-to-driver mapping in path or filename.,30.0,300,300,10.0,720,1280,True,
n_332,data/raw/SUST Driver Drowsiness Dataset/not drowsiness/n_332.mp4,.mp4,not_drowsy,directory:not drowsiness,,No subject identifier or documented video-to-driver mapping in path or filename.,30.0,300,300,10.0,720,1280,True,
n_333,data/raw/SUST Driver Drowsiness Dataset/not drowsiness/n_333.mp4,.mp4,not_drowsy,directory:not drowsiness,,No subject identifier or documented video-to-driver mapping in path or filename.,30.0,300,300,10.0,720,1280,True,
n_334,data/raw/SUST Driver Drowsiness Dataset/not drowsiness/n_334.mp4,.mp4,not_drowsy,directory:not drowsiness,,No subject identifier or documented video-to-driver mapping in path or filename.,30.0,300,300,10.0,720,1280,True,
n_335,data/raw/SUST Driver Drowsiness Dataset/not drowsiness/n_335.mp4,.mp4,not_drowsy,directory:not drowsiness,,No subject identifier or documented video-to-driver mapping in path or filename.,30.0,300,300,10.0,720,1280,True,
n_336,data/raw/SUST Driver Drowsiness Dataset/not drowsiness/n_336.mp4,.mp4,not_drowsy,directory:not drowsiness,,No subject identifier or documented video-to-driver mapping in path or filename.,30.0,300,300,10.0,720,1280,True,
n_337,data/raw/SUST Driver Drowsiness Dataset/not drowsiness/n_337.mp4,.mp4,not_drowsy,directory:not drowsiness,,No subject identifier or documented video-to-driver mapping in path or filename.,30.0,300,300,10.0,720,1280,True,
n_338,data/raw/SUST Driver Drowsiness Dataset/not drowsiness/n_338.mp4,.mp4,not_drowsy,directory:not drowsiness,,No subject identifier or documented video-to-driver mapping in path or filename.,30.0,300,300,10.0,720,1280,True,
n_339,data/raw/SUST Driver Drowsiness Dataset/not drowsiness/n_339.mp4,.mp4,not_drowsy,directory:not drowsiness,,No subject identifier or documented video-to-driver mapping in path or filename.,30.0,300,300,10.0,720,1280,True,
n_34,data/raw/SUST Driver Drowsiness Dataset/not drowsiness/n_34.mp4,.mp4,not_drowsy,directory:not drowsiness,,No subject identifier or documented video-to-driver mapping in path or filename.,30.0,300,300,10.0,720,1280,True,
n_340,data/raw/SUST Driver Drowsiness Dataset/not drowsiness/n_340.mp4,.mp4,not_drowsy,directory:not drowsiness,,No subject identifier or documented video-to-driver mapping in path or filename.,30.0,300,300,10.0,720,1280,True,
n_341,data/raw/SUST Driver Drowsiness Dataset/not drowsiness/n_341.mp4,.mp4,not_drowsy,directory:not drowsiness,,No subject identifier or documented video-to-driver mapping in path or filename.,30.0,300,300,10.0,720,1280,True,
n_342,data/raw/SUST Driver Drowsiness Dataset/not drowsiness/n_342.mp4,.mp4,not_drowsy,directory:not drowsiness,,No subject identifier or documented video-to-driver mapping in path or filename.,30.0,300,300,10.0,720,1280,True,
n_343,data/raw/SUST Driver Drowsiness Dataset/not drowsiness/n_343.mp4,.mp4,not_drowsy,directory:not drowsiness,,No subject identifier or documented video-to-driver mapping in path or filename.,30.0,300,300,10.0,720,1280,True,
n_344,data/raw/SUST Driver Drowsiness Dataset/not drowsiness/n_344.mp4,.mp4,not_drowsy,directory:not drowsiness,,No subject identifier or documented video-to-driver mapping in path or filename.,30.0,300,300,10.0,720,1280,True,
n_345,data/raw/SUST Driver Drowsiness Dataset/not drowsiness/n_345.mp4,.mp4,not_drowsy,directory:not drowsiness,,No subject identifier or documented video-to-driver mapping in path or filename.,30.0,300,300,10.0,720,1280,True,
n_346,data/raw/SUST Driver Drowsiness Dataset/not drowsiness/n_346.mp4,.mp4,not_drowsy,directory:not drowsiness,,No subject identifier or documented video-to-driver mapping in path or filename.,30.0,300,300,10.0,720,1280,True,
n_347,data/raw/SUST Driver Drowsiness Dataset/not drowsiness/n_347.mp4,.mp4,not_drowsy,directory:not drowsiness,,No subject identifier or documented video-to-driver mapping in path or filename.,30.0,300,300,10.0,720,1280,True,
n_348,data/raw/SUST Driver Drowsiness Dataset/not drowsiness/n_348.mp4,.mp4,not_drowsy,directory:not drowsiness,,No subject identifier or documented video-to-driver mapping in path or filename.,30.0,300,300,10.0,720,1280,True,
n_349,data/raw/SUST Driver Drowsiness Dataset/not drowsiness/n_349.mp4,.mp4,not_drowsy,directory:not drowsiness,,No subject identifier or documented video-to-driver mapping in path or filename.,30.0,300,300,10.0,720,1280,True,
n_35,data/raw/SUST Driver Drowsiness Dataset/not drowsiness/n_35.mp4,.mp4,not_drowsy,directory:not drowsiness,,No subject identifier or documented video-to-driver mapping in path or filename.,30.0,300,300,10.0,720,1280,True,
n_350,data/raw/SUST Driver Drowsiness Dataset/not drowsiness/n_350.mp4,.mp4,not_drowsy,directory:not drowsiness,,No subject identifier or documented video-to-driver mapping in path or filename.,30.0,300,300,10.0,720,1280,True,
n_351,data/raw/SUST Driver Drowsiness Dataset/not drowsiness/n_351.mp4,.mp4,not_drowsy,directory:not drowsiness,,No subject identifier or documented video-to-driver mapping in path or filename.,30.0,300,300,10.0,720,1280,True,
n_352,data/raw/SUST Driver Drowsiness Dataset/not drowsiness/n_352.mp4,.mp4,not_drowsy,directory:not drowsiness,,No subject identifier or documented video-to-driver mapping in path or filename.,30.0,300,300,10.0,720,1280,True,
n_353,data/raw/SUST Driver Drowsiness Dataset/not drowsiness/n_353.mp4,.mp4,not_drowsy,directory:not drowsiness,,No subject identifier or documented video-to-driver mapping in path or filename.,30.0,300,300,10.0,720,1280,True,
n_354,data/raw/SUST Driver Drowsiness Dataset/not drowsiness/n_354.mp4,.mp4,not_drowsy,directory:not drowsiness,,No subject identifier or documented video-to-driver mapping in path or filename.,30.0,300,300,10.0,720,1280,True,
n_355,data/raw/SUST Driver Drowsiness Dataset/not drowsiness/n_355.mp4,.mp4,not_drowsy,directory:not drowsiness,,No subject identifier or documented video-to-driver mapping in path or filename.,30.0,300,300,10.0,720,1280,True,
n_356,data/raw/SUST Driver Drowsiness Dataset/not drowsiness/n_356.mp4,.mp4,not_drowsy,directory:not drowsiness,,No subject identifier or documented video-to-driver mapping in path or filename.,30.0,300,300,10.0,720,1280,True,
n_357,data/raw/SUST Driver Drowsiness Dataset/not drowsiness/n_357.mp4,.mp4,not_drowsy,directory:not drowsiness,,No subject identifier or documented video-to-driver mapping in path or filename.,30.0,300,300,10.0,720,1280,True,
n_358,data/raw/SUST Driver Drowsiness Dataset/not drowsiness/n_358.mp4,.mp4,not_drowsy,directory:not drowsiness,,No subject identifier or documented video-to-driver mapping in path or filename.,30.0,300,300,10.0,720,1280,True,
n_359,data/raw/SUST Driver Drowsiness Dataset/not drowsiness/n_359.mp4,.mp4,not_drowsy,directory:not drowsiness,,No subject identifier or documented video-to-driver mapping in path or filename.,30.0,300,300,10.0,720,1280,True,
n_36,data/raw/SUST Driver Drowsiness Dataset/not drowsiness/n_36.mp4,.mp4,not_drowsy,directory:not drowsiness,,No subject identifier or documented video-to-driver mapping in path or filename.,30.0,300,300,10.0,720,1280,True,
n_360,data/raw/SUST Driver Drowsiness Dataset/not drowsiness/n_360.mp4,.mp4,not_drowsy,directory:not drowsiness,,No subject identifier or documented video-to-driver mapping in path or filename.,30.0,300,300,10.0,720,1280,True,
n_361,data/raw/SUST Driver Drowsiness Dataset/not drowsiness/n_361.mp4,.mp4,not_drowsy,directory:not drowsiness,,No subject identifier or documented video-to-driver mapping in path or filename.,30.0,300,300,10.0,720,1280,True,
n_362,data/raw/SUST Driver Drowsiness Dataset/not drowsiness/n_362.mp4,.mp4,not_drowsy,directory:not drowsiness,,No subject identifier or documented video-to-driver mapping in path or filename.,30.0,300,300,10.0,720,1280,True,
n_363,data/raw/SUST Driver Drowsiness Dataset/not drowsiness/n_363.mp4,.mp4,not_drowsy,directory:not drowsiness,,No subject identifier or documented video-to-driver mapping in path or filename.,30.0,300,300,10.0,720,1280,True,
n_364,data/raw/SUST Driver Drowsiness Dataset/not drowsiness/n_364.mp4,.mp4,not_drowsy,directory:not drowsiness,,No subject identifier or documented video-to-driver mapping in path or filename.,30.0,300,300,10.0,720,1280,True,
n_365,data/raw/SUST Driver Drowsiness Dataset/not drowsiness/n_365.mp4,.mp4,not_drowsy,directory:not drowsiness,,No subject identifier or documented video-to-driver mapping in path or filename.,30.0,300,300,10.0,720,1280,True,
n_366,data/raw/SUST Driver Drowsiness Dataset/not drowsiness/n_366.mp4,.mp4,not_drowsy,directory:not drowsiness,,No subject identifier or documented video-to-driver mapping in path or filename.,30.0,300,300,10.0,720,1280,True,
n_367,data/raw/SUST Driver Drowsiness Dataset/not drowsiness/n_367.mp4,.mp4,not_drowsy,directory:not drowsiness,,No subject identifier or documented video-to-driver mapping in path or filename.,30.0,300,300,10.0,720,1280,True,
n_368,data/raw/SUST Driver Drowsiness Dataset/not drowsiness/n_368.mp4,.mp4,not_drowsy,directory:not drowsiness,,No subject identifier or documented video-to-driver mapping in path or filename.,30.0,300,300,10.0,720,1280,True,
n_369,data/raw/SUST Driver Drowsiness Dataset/not drowsiness/n_369.mp4,.mp4,not_drowsy,directory:not drowsiness,,No subject identifier or documented video-to-driver mapping in path or filename.,30.0,300,300,10.0,720,1280,True,
n_37,data/raw/SUST Driver Drowsiness Dataset/not drowsiness/n_37.mp4,.mp4,not_drowsy,directory:not drowsiness,,No subject identifier or documented video-to-driver mapping in path or filename.,30.0,300,300,10.0,720,1280,True,
n_370,data/raw/SUST Driver Drowsiness Dataset/not drowsiness/n_370.mp4,.mp4,not_drowsy,directory:not drowsiness,,No subject identifier or documented video-to-driver mapping in path or filename.,30.0,300,300,10.0,720,1280,True,
n_371,data/raw/SUST Driver Drowsiness Dataset/not drowsiness/n_371.mp4,.mp4,not_drowsy,directory:not drowsiness,,No subject identifier or documented video-to-driver mapping in path or filename.,30.0,300,300,10.0,720,1280,True,
n_372,data/raw/SUST Driver Drowsiness Dataset/not drowsiness/n_372.mp4,.mp4,not_drowsy,directory:not drowsiness,,No subject identifier or documented video-to-driver mapping in path or filename.,30.0,300,300,10.0,720,1280,True,
n_373,data/raw/SUST Driver Drowsiness Dataset/not drowsiness/n_373.mp4,.mp4,not_drowsy,directory:not drowsiness,,No subject identifier or documented video-to-driver mapping in path or filename.,30.0,300,300,10.0,720,1280,True,
n_374,data/raw/SUST Driver Drowsiness Dataset/not drowsiness/n_374.mp4,.mp4,not_drowsy,directory:not drowsiness,,No subject identifier or documented video-to-driver mapping in path or filename.,30.0,300,300,10.0,720,1280,True,
n_375,data/raw/SUST Driver Drowsiness Dataset/not drowsiness/n_375.mp4,.mp4,not_drowsy,directory:not drowsiness,,No subject identifier or documented video-to-driver mapping in path or filename.,30.0,300,300,10.0,720,1280,True,
n_376,data/raw/SUST Driver Drowsiness Dataset/not drowsiness/n_376.mp4,.mp4,not_drowsy,directory:not drowsiness,,No subject identifier or documented video-to-driver mapping in path or filename.,30.0,300,300,10.0,720,1280,True,
n_377,data/raw/SUST Driver Drowsiness Dataset/not drowsiness/n_377.mp4,.mp4,not_drowsy,directory:not drowsiness,,No subject identifier or documented video-to-driver mapping in path or filename.,30.0,300,300,10.0,720,1280,True,
n_378,data/raw/SUST Driver Drowsiness Dataset/not drowsiness/n_378.mp4,.mp4,not_drowsy,directory:not drowsiness,,No subject identifier or documented video-to-driver mapping in path or filename.,30.0,300,300,10.0,720,1280,True,
n_379,data/raw/SUST Driver Drowsiness Dataset/not drowsiness/n_379.mp4,.mp4,not_drowsy,directory:not drowsiness,,No subject identifier or documented video-to-driver mapping in path or filename.,30.0,300,300,10.0,720,1280,True,
n_38,data/raw/SUST Driver Drowsiness Dataset/not drowsiness/n_38.mp4,.mp4,not_drowsy,directory:not drowsiness,,No subject identifier or documented video-to-driver mapping in path or filename.,30.0,300,300,10.0,720,1280,True,
n_380,data/raw/SUST Driver Drowsiness Dataset/not drowsiness/n_380.mp4,.mp4,not_drowsy,directory:not drowsiness,,No subject identifier or documented video-to-driver mapping in path or filename.,30.0,300,300,10.0,720,1280,True,
n_381,data/raw/SUST Driver Drowsiness Dataset/not drowsiness/n_381.mp4,.mp4,not_drowsy,directory:not drowsiness,,No subject identifier or documented video-to-driver mapping in path or filename.,30.0,300,300,10.0,720,1280,True,
n_382,data/raw/SUST Driver Drowsiness Dataset/not drowsiness/n_382.mp4,.mp4,not_drowsy,directory:not drowsiness,,No subject identifier or documented video-to-driver mapping in path or filename.,30.0,300,300,10.0,720,1280,True,
n_383,data/raw/SUST Driver Drowsiness Dataset/not drowsiness/n_383.mp4,.mp4,not_drowsy,directory:not drowsiness,,No subject identifier or documented video-to-driver mapping in path or filename.,30.0,300,300,10.0,720,1280,True,
n_384,data/raw/SUST Driver Drowsiness Dataset/not drowsiness/n_384.mp4,.mp4,not_drowsy,directory:not drowsiness,,No subject identifier or documented video-to-driver mapping in path or filename.,30.0,300,300,10.0,720,1280,True,
n_385,data/raw/SUST Driver Drowsiness Dataset/not drowsiness/n_385.mp4,.mp4,not_drowsy,directory:not drowsiness,,No subject identifier or documented video-to-driver mapping in path or filename.,30.0,300,300,10.0,720,1280,True,
n_386,data/raw/SUST Driver Drowsiness Dataset/not drowsiness/n_386.mp4,.mp4,not_drowsy,directory:not drowsiness,,No subject identifier or documented video-to-driver mapping in path or filename.,30.0,300,300,10.0,720,1280,True,
n_387,data/raw/SUST Driver Drowsiness Dataset/not drowsiness/n_387.mp4,.mp4,not_drowsy,directory:not drowsiness,,No subject identifier or documented video-to-driver mapping in path or filename.,30.0,300,300,10.0,720,1280,True,
n_388,data/raw/SUST Driver Drowsiness Dataset/not drowsiness/n_388.mp4,.mp4,not_drowsy,directory:not drowsiness,,No subject identifier or documented video-to-driver mapping in path or filename.,30.0,300,300,10.0,720,1280,True,
n_389,data/raw/SUST Driver Drowsiness Dataset/not drowsiness/n_389.mp4,.mp4,not_drowsy,directory:not drowsiness,,No subject identifier or documented video-to-driver mapping in path or filename.,30.0,300,300,10.0,720,1280,True,
n_39,data/raw/SUST Driver Drowsiness Dataset/not drowsiness/n_39.mp4,.mp4,not_drowsy,directory:not drowsiness,,No subject identifier or documented video-to-driver mapping in path or filename.,30.0,300,300,10.0,720,1280,True,
n_390,data/raw/SUST Driver Drowsiness Dataset/not drowsiness/n_390.mp4,.mp4,not_drowsy,directory:not drowsiness,,No subject identifier or documented video-to-driver mapping in path or filename.,30.0,300,300,10.0,720,1280,True,
n_391,data/raw/SUST Driver Drowsiness Dataset/not drowsiness/n_391.mp4,.mp4,not_drowsy,directory:not drowsiness,,No subject identifier or documented video-to-driver mapping in path or filename.,30.0,300,300,10.0,720,1280,True,
n_392,data/raw/SUST Driver Drowsiness Dataset/not drowsiness/n_392.mp4,.mp4,not_drowsy,directory:not drowsiness,,No subject identifier or documented video-to-driver mapping in path or filename.,30.0,300,300,10.0,720,1280,True,
n_393,data/raw/SUST Driver Drowsiness Dataset/not drowsiness/n_393.mp4,.mp4,not_drowsy,directory:not drowsiness,,No subject identifier or documented video-to-driver mapping in path or filename.,30.0,300,300,10.0,720,1280,True,
n_394,data/raw/SUST Driver Drowsiness Dataset/not drowsiness/n_394.mp4,.mp4,not_drowsy,directory:not drowsiness,,No subject identifier or documented video-to-driver mapping in path or filename.,30.0,300,300,10.0,720,1280,True,
n_395,data/raw/SUST Driver Drowsiness Dataset/not drowsiness/n_395.mp4,.mp4,not_drowsy,directory:not drowsiness,,No subject identifier or documented video-to-driver mapping in path or filename.,30.0,300,300,10.0,720,1280,True,
n_396,data/raw/SUST Driver Drowsiness Dataset/not drowsiness/n_396.mp4,.mp4,not_drowsy,directory:not drowsiness,,No subject identifier or documented video-to-driver mapping in path or filename.,30.0,300,300,10.0,720,1280,True,
n_397,data/raw/SUST Driver Drowsiness Dataset/not drowsiness/n_397.mp4,.mp4,not_drowsy,directory:not drowsiness,,No subject identifier or documented video-to-driver mapping in path or filename.,30.0,300,300,10.0,720,1280,True,
n_398,data/raw/SUST Driver Drowsiness Dataset/not drowsiness/n_398.mp4,.mp4,not_drowsy,directory:not drowsiness,,No subject identifier or documented video-to-driver mapping in path or filename.,30.0,300,300,10.0,720,1280,True,
n_399,data/raw/SUST Driver Drowsiness Dataset/not drowsiness/n_399.mp4,.mp4,not_drowsy,directory:not drowsiness,,No subject identifier or documented video-to-driver mapping in path or filename.,30.0,300,300,10.0,720,1280,True,
n_4,data/raw/SUST Driver Drowsiness Dataset/not drowsiness/n_4.mp4,.mp4,not_drowsy,directory:not drowsiness,,No subject identifier or documented video-to-driver mapping in path or filename.,30.0,300,300,10.0,720,1280,True,
n_40,data/raw/SUST Driver Drowsiness Dataset/not drowsiness/n_40.mp4,.mp4,not_drowsy,directory:not drowsiness,,No subject identifier or documented video-to-driver mapping in path or filename.,30.0,300,300,10.0,720,1280,True,
n_400,data/raw/SUST Driver Drowsiness Dataset/not drowsiness/n_400.mp4,.mp4,not_drowsy,directory:not drowsiness,,No subject identifier or documented video-to-driver mapping in path or filename.,30.0,300,300,10.0,720,1280,True,
n_401,data/raw/SUST Driver Drowsiness Dataset/not drowsiness/n_401.mp4,.mp4,not_drowsy,directory:not drowsiness,,No subject identifier or documented video-to-driver mapping in path or filename.,30.0,300,300,10.0,720,1280,True,
n_402,data/raw/SUST Driver Drowsiness Dataset/not drowsiness/n_402.mp4,.mp4,not_drowsy,directory:not drowsiness,,No subject identifier or documented video-to-driver mapping in path or filename.,30.0,300,300,10.0,720,1280,True,
n_403,data/raw/SUST Driver Drowsiness Dataset/not drowsiness/n_403.mp4,.mp4,not_drowsy,directory:not drowsiness,,No subject identifier or documented video-to-driver mapping in path or filename.,30.0,300,300,10.0,720,1280,True,
n_404,data/raw/SUST Driver Drowsiness Dataset/not drowsiness/n_404.mp4,.mp4,not_drowsy,directory:not drowsiness,,No subject identifier or documented video-to-driver mapping in path or filename.,30.0,300,300,10.0,720,1280,True,
n_405,data/raw/SUST Driver Drowsiness Dataset/not drowsiness/n_405.mp4,.mp4,not_drowsy,directory:not drowsiness,,No subject identifier or documented video-to-driver mapping in path or filename.,30.0,300,300,10.0,720,1280,True,
n_406,data/raw/SUST Driver Drowsiness Dataset/not drowsiness/n_406.mp4,.mp4,not_drowsy,directory:not drowsiness,,No subject identifier or documented video-to-driver mapping in path or filename.,30.0,300,300,10.0,720,1280,True,
n_407,data/raw/SUST Driver Drowsiness Dataset/not drowsiness/n_407.mp4,.mp4,not_drowsy,directory:not drowsiness,,No subject identifier or documented video-to-driver mapping in path or filename.,30.0,300,300,10.0,720,1280,True,
n_408,data/raw/SUST Driver Drowsiness Dataset/not drowsiness/n_408.mp4,.mp4,not_drowsy,directory:not drowsiness,,No subject identifier or documented video-to-driver mapping in path or filename.,30.0,300,300,10.0,720,1280,True,
n_409,data/raw/SUST Driver Drowsiness Dataset/not drowsiness/n_409.mp4,.mp4,not_drowsy,directory:not drowsiness,,No subject identifier or documented video-to-driver mapping in path or filename.,30.0,300,300,10.0,720,1280,True,
n_41,data/raw/SUST Driver Drowsiness Dataset/not drowsiness/n_41.mp4,.mp4,not_drowsy,directory:not drowsiness,,No subject identifier or documented video-to-driver mapping in path or filename.,30.0,300,300,10.0,720,1280,True,
n_410,data/raw/SUST Driver Drowsiness Dataset/not drowsiness/n_410.mp4,.mp4,not_drowsy,directory:not drowsiness,,No subject identifier or documented video-to-driver mapping in path or filename.,30.0,300,300,10.0,720,1280,True,
n_411,data/raw/SUST Driver Drowsiness Dataset/not drowsiness/n_411.mp4,.mp4,not_drowsy,directory:not drowsiness,,No subject identifier or documented video-to-driver mapping in path or filename.,30.0,300,300,10.0,720,1280,True,
n_412,data/raw/SUST Driver Drowsiness Dataset/not drowsiness/n_412.mp4,.mp4,not_drowsy,directory:not drowsiness,,No subject identifier or documented video-to-driver mapping in path or filename.,30.0,300,300,10.0,720,1280,True,
n_413,data/raw/SUST Driver Drowsiness Dataset/not drowsiness/n_413.mp4,.mp4,not_drowsy,directory:not drowsiness,,No subject identifier or documented video-to-driver mapping in path or filename.,30.0,300,300,10.0,720,1280,True,
n_414,data/raw/SUST Driver Drowsiness Dataset/not drowsiness/n_414.mp4,.mp4,not_drowsy,directory:not drowsiness,,No subject identifier or documented video-to-driver mapping in path or filename.,30.0,300,300,10.0,720,1280,True,
n_415,data/raw/SUST Driver Drowsiness Dataset/not drowsiness/n_415.mp4,.mp4,not_drowsy,directory:not drowsiness,,No subject identifier or documented video-to-driver mapping in path or filename.,30.0,300,300,10.0,720,1280,True,
n_416,data/raw/SUST Driver Drowsiness Dataset/not drowsiness/n_416.mp4,.mp4,not_drowsy,directory:not drowsiness,,No subject identifier or documented video-to-driver mapping in path or filename.,30.0,300,300,10.0,720,1280,True,
n_417,data/raw/SUST Driver Drowsiness Dataset/not drowsiness/n_417.mp4,.mp4,not_drowsy,directory:not drowsiness,,No subject identifier or documented video-to-driver mapping in path or filename.,30.0,300,300,10.0,720,1280,True,
n_418,data/raw/SUST Driver Drowsiness Dataset/not drowsiness/n_418.mp4,.mp4,not_drowsy,directory:not drowsiness,,No subject identifier or documented video-to-driver mapping in path or filename.,30.0,300,300,10.0,720,1280,True,
n_419,data/raw/SUST Driver Drowsiness Dataset/not drowsiness/n_419.mp4,.mp4,not_drowsy,directory:not drowsiness,,No subject identifier or documented video-to-driver mapping in path or filename.,30.0,300,300,10.0,720,1280,True,
n_42,data/raw/SUST Driver Drowsiness Dataset/not drowsiness/n_42.mp4,.mp4,not_drowsy,directory:not drowsiness,,No subject identifier or documented video-to-driver mapping in path or filename.,30.0,300,300,10.0,720,1280,True,
n_420,data/raw/SUST Driver Drowsiness Dataset/not drowsiness/n_420.mp4,.mp4,not_drowsy,directory:not drowsiness,,No subject identifier or documented video-to-driver mapping in path or filename.,30.0,300,300,10.0,720,1280,True,
n_421,data/raw/SUST Driver Drowsiness Dataset/not drowsiness/n_421.mp4,.mp4,not_drowsy,directory:not drowsiness,,No subject identifier or documented video-to-driver mapping in path or filename.,30.0,300,300,10.0,720,1280,True,
n_422,data/raw/SUST Driver Drowsiness Dataset/not drowsiness/n_422.mp4,.mp4,not_drowsy,directory:not drowsiness,,No subject identifier or documented video-to-driver mapping in path or filename.,30.0,300,300,10.0,720,1280,True,
n_423,data/raw/SUST Driver Drowsiness Dataset/not drowsiness/n_423.mp4,.mp4,not_drowsy,directory:not drowsiness,,No subject identifier or documented video-to-driver mapping in path or filename.,30.0,300,300,10.0,720,1280,True,
n_424,data/raw/SUST Driver Drowsiness Dataset/not drowsiness/n_424.mp4,.mp4,not_drowsy,directory:not drowsiness,,No subject identifier or documented video-to-driver mapping in path or filename.,30.0,300,300,10.0,720,1280,True,
n_425,data/raw/SUST Driver Drowsiness Dataset/not drowsiness/n_425.mp4,.mp4,not_drowsy,directory:not drowsiness,,No subject identifier or documented video-to-driver mapping in path or filename.,30.0,300,300,10.0,720,1280,True,
n_426,data/raw/SUST Driver Drowsiness Dataset/not drowsiness/n_426.mp4,.mp4,not_drowsy,directory:not drowsiness,,No subject identifier or documented video-to-driver mapping in path or filename.,30.0,300,300,10.0,720,1280,True,
n_427,data/raw/SUST Driver Drowsiness Dataset/not drowsiness/n_427.mp4,.mp4,not_drowsy,directory:not drowsiness,,No subject identifier or documented video-to-driver mapping in path or filename.,30.0,300,300,10.0,720,1280,True,
n_428,data/raw/SUST Driver Drowsiness Dataset/not drowsiness/n_428.mp4,.mp4,not_drowsy,directory:not drowsiness,,No subject identifier or documented video-to-driver mapping in path or filename.,30.0,300,300,10.0,720,1280,True,
n_429,data/raw/SUST Driver Drowsiness Dataset/not drowsiness/n_429.mp4,.mp4,not_drowsy,directory:not drowsiness,,No subject identifier or documented video-to-driver mapping in path or filename.,30.0,300,300,10.0,720,1280,True,
n_43,data/raw/SUST Driver Drowsiness Dataset/not drowsiness/n_43.mp4,.mp4,not_drowsy,directory:not drowsiness,,No subject identifier or documented video-to-driver mapping in path or filename.,30.0,300,300,10.0,720,1280,True,
n_430,data/raw/SUST Driver Drowsiness Dataset/not drowsiness/n_430.mp4,.mp4,not_drowsy,directory:not drowsiness,,No subject identifier or documented video-to-driver mapping in path or filename.,30.0,300,300,10.0,720,1280,True,
n_431,data/raw/SUST Driver Drowsiness Dataset/not drowsiness/n_431.mp4,.mp4,not_drowsy,directory:not drowsiness,,No subject identifier or documented video-to-driver mapping in path or filename.,30.0,300,300,10.0,720,1280,True,
n_432,data/raw/SUST Driver Drowsiness Dataset/not drowsiness/n_432.mp4,.mp4,not_drowsy,directory:not drowsiness,,No subject identifier or documented video-to-driver mapping in path or filename.,30.0,300,300,10.0,720,1280,True,
n_433,data/raw/SUST Driver Drowsiness Dataset/not drowsiness/n_433.mp4,.mp4,not_drowsy,directory:not drowsiness,,No subject identifier or documented video-to-driver mapping in path or filename.,30.0,300,300,10.0,720,1280,True,
n_434,data/raw/SUST Driver Drowsiness Dataset/not drowsiness/n_434.mp4,.mp4,not_drowsy,directory:not drowsiness,,No subject identifier or documented video-to-driver mapping in path or filename.,30.0,300,300,10.0,720,1280,True,
n_435,data/raw/SUST Driver Drowsiness Dataset/not drowsiness/n_435.mp4,.mp4,not_drowsy,directory:not drowsiness,,No subject identifier or documented video-to-driver mapping in path or filename.,30.0,300,300,10.0,720,1280,True,
n_436,data/raw/SUST Driver Drowsiness Dataset/not drowsiness/n_436.mp4,.mp4,not_drowsy,directory:not drowsiness,,No subject identifier or documented video-to-driver mapping in path or filename.,30.0,300,300,10.0,720,1280,True,
n_437,data/raw/SUST Driver Drowsiness Dataset/not drowsiness/n_437.mp4,.mp4,not_drowsy,directory:not drowsiness,,No subject identifier or documented video-to-driver mapping in path or filename.,30.0,300,300,10.0,720,1280,True,
n_438,data/raw/SUST Driver Drowsiness Dataset/not drowsiness/n_438.mp4,.mp4,not_drowsy,directory:not drowsiness,,No subject identifier or documented video-to-driver mapping in path or filename.,30.0,300,300,10.0,720,1280,True,
n_439,data/raw/SUST Driver Drowsiness Dataset/not drowsiness/n_439.mp4,.mp4,not_drowsy,directory:not drowsiness,,No subject identifier or documented video-to-driver mapping in path or filename.,30.0,300,300,10.0,720,1280,True,
n_44,data/raw/SUST Driver Drowsiness Dataset/not drowsiness/n_44.mp4,.mp4,not_drowsy,directory:not drowsiness,,No subject identifier or documented video-to-driver mapping in path or filename.,30.0,300,300,10.0,720,1280,True,
n_440,data/raw/SUST Driver Drowsiness Dataset/not drowsiness/n_440.mp4,.mp4,not_drowsy,directory:not drowsiness,,No subject identifier or documented video-to-driver mapping in path or filename.,30.0,300,300,10.0,720,1280,True,
n_441,data/raw/SUST Driver Drowsiness Dataset/not drowsiness/n_441.mp4,.mp4,not_drowsy,directory:not drowsiness,,No subject identifier or documented video-to-driver mapping in path or filename.,30.0,300,300,10.0,720,1280,True,
n_442,data/raw/SUST Driver Drowsiness Dataset/not drowsiness/n_442.mp4,.mp4,not_drowsy,directory:not drowsiness,,No subject identifier or documented video-to-driver mapping in path or filename.,30.0,300,300,10.0,720,1280,True,
n_443,data/raw/SUST Driver Drowsiness Dataset/not drowsiness/n_443.mp4,.mp4,not_drowsy,directory:not drowsiness,,No subject identifier or documented video-to-driver mapping in path or filename.,30.0,300,300,10.0,720,1280,True,
n_444,data/raw/SUST Driver Drowsiness Dataset/not drowsiness/n_444.mp4,.mp4,not_drowsy,directory:not drowsiness,,No subject identifier or documented video-to-driver mapping in path or filename.,30.0,300,300,10.0,720,1280,True,
n_445,data/raw/SUST Driver Drowsiness Dataset/not drowsiness/n_445.mp4,.mp4,not_drowsy,directory:not drowsiness,,No subject identifier or documented video-to-driver mapping in path or filename.,30.0,300,300,10.0,720,1280,True,
n_446,data/raw/SUST Driver Drowsiness Dataset/not drowsiness/n_446.mp4,.mp4,not_drowsy,directory:not drowsiness,,No subject identifier or documented video-to-driver mapping in path or filename.,30.0,300,300,10.0,720,1280,True,
n_447,data/raw/SUST Driver Drowsiness Dataset/not drowsiness/n_447.mp4,.mp4,not_drowsy,directory:not drowsiness,,No subject identifier or documented video-to-driver mapping in path or filename.,30.0,300,300,10.0,720,1280,True,
n_448,data/raw/SUST Driver Drowsiness Dataset/not drowsiness/n_448.mp4,.mp4,not_drowsy,directory:not drowsiness,,No subject identifier or documented video-to-driver mapping in path or filename.,30.0,300,300,10.0,720,1280,True,
n_449,data/raw/SUST Driver Drowsiness Dataset/not drowsiness/n_449.mp4,.mp4,not_drowsy,directory:not drowsiness,,No subject identifier or documented video-to-driver mapping in path or filename.,30.0,300,300,10.0,720,1280,True,
n_45,data/raw/SUST Driver Drowsiness Dataset/not drowsiness/n_45.mp4,.mp4,not_drowsy,directory:not drowsiness,,No subject identifier or documented video-to-driver mapping in path or filename.,30.0,300,300,10.0,720,1280,True,
n_450,data/raw/SUST Driver Drowsiness Dataset/not drowsiness/n_450.mp4,.mp4,not_drowsy,directory:not drowsiness,,No subject identifier or documented video-to-driver mapping in path or filename.,30.0,300,300,10.0,720,1280,True,
n_451,data/raw/SUST Driver Drowsiness Dataset/not drowsiness/n_451.mp4,.mp4,not_drowsy,directory:not drowsiness,,No subject identifier or documented video-to-driver mapping in path or filename.,30.0,300,300,10.0,720,1280,True,
n_452,data/raw/SUST Driver Drowsiness Dataset/not drowsiness/n_452.mp4,.mp4,not_drowsy,directory:not drowsiness,,No subject identifier or documented video-to-driver mapping in path or filename.,30.0,300,300,10.0,720,1280,True,
n_453,data/raw/SUST Driver Drowsiness Dataset/not drowsiness/n_453.mp4,.mp4,not_drowsy,directory:not drowsiness,,No subject identifier or documented video-to-driver mapping in path or filename.,30.0,300,300,10.0,720,1280,True,
n_454,data/raw/SUST Driver Drowsiness Dataset/not drowsiness/n_454.mp4,.mp4,not_drowsy,directory:not drowsiness,,No subject identifier or documented video-to-driver mapping in path or filename.,30.0,300,300,10.0,720,1280,True,
n_455,data/raw/SUST Driver Drowsiness Dataset/not drowsiness/n_455.mp4,.mp4,not_drowsy,directory:not drowsiness,,No subject identifier or documented video-to-driver mapping in path or filename.,30.0,300,300,10.0,720,1280,True,
n_456,data/raw/SUST Driver Drowsiness Dataset/not drowsiness/n_456.mp4,.mp4,not_drowsy,directory:not drowsiness,,No subject identifier or documented video-to-driver mapping in path or filename.,30.0,300,300,10.0,720,1280,True,
n_457,data/raw/SUST Driver Drowsiness Dataset/not drowsiness/n_457.mp4,.mp4,not_drowsy,directory:not drowsiness,,No subject identifier or documented video-to-driver mapping in path or filename.,30.0,300,300,10.0,720,1280,True,
n_458,data/raw/SUST Driver Drowsiness Dataset/not drowsiness/n_458.mp4,.mp4,not_drowsy,directory:not drowsiness,,No subject identifier or documented video-to-driver mapping in path or filename.,25.0,250,250,10.0,720,1280,True,
n_459,data/raw/SUST Driver Drowsiness Dataset/not drowsiness/n_459.mp4,.mp4,not_drowsy,directory:not drowsiness,,No subject identifier or documented video-to-driver mapping in path or filename.,25.0,250,250,10.0,720,1280,True,
n_46,data/raw/SUST Driver Drowsiness Dataset/not drowsiness/n_46.mp4,.mp4,not_drowsy,directory:not drowsiness,,No subject identifier or documented video-to-driver mapping in path or filename.,30.0,300,300,10.0,720,1280,True,
n_460,data/raw/SUST Driver Drowsiness Dataset/not drowsiness/n_460.mp4,.mp4,not_drowsy,directory:not drowsiness,,No subject identifier or documented video-to-driver mapping in path or filename.,25.0,250,250,10.0,720,1280,True,
n_461,data/raw/SUST Driver Drowsiness Dataset/not drowsiness/n_461.mp4,.mp4,not_drowsy,directory:not drowsiness,,No subject identifier or documented video-to-driver mapping in path or filename.,25.0,250,250,10.0,720,1280,True,
n_462,data/raw/SUST Driver Drowsiness Dataset/not drowsiness/n_462.mp4,.mp4,not_drowsy,directory:not drowsiness,,No subject identifier or documented video-to-driver mapping in path or filename.,25.0,250,250,10.0,720,1280,True,
n_463,data/raw/SUST Driver Drowsiness Dataset/not drowsiness/n_463.mp4,.mp4,not_drowsy,directory:not drowsiness,,No subject identifier or documented video-to-driver mapping in path or filename.,25.0,250,250,10.0,720,1280,True,
n_464,data/raw/SUST Driver Drowsiness Dataset/not drowsiness/n_464.mp4,.mp4,not_drowsy,directory:not drowsiness,,No subject identifier or documented video-to-driver mapping in path or filename.,25.0,250,250,10.0,720,1280,True,
n_465,data/raw/SUST Driver Drowsiness Dataset/not drowsiness/n_465.mp4,.mp4,not_drowsy,directory:not drowsiness,,No subject identifier or documented video-to-driver mapping in path or filename.,25.0,250,250,10.0,720,1280,True,
n_466,data/raw/SUST Driver Drowsiness Dataset/not drowsiness/n_466.mp4,.mp4,not_drowsy,directory:not drowsiness,,No subject identifier or documented video-to-driver mapping in path or filename.,25.0,250,250,10.0,720,1280,True,
n_467,data/raw/SUST Driver Drowsiness Dataset/not drowsiness/n_467.mp4,.mp4,not_drowsy,directory:not drowsiness,,No subject identifier or documented video-to-driver mapping in path or filename.,25.0,250,250,10.0,720,1280,True,
n_468,data/raw/SUST Driver Drowsiness Dataset/not drowsiness/n_468.mp4,.mp4,not_drowsy,directory:not drowsiness,,No subject identifier or documented video-to-driver mapping in path or filename.,25.0,250,250,10.0,720,1280,True,
n_469,data/raw/SUST Driver Drowsiness Dataset/not drowsiness/n_469.mp4,.mp4,not_drowsy,directory:not drowsiness,,No subject identifier or documented video-to-driver mapping in path or filename.,25.0,250,250,10.0,720,1280,True,
n_47,data/raw/SUST Driver Drowsiness Dataset/not drowsiness/n_47.mp4,.mp4,not_drowsy,directory:not drowsiness,,No subject identifier or documented video-to-driver mapping in path or filename.,30.0,300,300,10.0,720,1280,True,
n_470,data/raw/SUST Driver Drowsiness Dataset/not drowsiness/n_470.mp4,.mp4,not_drowsy,directory:not drowsiness,,No subject identifier or documented video-to-driver mapping in path or filename.,25.0,250,250,10.0,720,1280,True,
n_471,data/raw/SUST Driver Drowsiness Dataset/not drowsiness/n_471.mp4,.mp4,not_drowsy,directory:not drowsiness,,No subject identifier or documented video-to-driver mapping in path or filename.,25.0,250,250,10.0,720,1280,True,
n_472,data/raw/SUST Driver Drowsiness Dataset/not drowsiness/n_472.mp4,.mp4,not_drowsy,directory:not drowsiness,,No subject identifier or documented video-to-driver mapping in path or filename.,25.0,250,250,10.0,720,1280,True,
n_473,data/raw/SUST Driver Drowsiness Dataset/not drowsiness/n_473.mp4,.mp4,not_drowsy,directory:not drowsiness,,No subject identifier or documented video-to-driver mapping in path or filename.,25.0,250,250,10.0,720,1280,True,
n_474,data/raw/SUST Driver Drowsiness Dataset/not drowsiness/n_474.mp4,.mp4,not_drowsy,directory:not drowsiness,,No subject identifier or documented video-to-driver mapping in path or filename.,25.0,250,250,10.0,720,1280,True,
n_475,data/raw/SUST Driver Drowsiness Dataset/not drowsiness/n_475.mp4,.mp4,not_drowsy,directory:not drowsiness,,No subject identifier or documented video-to-driver mapping in path or filename.,25.0,250,250,10.0,720,1280,True,
n_476,data/raw/SUST Driver Drowsiness Dataset/not drowsiness/n_476.mp4,.mp4,not_drowsy,directory:not drowsiness,,No subject identifier or documented video-to-driver mapping in path or filename.,25.0,250,250,10.0,720,1280,True,
n_477,data/raw/SUST Driver Drowsiness Dataset/not drowsiness/n_477.mp4,.mp4,not_drowsy,directory:not drowsiness,,No subject identifier or documented video-to-driver mapping in path or filename.,25.0,250,250,10.0,720,1280,True,
n_478,data/raw/SUST Driver Drowsiness Dataset/not drowsiness/n_478.mp4,.mp4,not_drowsy,directory:not drowsiness,,No subject identifier or documented video-to-driver mapping in path or filename.,25.0,250,250,10.0,720,1280,True,
n_479,data/raw/SUST Driver Drowsiness Dataset/not drowsiness/n_479.mp4,.mp4,not_drowsy,directory:not drowsiness,,No subject identifier or documented video-to-driver mapping in path or filename.,25.0,250,250,10.0,720,1280,True,
n_48,data/raw/SUST Driver Drowsiness Dataset/not drowsiness/n_48.mp4,.mp4,not_drowsy,directory:not drowsiness,,No subject identifier or documented video-to-driver mapping in path or filename.,30.0,300,300,10.0,720,1280,True,
n_480,data/raw/SUST Driver Drowsiness Dataset/not drowsiness/n_480.mp4,.mp4,not_drowsy,directory:not drowsiness,,No subject identifier or documented video-to-driver mapping in path or filename.,25.0,250,250,10.0,720,1280,True,
n_481,data/raw/SUST Driver Drowsiness Dataset/not drowsiness/n_481.mp4,.mp4,not_drowsy,directory:not drowsiness,,No subject identifier or documented video-to-driver mapping in path or filename.,25.0,250,250,10.0,720,1280,True,
n_482,data/raw/SUST Driver Drowsiness Dataset/not drowsiness/n_482.mp4,.mp4,not_drowsy,directory:not drowsiness,,No subject identifier or documented video-to-driver mapping in path or filename.,25.0,250,250,10.0,720,1280,True,
n_483,data/raw/SUST Driver Drowsiness Dataset/not drowsiness/n_483.mp4,.mp4,not_drowsy,directory:not drowsiness,,No subject identifier or documented video-to-driver mapping in path or filename.,25.0,250,250,10.0,720,1280,True,
n_484,data/raw/SUST Driver Drowsiness Dataset/not drowsiness/n_484.mp4,.mp4,not_drowsy,directory:not drowsiness,,No subject identifier or documented video-to-driver mapping in path or filename.,25.0,250,250,10.0,720,1280,True,
n_485,data/raw/SUST Driver Drowsiness Dataset/not drowsiness/n_485.mp4,.mp4,not_drowsy,directory:not drowsiness,,No subject identifier or documented video-to-driver mapping in path or filename.,25.0,250,250,10.0,720,1280,True,
n_486,data/raw/SUST Driver Drowsiness Dataset/not drowsiness/n_486.mp4,.mp4,not_drowsy,directory:not drowsiness,,No subject identifier or documented video-to-driver mapping in path or filename.,25.0,250,250,10.0,720,1280,True,
n_487,data/raw/SUST Driver Drowsiness Dataset/not drowsiness/n_487.mp4,.mp4,not_drowsy,directory:not drowsiness,,No subject identifier or documented video-to-driver mapping in path or filename.,25.0,250,250,10.0,720,1280,True,
n_488,data/raw/SUST Driver Drowsiness Dataset/not drowsiness/n_488.mp4,.mp4,not_drowsy,directory:not drowsiness,,No subject identifier or documented video-to-driver mapping in path or filename.,25.0,250,250,10.0,720,1280,True,
n_489,data/raw/SUST Driver Drowsiness Dataset/not drowsiness/n_489.mp4,.mp4,not_drowsy,directory:not drowsiness,,No subject identifier or documented video-to-driver mapping in path or filename.,25.0,250,250,10.0,720,1280,True,
n_49,data/raw/SUST Driver Drowsiness Dataset/not drowsiness/n_49.mp4,.mp4,not_drowsy,directory:not drowsiness,,No subject identifier or documented video-to-driver mapping in path or filename.,30.0,300,300,10.0,720,1280,True,
n_490,data/raw/SUST Driver Drowsiness Dataset/not drowsiness/n_490.mp4,.mp4,not_drowsy,directory:not drowsiness,,No subject identifier or documented video-to-driver mapping in path or filename.,25.0,250,250,10.0,720,1280,True,
n_491,data/raw/SUST Driver Drowsiness Dataset/not drowsiness/n_491.mp4,.mp4,not_drowsy,directory:not drowsiness,,No subject identifier or documented video-to-driver mapping in path or filename.,25.0,250,250,10.0,720,1280,True,
n_492,data/raw/SUST Driver Drowsiness Dataset/not drowsiness/n_492.mp4,.mp4,not_drowsy,directory:not drowsiness,,No subject identifier or documented video-to-driver mapping in path or filename.,25.0,250,250,10.0,720,1280,True,
n_493,data/raw/SUST Driver Drowsiness Dataset/not drowsiness/n_493.mp4,.mp4,not_drowsy,directory:not drowsiness,,No subject identifier or documented video-to-driver mapping in path or filename.,25.0,250,250,10.0,720,1280,True,
n_494,data/raw/SUST Driver Drowsiness Dataset/not drowsiness/n_494.mp4,.mp4,not_drowsy,directory:not drowsiness,,No subject identifier or documented video-to-driver mapping in path or filename.,25.0,250,250,10.0,720,1280,True,
n_495,data/raw/SUST Driver Drowsiness Dataset/not drowsiness/n_495.mp4,.mp4,not_drowsy,directory:not drowsiness,,No subject identifier or documented video-to-driver mapping in path or filename.,25.0,250,250,10.0,720,1280,True,
n_496,data/raw/SUST Driver Drowsiness Dataset/not drowsiness/n_496.mp4,.mp4,not_drowsy,directory:not drowsiness,,No subject identifier or documented video-to-driver mapping in path or filename.,25.0,250,250,10.0,720,1280,True,
n_497,data/raw/SUST Driver Drowsiness Dataset/not drowsiness/n_497.mp4,.mp4,not_drowsy,directory:not drowsiness,,No subject identifier or documented video-to-driver mapping in path or filename.,25.0,250,250,10.0,720,1280,True,
n_498,data/raw/SUST Driver Drowsiness Dataset/not drowsiness/n_498.mp4,.mp4,not_drowsy,directory:not drowsiness,,No subject identifier or documented video-to-driver mapping in path or filename.,25.0,250,250,10.0,720,1280,True,
n_499,data/raw/SUST Driver Drowsiness Dataset/not drowsiness/n_499.mp4,.mp4,not_drowsy,directory:not drowsiness,,No subject identifier or documented video-to-driver mapping in path or filename.,25.0,250,250,10.0,720,1280,True,
n_5,data/raw/SUST Driver Drowsiness Dataset/not drowsiness/n_5.mp4,.mp4,not_drowsy,directory:not drowsiness,,No subject identifier or documented video-to-driver mapping in path or filename.,30.0,300,300,10.0,720,1280,True,
n_50,data/raw/SUST Driver Drowsiness Dataset/not drowsiness/n_50.mp4,.mp4,not_drowsy,directory:not drowsiness,,No subject identifier or documented video-to-driver mapping in path or filename.,30.0,300,300,10.0,720,1280,True,
n_500,data/raw/SUST Driver Drowsiness Dataset/not drowsiness/n_500.mp4,.mp4,not_drowsy,directory:not drowsiness,,No subject identifier or documented video-to-driver mapping in path or filename.,25.0,250,250,10.0,720,1280,True,
n_501,data/raw/SUST Driver Drowsiness Dataset/not drowsiness/n_501.mp4,.mp4,not_drowsy,directory:not drowsiness,,No subject identifier or documented video-to-driver mapping in path or filename.,25.0,250,250,10.0,720,1280,True,
n_502,data/raw/SUST Driver Drowsiness Dataset/not drowsiness/n_502.mp4,.mp4,not_drowsy,directory:not drowsiness,,No subject identifier or documented video-to-driver mapping in path or filename.,25.0,250,250,10.0,720,1280,True,
n_503,data/raw/SUST Driver Drowsiness Dataset/not drowsiness/n_503.mp4,.mp4,not_drowsy,directory:not drowsiness,,No subject identifier or documented video-to-driver mapping in path or filename.,25.0,250,250,10.0,720,1280,True,
n_504,data/raw/SUST Driver Drowsiness Dataset/not drowsiness/n_504.mp4,.mp4,not_drowsy,directory:not drowsiness,,No subject identifier or documented video-to-driver mapping in path or filename.,25.0,250,250,10.0,720,1280,True,
n_505,data/raw/SUST Driver Drowsiness Dataset/not drowsiness/n_505.mp4,.mp4,not_drowsy,directory:not drowsiness,,No subject identifier or documented video-to-driver mapping in path or filename.,25.0,250,250,10.0,720,1280,True,
n_506,data/raw/SUST Driver Drowsiness Dataset/not drowsiness/n_506.mp4,.mp4,not_drowsy,directory:not drowsiness,,No subject identifier or documented video-to-driver mapping in path or filename.,25.0,250,250,10.0,720,1280,True,
n_507,data/raw/SUST Driver Drowsiness Dataset/not drowsiness/n_507.mp4,.mp4,not_drowsy,directory:not drowsiness,,No subject identifier or documented video-to-driver mapping in path or filename.,25.0,250,250,10.0,720,1280,True,
n_508,data/raw/SUST Driver Drowsiness Dataset/not drowsiness/n_508.mp4,.mp4,not_drowsy,directory:not drowsiness,,No subject identifier or documented video-to-driver mapping in path or filename.,25.0,250,250,10.0,720,1280,True,
n_509,data/raw/SUST Driver Drowsiness Dataset/not drowsiness/n_509.mp4,.mp4,not_drowsy,directory:not drowsiness,,No subject identifier or documented video-to-driver mapping in path or filename.,25.0,250,250,10.0,720,1280,True,
n_51,data/raw/SUST Driver Drowsiness Dataset/not drowsiness/n_51.mp4,.mp4,not_drowsy,directory:not drowsiness,,No subject identifier or documented video-to-driver mapping in path or filename.,30.0,300,300,10.0,720,1280,True,
n_510,data/raw/SUST Driver Drowsiness Dataset/not drowsiness/n_510.mp4,.mp4,not_drowsy,directory:not drowsiness,,No subject identifier or documented video-to-driver mapping in path or filename.,25.0,250,250,10.0,720,1280,True,
n_511,data/raw/SUST Driver Drowsiness Dataset/not drowsiness/n_511.mp4,.mp4,not_drowsy,directory:not drowsiness,,No subject identifier or documented video-to-driver mapping in path or filename.,25.0,250,250,10.0,720,1280,True,
n_512,data/raw/SUST Driver Drowsiness Dataset/not drowsiness/n_512.mp4,.mp4,not_drowsy,directory:not drowsiness,,No subject identifier or documented video-to-driver mapping in path or filename.,25.0,250,250,10.0,720,1280,True,
n_513,data/raw/SUST Driver Drowsiness Dataset/not drowsiness/n_513.mp4,.mp4,not_drowsy,directory:not drowsiness,,No subject identifier or documented video-to-driver mapping in path or filename.,25.0,250,250,10.0,720,1280,True,
n_514,data/raw/SUST Driver Drowsiness Dataset/not drowsiness/n_514.mp4,.mp4,not_drowsy,directory:not drowsiness,,No subject identifier or documented video-to-driver mapping in path or filename.,25.0,250,250,10.0,720,1280,True,
n_515,data/raw/SUST Driver Drowsiness Dataset/not drowsiness/n_515.mp4,.mp4,not_drowsy,directory:not drowsiness,,No subject identifier or documented video-to-driver mapping in path or filename.,25.0,250,250,10.0,720,1280,True,
n_516,data/raw/SUST Driver Drowsiness Dataset/not drowsiness/n_516.mp4,.mp4,not_drowsy,directory:not drowsiness,,No subject identifier or documented video-to-driver mapping in path or filename.,25.0,250,250,10.0,720,1280,True,
n_517,data/raw/SUST Driver Drowsiness Dataset/not drowsiness/n_517.mp4,.mp4,not_drowsy,directory:not drowsiness,,No subject identifier or documented video-to-driver mapping in path or filename.,25.0,250,250,10.0,720,1280,True,
n_518,data/raw/SUST Driver Drowsiness Dataset/not drowsiness/n_518.mp4,.mp4,not_drowsy,directory:not drowsiness,,No subject identifier or documented video-to-driver mapping in path or filename.,25.0,250,250,10.0,720,1280,True,
n_519,data/raw/SUST Driver Drowsiness Dataset/not drowsiness/n_519.mp4,.mp4,not_drowsy,directory:not drowsiness,,No subject identifier or documented video-to-driver mapping in path or filename.,25.0,250,250,10.0,720,1280,True,
n_52,data/raw/SUST Driver Drowsiness Dataset/not drowsiness/n_52.mp4,.mp4,not_drowsy,directory:not drowsiness,,No subject identifier or documented video-to-driver mapping in path or filename.,30.0,300,300,10.0,720,1280,True,
n_520,data/raw/SUST Driver Drowsiness Dataset/not drowsiness/n_520.mp4,.mp4,not_drowsy,directory:not drowsiness,,No subject identifier or documented video-to-driver mapping in path or filename.,25.0,250,250,10.0,720,1280,True,
n_521,data/raw/SUST Driver Drowsiness Dataset/not drowsiness/n_521.mp4,.mp4,not_drowsy,directory:not drowsiness,,No subject identifier or documented video-to-driver mapping in path or filename.,25.0,250,250,10.0,720,1280,True,
n_522,data/raw/SUST Driver Drowsiness Dataset/not drowsiness/n_522.mp4,.mp4,not_drowsy,directory:not drowsiness,,No subject identifier or documented video-to-driver mapping in path or filename.,25.0,250,250,10.0,720,1280,True,
n_523,data/raw/SUST Driver Drowsiness Dataset/not drowsiness/n_523.mp4,.mp4,not_drowsy,directory:not drowsiness,,No subject identifier or documented video-to-driver mapping in path or filename.,25.0,250,250,10.0,720,1280,True,
n_524,data/raw/SUST Driver Drowsiness Dataset/not drowsiness/n_524.mp4,.mp4,not_drowsy,directory:not drowsiness,,No subject identifier or documented video-to-driver mapping in path or filename.,25.0,250,250,10.0,720,1280,True,
n_525,data/raw/SUST Driver Drowsiness Dataset/not drowsiness/n_525.mp4,.mp4,not_drowsy,directory:not drowsiness,,No subject identifier or documented video-to-driver mapping in path or filename.,25.0,250,250,10.0,720,1280,True,
n_526,data/raw/SUST Driver Drowsiness Dataset/not drowsiness/n_526.mp4,.mp4,not_drowsy,directory:not drowsiness,,No subject identifier or documented video-to-driver mapping in path or filename.,25.0,250,250,10.0,720,1280,True,
n_527,data/raw/SUST Driver Drowsiness Dataset/not drowsiness/n_527.mp4,.mp4,not_drowsy,directory:not drowsiness,,No subject identifier or documented video-to-driver mapping in path or filename.,25.0,250,250,10.0,720,1280,True,
n_528,data/raw/SUST Driver Drowsiness Dataset/not drowsiness/n_528.mp4,.mp4,not_drowsy,directory:not drowsiness,,No subject identifier or documented video-to-driver mapping in path or filename.,25.0,250,250,10.0,720,1280,True,
n_529,data/raw/SUST Driver Drowsiness Dataset/not drowsiness/n_529.mp4,.mp4,not_drowsy,directory:not drowsiness,,No subject identifier or documented video-to-driver mapping in path or filename.,25.0,250,250,10.0,720,1280,True,
n_53,data/raw/SUST Driver Drowsiness Dataset/not drowsiness/n_53.mp4,.mp4,not_drowsy,directory:not drowsiness,,No subject identifier or documented video-to-driver mapping in path or filename.,30.0,300,300,10.0,720,1280,True,
n_530,data/raw/SUST Driver Drowsiness Dataset/not drowsiness/n_530.mp4,.mp4,not_drowsy,directory:not drowsiness,,No subject identifier or documented video-to-driver mapping in path or filename.,25.0,250,250,10.0,720,1280,True,
n_531,data/raw/SUST Driver Drowsiness Dataset/not drowsiness/n_531.mp4,.mp4,not_drowsy,directory:not drowsiness,,No subject identifier or documented video-to-driver mapping in path or filename.,30.0,300,300,10.0,720,1280,True,
n_532,data/raw/SUST Driver Drowsiness Dataset/not drowsiness/n_532.mp4,.mp4,not_drowsy,directory:not drowsiness,,No subject identifier or documented video-to-driver mapping in path or filename.,30.0,300,300,10.0,720,1280,True,
n_533,data/raw/SUST Driver Drowsiness Dataset/not drowsiness/n_533.mp4,.mp4,not_drowsy,directory:not drowsiness,,No subject identifier or documented video-to-driver mapping in path or filename.,30.0,300,300,10.0,720,1280,True,
n_534,data/raw/SUST Driver Drowsiness Dataset/not drowsiness/n_534.mp4,.mp4,not_drowsy,directory:not drowsiness,,No subject identifier or documented video-to-driver mapping in path or filename.,30.0,300,300,10.0,720,1280,True,
n_535,data/raw/SUST Driver Drowsiness Dataset/not drowsiness/n_535.mp4,.mp4,not_drowsy,directory:not drowsiness,,No subject identifier or documented video-to-driver mapping in path or filename.,30.0,300,300,10.0,720,1280,True,
n_536,data/raw/SUST Driver Drowsiness Dataset/not drowsiness/n_536.mp4,.mp4,not_drowsy,directory:not drowsiness,,No subject identifier or documented video-to-driver mapping in path or filename.,30.0,300,300,10.0,720,1280,True,
n_537,data/raw/SUST Driver Drowsiness Dataset/not drowsiness/n_537.mp4,.mp4,not_drowsy,directory:not drowsiness,,No subject identifier or documented video-to-driver mapping in path or filename.,30.0,300,300,10.0,720,1280,True,
n_538,data/raw/SUST Driver Drowsiness Dataset/not drowsiness/n_538.mp4,.mp4,not_drowsy,directory:not drowsiness,,No subject identifier or documented video-to-driver mapping in path or filename.,30.0,300,300,10.0,720,1280,True,
n_539,data/raw/SUST Driver Drowsiness Dataset/not drowsiness/n_539.mp4,.mp4,not_drowsy,directory:not drowsiness,,No subject identifier or documented video-to-driver mapping in path or filename.,30.0,300,300,10.0,720,1280,True,
n_54,data/raw/SUST Driver Drowsiness Dataset/not drowsiness/n_54.mp4,.mp4,not_drowsy,directory:not drowsiness,,No subject identifier or documented video-to-driver mapping in path or filename.,30.0,300,300,10.0,720,1280,True,
n_540,data/raw/SUST Driver Drowsiness Dataset/not drowsiness/n_540.mp4,.mp4,not_drowsy,directory:not drowsiness,,No subject identifier or documented video-to-driver mapping in path or filename.,30.0,300,300,10.0,720,1280,True,
n_541,data/raw/SUST Driver Drowsiness Dataset/not drowsiness/n_541.mp4,.mp4,not_drowsy,directory:not drowsiness,,No subject identifier or documented video-to-driver mapping in path or filename.,30.0,300,300,10.0,720,1280,True,
n_542,data/raw/SUST Driver Drowsiness Dataset/not drowsiness/n_542.mp4,.mp4,not_drowsy,directory:not drowsiness,,No subject identifier or documented video-to-driver mapping in path or filename.,30.0,300,300,10.0,720,1280,True,
n_543,data/raw/SUST Driver Drowsiness Dataset/not drowsiness/n_543.mp4,.mp4,not_drowsy,directory:not drowsiness,,No subject identifier or documented video-to-driver mapping in path or filename.,30.0,300,300,10.0,720,1280,True,
n_544,data/raw/SUST Driver Drowsiness Dataset/not drowsiness/n_544.mp4,.mp4,not_drowsy,directory:not drowsiness,,No subject identifier or documented video-to-driver mapping in path or filename.,30.0,300,300,10.0,720,1280,True,
n_545,data/raw/SUST Driver Drowsiness Dataset/not drowsiness/n_545.mp4,.mp4,not_drowsy,directory:not drowsiness,,No subject identifier or documented video-to-driver mapping in path or filename.,30.0,300,300,10.0,720,1280,True,
n_546,data/raw/SUST Driver Drowsiness Dataset/not drowsiness/n_546.mp4,.mp4,not_drowsy,directory:not drowsiness,,No subject identifier or documented video-to-driver mapping in path or filename.,30.0,300,300,10.0,720,1280,True,
n_547,data/raw/SUST Driver Drowsiness Dataset/not drowsiness/n_547.mp4,.mp4,not_drowsy,directory:not drowsiness,,No subject identifier or documented video-to-driver mapping in path or filename.,30.0,300,300,10.0,720,1280,True,
n_548,data/raw/SUST Driver Drowsiness Dataset/not drowsiness/n_548.mp4,.mp4,not_drowsy,directory:not drowsiness,,No subject identifier or documented video-to-driver mapping in path or filename.,30.0,300,300,10.0,720,1280,True,
n_549,data/raw/SUST Driver Drowsiness Dataset/not drowsiness/n_549.mp4,.mp4,not_drowsy,directory:not drowsiness,,No subject identifier or documented video-to-driver mapping in path or filename.,30.0,300,300,10.0,720,1280,True,
n_55,data/raw/SUST Driver Drowsiness Dataset/not drowsiness/n_55.mp4,.mp4,not_drowsy,directory:not drowsiness,,No subject identifier or documented video-to-driver mapping in path or filename.,30.0,300,300,10.0,720,1280,True,
n_550,data/raw/SUST Driver Drowsiness Dataset/not drowsiness/n_550.mp4,.mp4,not_drowsy,directory:not drowsiness,,No subject identifier or documented video-to-driver mapping in path or filename.,30.0,300,300,10.0,720,1280,True,
n_551,data/raw/SUST Driver Drowsiness Dataset/not drowsiness/n_551.mp4,.mp4,not_drowsy,directory:not drowsiness,,No subject identifier or documented video-to-driver mapping in path or filename.,30.0,300,300,10.0,720,1280,True,
n_552,data/raw/SUST Driver Drowsiness Dataset/not drowsiness/n_552.mp4,.mp4,not_drowsy,directory:not drowsiness,,No subject identifier or documented video-to-driver mapping in path or filename.,30.0,300,300,10.0,720,1280,True,
n_553,data/raw/SUST Driver Drowsiness Dataset/not drowsiness/n_553.mp4,.mp4,not_drowsy,directory:not drowsiness,,No subject identifier or documented video-to-driver mapping in path or filename.,30.0,300,300,10.0,720,1280,True,
n_554,data/raw/SUST Driver Drowsiness Dataset/not drowsiness/n_554.mp4,.mp4,not_drowsy,directory:not drowsiness,,No subject identifier or documented video-to-driver mapping in path or filename.,30.0,300,300,10.0,720,1280,True,
n_555,data/raw/SUST Driver Drowsiness Dataset/not drowsiness/n_555.mp4,.mp4,not_drowsy,directory:not drowsiness,,No subject identifier or documented video-to-driver mapping in path or filename.,30.0,300,300,10.0,720,1280,True,
n_556,data/raw/SUST Driver Drowsiness Dataset/not drowsiness/n_556.mp4,.mp4,not_drowsy,directory:not drowsiness,,No subject identifier or documented video-to-driver mapping in path or filename.,30.0,300,300,10.0,720,1280,True,
n_557,data/raw/SUST Driver Drowsiness Dataset/not drowsiness/n_557.mp4,.mp4,not_drowsy,directory:not drowsiness,,No subject identifier or documented video-to-driver mapping in path or filename.,30.0,300,300,10.0,720,1280,True,
n_558,data/raw/SUST Driver Drowsiness Dataset/not drowsiness/n_558.mp4,.mp4,not_drowsy,directory:not drowsiness,,No subject identifier or documented video-to-driver mapping in path or filename.,30.0,300,300,10.0,720,1280,True,
n_559,data/raw/SUST Driver Drowsiness Dataset/not drowsiness/n_559.mp4,.mp4,not_drowsy,directory:not drowsiness,,No subject identifier or documented video-to-driver mapping in path or filename.,30.0,300,300,10.0,720,1280,True,
n_56,data/raw/SUST Driver Drowsiness Dataset/not drowsiness/n_56.mp4,.mp4,not_drowsy,directory:not drowsiness,,No subject identifier or documented video-to-driver mapping in path or filename.,30.0,300,300,10.0,720,1280,True,
n_560,data/raw/SUST Driver Drowsiness Dataset/not drowsiness/n_560.mp4,.mp4,not_drowsy,directory:not drowsiness,,No subject identifier or documented video-to-driver mapping in path or filename.,30.0,300,300,10.0,720,1280,True,
n_561,data/raw/SUST Driver Drowsiness Dataset/not drowsiness/n_561.mp4,.mp4,not_drowsy,directory:not drowsiness,,No subject identifier or documented video-to-driver mapping in path or filename.,30.0,300,300,10.0,720,1280,True,
n_562,data/raw/SUST Driver Drowsiness Dataset/not drowsiness/n_562.mp4,.mp4,not_drowsy,directory:not drowsiness,,No subject identifier or documented video-to-driver mapping in path or filename.,30.0,300,300,10.0,720,1280,True,
n_563,data/raw/SUST Driver Drowsiness Dataset/not drowsiness/n_563.mp4,.mp4,not_drowsy,directory:not drowsiness,,No subject identifier or documented video-to-driver mapping in path or filename.,30.0,300,300,10.0,720,1280,True,
n_564,data/raw/SUST Driver Drowsiness Dataset/not drowsiness/n_564.mp4,.mp4,not_drowsy,directory:not drowsiness,,No subject identifier or documented video-to-driver mapping in path or filename.,30.0,300,300,10.0,720,1280,True,
n_565,data/raw/SUST Driver Drowsiness Dataset/not drowsiness/n_565.mp4,.mp4,not_drowsy,directory:not drowsiness,,No subject identifier or documented video-to-driver mapping in path or filename.,30.0,300,300,10.0,720,1280,True,
n_566,data/raw/SUST Driver Drowsiness Dataset/not drowsiness/n_566.mp4,.mp4,not_drowsy,directory:not drowsiness,,No subject identifier or documented video-to-driver mapping in path or filename.,30.0,300,300,10.0,720,1280,True,
n_567,data/raw/SUST Driver Drowsiness Dataset/not drowsiness/n_567.mp4,.mp4,not_drowsy,directory:not drowsiness,,No subject identifier or documented video-to-driver mapping in path or filename.,30.0,300,300,10.0,720,1280,True,
n_568,data/raw/SUST Driver Drowsiness Dataset/not drowsiness/n_568.mp4,.mp4,not_drowsy,directory:not drowsiness,,No subject identifier or documented video-to-driver mapping in path or filename.,30.0,300,300,10.0,720,1280,True,
n_569,data/raw/SUST Driver Drowsiness Dataset/not drowsiness/n_569.mp4,.mp4,not_drowsy,directory:not drowsiness,,No subject identifier or documented video-to-driver mapping in path or filename.,30.0,300,300,10.0,720,1280,True,
n_57,data/raw/SUST Driver Drowsiness Dataset/not drowsiness/n_57.mp4,.mp4,not_drowsy,directory:not drowsiness,,No subject identifier or documented video-to-driver mapping in path or filename.,30.0,300,300,10.0,720,1280,True,
n_570,data/raw/SUST Driver Drowsiness Dataset/not drowsiness/n_570.mp4,.mp4,not_drowsy,directory:not drowsiness,,No subject identifier or documented video-to-driver mapping in path or filename.,30.0,300,300,10.0,720,1280,True,
n_571,data/raw/SUST Driver Drowsiness Dataset/not drowsiness/n_571.mp4,.mp4,not_drowsy,directory:not drowsiness,,No subject identifier or documented video-to-driver mapping in path or filename.,30.0,300,300,10.0,720,1280,True,
n_572,data/raw/SUST Driver Drowsiness Dataset/not drowsiness/n_572.mp4,.mp4,not_drowsy,directory:not drowsiness,,No subject identifier or documented video-to-driver mapping in path or filename.,30.0,300,300,10.0,720,1280,True,
n_573,data/raw/SUST Driver Drowsiness Dataset/not drowsiness/n_573.mp4,.mp4,not_drowsy,directory:not drowsiness,,No subject identifier or documented video-to-driver mapping in path or filename.,30.0,300,300,10.0,720,1280,True,
n_574,data/raw/SUST Driver Drowsiness Dataset/not drowsiness/n_574.mp4,.mp4,not_drowsy,directory:not drowsiness,,No subject identifier or documented video-to-driver mapping in path or filename.,30.0,300,300,10.0,720,1280,True,
n_575,data/raw/SUST Driver Drowsiness Dataset/not drowsiness/n_575.mp4,.mp4,not_drowsy,directory:not drowsiness,,No subject identifier or documented video-to-driver mapping in path or filename.,30.0,300,300,10.0,720,1280,True,
n_576,data/raw/SUST Driver Drowsiness Dataset/not drowsiness/n_576.mp4,.mp4,not_drowsy,directory:not drowsiness,,No subject identifier or documented video-to-driver mapping in path or filename.,30.0,300,300,10.0,720,1280,True,
n_577,data/raw/SUST Driver Drowsiness Dataset/not drowsiness/n_577.mp4,.mp4,not_drowsy,directory:not drowsiness,,No subject identifier or documented video-to-driver mapping in path or filename.,30.0,300,300,10.0,720,1280,True,
n_578,data/raw/SUST Driver Drowsiness Dataset/not drowsiness/n_578.mp4,.mp4,not_drowsy,directory:not drowsiness,,No subject identifier or documented video-to-driver mapping in path or filename.,30.0,300,300,10.0,720,1280,True,
n_579,data/raw/SUST Driver Drowsiness Dataset/not drowsiness/n_579.mp4,.mp4,not_drowsy,directory:not drowsiness,,No subject identifier or documented video-to-driver mapping in path or filename.,30.0,300,300,10.0,720,1280,True,
n_58,data/raw/SUST Driver Drowsiness Dataset/not drowsiness/n_58.mp4,.mp4,not_drowsy,directory:not drowsiness,,No subject identifier or documented video-to-driver mapping in path or filename.,30.0,300,300,10.0,720,1280,True,
n_580,data/raw/SUST Driver Drowsiness Dataset/not drowsiness/n_580.mp4,.mp4,not_drowsy,directory:not drowsiness,,No subject identifier or documented video-to-driver mapping in path or filename.,30.0,300,300,10.0,720,1280,True,
n_581,data/raw/SUST Driver Drowsiness Dataset/not drowsiness/n_581.mp4,.mp4,not_drowsy,directory:not drowsiness,,No subject identifier or documented video-to-driver mapping in path or filename.,30.0,300,300,10.0,720,1280,True,
n_582,data/raw/SUST Driver Drowsiness Dataset/not drowsiness/n_582.mp4,.mp4,not_drowsy,directory:not drowsiness,,No subject identifier or documented video-to-driver mapping in path or filename.,30.0,300,300,10.0,720,1280,True,
n_583,data/raw/SUST Driver Drowsiness Dataset/not drowsiness/n_583.mp4,.mp4,not_drowsy,directory:not drowsiness,,No subject identifier or documented video-to-driver mapping in path or filename.,30.0,300,300,10.0,720,1280,True,
n_584,data/raw/SUST Driver Drowsiness Dataset/not drowsiness/n_584.mp4,.mp4,not_drowsy,directory:not drowsiness,,No subject identifier or documented video-to-driver mapping in path or filename.,30.0,300,300,10.0,720,1280,True,
n_585,data/raw/SUST Driver Drowsiness Dataset/not drowsiness/n_585.mp4,.mp4,not_drowsy,directory:not drowsiness,,No subject identifier or documented video-to-driver mapping in path or filename.,30.0,300,300,10.0,720,1280,True,
n_586,data/raw/SUST Driver Drowsiness Dataset/not drowsiness/n_586.mp4,.mp4,not_drowsy,directory:not drowsiness,,No subject identifier or documented video-to-driver mapping in path or filename.,30.0,300,300,10.0,720,1280,True,
n_587,data/raw/SUST Driver Drowsiness Dataset/not drowsiness/n_587.mp4,.mp4,not_drowsy,directory:not drowsiness,,No subject identifier or documented video-to-driver mapping in path or filename.,30.0,300,300,10.0,720,1280,True,
n_588,data/raw/SUST Driver Drowsiness Dataset/not drowsiness/n_588.mp4,.mp4,not_drowsy,directory:not drowsiness,,No subject identifier or documented video-to-driver mapping in path or filename.,30.0,300,300,10.0,720,1280,True,
n_589,data/raw/SUST Driver Drowsiness Dataset/not drowsiness/n_589.mp4,.mp4,not_drowsy,directory:not drowsiness,,No subject identifier or documented video-to-driver mapping in path or filename.,30.0,300,300,10.0,720,1280,True,
n_59,data/raw/SUST Driver Drowsiness Dataset/not drowsiness/n_59.mp4,.mp4,not_drowsy,directory:not drowsiness,,No subject identifier or documented video-to-driver mapping in path or filename.,30.0,300,300,10.0,720,1280,True,
n_590,data/raw/SUST Driver Drowsiness Dataset/not drowsiness/n_590.mp4,.mp4,not_drowsy,directory:not drowsiness,,No subject identifier or documented video-to-driver mapping in path or filename.,30.0,300,300,10.0,720,1280,True,
n_591,data/raw/SUST Driver Drowsiness Dataset/not drowsiness/n_591.mp4,.mp4,not_drowsy,directory:not drowsiness,,No subject identifier or documented video-to-driver mapping in path or filename.,30.0,300,300,10.0,720,1280,True,
n_592,data/raw/SUST Driver Drowsiness Dataset/not drowsiness/n_592.mp4,.mp4,not_drowsy,directory:not drowsiness,,No subject identifier or documented video-to-driver mapping in path or filename.,30.0,300,300,10.0,720,1280,True,
n_593,data/raw/SUST Driver Drowsiness Dataset/not drowsiness/n_593.mp4,.mp4,not_drowsy,directory:not drowsiness,,No subject identifier or documented video-to-driver mapping in path or filename.,30.0,300,300,10.0,720,1280,True,
n_594,data/raw/SUST Driver Drowsiness Dataset/not drowsiness/n_594.mp4,.mp4,not_drowsy,directory:not drowsiness,,No subject identifier or documented video-to-driver mapping in path or filename.,30.0,300,300,10.0,720,1280,True,
n_595,data/raw/SUST Driver Drowsiness Dataset/not drowsiness/n_595.mp4,.mp4,not_drowsy,directory:not drowsiness,,No subject identifier or documented video-to-driver mapping in path or filename.,30.0,300,300,10.0,720,1280,True,
n_596,data/raw/SUST Driver Drowsiness Dataset/not drowsiness/n_596.mp4,.mp4,not_drowsy,directory:not drowsiness,,No subject identifier or documented video-to-driver mapping in path or filename.,30.0,300,300,10.0,720,1280,True,
n_597,data/raw/SUST Driver Drowsiness Dataset/not drowsiness/n_597.mp4,.mp4,not_drowsy,directory:not drowsiness,,No subject identifier or documented video-to-driver mapping in path or filename.,30.0,300,300,10.0,720,1280,True,
n_598,data/raw/SUST Driver Drowsiness Dataset/not drowsiness/n_598.mp4,.mp4,not_drowsy,directory:not drowsiness,,No subject identifier or documented video-to-driver mapping in path or filename.,30.0,300,300,10.0,720,1280,True,
n_599,data/raw/SUST Driver Drowsiness Dataset/not drowsiness/n_599.mp4,.mp4,not_drowsy,directory:not drowsiness,,No subject identifier or documented video-to-driver mapping in path or filename.,30.0,300,300,10.0,720,1280,True,
n_6,data/raw/SUST Driver Drowsiness Dataset/not drowsiness/n_6.mp4,.mp4,not_drowsy,directory:not drowsiness,,No subject identifier or documented video-to-driver mapping in path or filename.,30.0,300,300,10.0,720,1280,True,
n_60,data/raw/SUST Driver Drowsiness Dataset/not drowsiness/n_60.mp4,.mp4,not_drowsy,directory:not drowsiness,,No subject identifier or documented video-to-driver mapping in path or filename.,30.0,300,300,10.0,720,1280,True,
n_600,data/raw/SUST Driver Drowsiness Dataset/not drowsiness/n_600.mp4,.mp4,not_drowsy,directory:not drowsiness,,No subject identifier or documented video-to-driver mapping in path or filename.,30.0,300,300,10.0,720,1280,True,
n_601,data/raw/SUST Driver Drowsiness Dataset/not drowsiness/n_601.mp4,.mp4,not_drowsy,directory:not drowsiness,,No subject identifier or documented video-to-driver mapping in path or filename.,30.0,300,300,10.0,720,1280,True,
n_602,data/raw/SUST Driver Drowsiness Dataset/not drowsiness/n_602.mp4,.mp4,not_drowsy,directory:not drowsiness,,No subject identifier or documented video-to-driver mapping in path or filename.,30.0,300,300,10.0,720,1280,True,
n_603,data/raw/SUST Driver Drowsiness Dataset/not drowsiness/n_603.mp4,.mp4,not_drowsy,directory:not drowsiness,,No subject identifier or documented video-to-driver mapping in path or filename.,30.0,300,300,10.0,720,1280,True,
n_604,data/raw/SUST Driver Drowsiness Dataset/not drowsiness/n_604.mp4,.mp4,not_drowsy,directory:not drowsiness,,No subject identifier or documented video-to-driver mapping in path or filename.,30.0,300,300,10.0,720,1280,True,
n_605,data/raw/SUST Driver Drowsiness Dataset/not drowsiness/n_605.mp4,.mp4,not_drowsy,directory:not drowsiness,,No subject identifier or documented video-to-driver mapping in path or filename.,30.0,300,300,10.0,720,1280,True,
n_606,data/raw/SUST Driver Drowsiness Dataset/not drowsiness/n_606.mp4,.mp4,not_drowsy,directory:not drowsiness,,No subject identifier or documented video-to-driver mapping in path or filename.,30.0,300,300,10.0,720,1280,True,
n_607,data/raw/SUST Driver Drowsiness Dataset/not drowsiness/n_607.mp4,.mp4,not_drowsy,directory:not drowsiness,,No subject identifier or documented video-to-driver mapping in path or filename.,30.0,300,300,10.0,720,1280,True,
n_608,data/raw/SUST Driver Drowsiness Dataset/not drowsiness/n_608.mp4,.mp4,not_drowsy,directory:not drowsiness,,No subject identifier or documented video-to-driver mapping in path or filename.,30.0,300,300,10.0,720,1280,True,
n_609,data/raw/SUST Driver Drowsiness Dataset/not drowsiness/n_609.mp4,.mp4,not_drowsy,directory:not drowsiness,,No subject identifier or documented video-to-driver mapping in path or filename.,30.0,300,300,10.0,720,1280,True,
n_61,data/raw/SUST Driver Drowsiness Dataset/not drowsiness/n_61.mp4,.mp4,not_drowsy,directory:not drowsiness,,No subject identifier or documented video-to-driver mapping in path or filename.,30.0,300,300,10.0,720,1280,True,
n_610,data/raw/SUST Driver Drowsiness Dataset/not drowsiness/n_610.mp4,.mp4,not_drowsy,directory:not drowsiness,,No subject identifier or documented video-to-driver mapping in path or filename.,30.0,300,300,10.0,720,1280,True,
n_611,data/raw/SUST Driver Drowsiness Dataset/not drowsiness/n_611.mp4,.mp4,not_drowsy,directory:not drowsiness,,No subject identifier or documented video-to-driver mapping in path or filename.,30.0,300,300,10.0,720,1280,True,
n_612,data/raw/SUST Driver Drowsiness Dataset/not drowsiness/n_612.mp4,.mp4,not_drowsy,directory:not drowsiness,,No subject identifier or documented video-to-driver mapping in path or filename.,30.0,300,300,10.0,720,1280,True,
n_613,data/raw/SUST Driver Drowsiness Dataset/not drowsiness/n_613.mp4,.mp4,not_drowsy,directory:not drowsiness,,No subject identifier or documented video-to-driver mapping in path or filename.,30.0,300,300,10.0,720,1280,True,
n_614,data/raw/SUST Driver Drowsiness Dataset/not drowsiness/n_614.mp4,.mp4,not_drowsy,directory:not drowsiness,,No subject identifier or documented video-to-driver mapping in path or filename.,30.0,300,300,10.0,720,1280,True,
n_615,data/raw/SUST Driver Drowsiness Dataset/not drowsiness/n_615.mp4,.mp4,not_drowsy,directory:not drowsiness,,No subject identifier or documented video-to-driver mapping in path or filename.,30.0,300,300,10.0,720,1280,True,
n_616,data/raw/SUST Driver Drowsiness Dataset/not drowsiness/n_616.mp4,.mp4,not_drowsy,directory:not drowsiness,,No subject identifier or documented video-to-driver mapping in path or filename.,30.0,300,300,10.0,720,1280,True,
n_617,data/raw/SUST Driver Drowsiness Dataset/not drowsiness/n_617.mp4,.mp4,not_drowsy,directory:not drowsiness,,No subject identifier or documented video-to-driver mapping in path or filename.,30.0,300,300,10.0,720,1280,True,
n_618,data/raw/SUST Driver Drowsiness Dataset/not drowsiness/n_618.mp4,.mp4,not_drowsy,directory:not drowsiness,,No subject identifier or documented video-to-driver mapping in path or filename.,30.0,300,300,10.0,720,1280,True,
n_619,data/raw/SUST Driver Drowsiness Dataset/not drowsiness/n_619.mp4,.mp4,not_drowsy,directory:not drowsiness,,No subject identifier or documented video-to-driver mapping in path or filename.,30.0,300,300,10.0,720,1280,True,
n_62,data/raw/SUST Driver Drowsiness Dataset/not drowsiness/n_62.mp4,.mp4,not_drowsy,directory:not drowsiness,,No subject identifier or documented video-to-driver mapping in path or filename.,30.0,300,300,10.0,720,1280,True,
n_620,data/raw/SUST Driver Drowsiness Dataset/not drowsiness/n_620.mp4,.mp4,not_drowsy,directory:not drowsiness,,No subject identifier or documented video-to-driver mapping in path or filename.,30.0,300,300,10.0,720,1280,True,
n_621,data/raw/SUST Driver Drowsiness Dataset/not drowsiness/n_621.mp4,.mp4,not_drowsy,directory:not drowsiness,,No subject identifier or documented video-to-driver mapping in path or filename.,30.0,300,300,10.0,720,1280,True,
n_622,data/raw/SUST Driver Drowsiness Dataset/not drowsiness/n_622.mp4,.mp4,not_drowsy,directory:not drowsiness,,No subject identifier or documented video-to-driver mapping in path or filename.,30.0,300,300,10.0,720,1280,True,
n_623,data/raw/SUST Driver Drowsiness Dataset/not drowsiness/n_623.mp4,.mp4,not_drowsy,directory:not drowsiness,,No subject identifier or documented video-to-driver mapping in path or filename.,30.0,300,300,10.0,720,1280,True,
n_624,data/raw/SUST Driver Drowsiness Dataset/not drowsiness/n_624.mp4,.mp4,not_drowsy,directory:not drowsiness,,No subject identifier or documented video-to-driver mapping in path or filename.,30.0,300,300,10.0,720,1280,True,
n_625,data/raw/SUST Driver Drowsiness Dataset/not drowsiness/n_625.mp4,.mp4,not_drowsy,directory:not drowsiness,,No subject identifier or documented video-to-driver mapping in path or filename.,30.0,300,300,10.0,720,1280,True,
n_626,data/raw/SUST Driver Drowsiness Dataset/not drowsiness/n_626.mp4,.mp4,not_drowsy,directory:not drowsiness,,No subject identifier or documented video-to-driver mapping in path or filename.,30.0,300,300,10.0,720,1280,True,
n_627,data/raw/SUST Driver Drowsiness Dataset/not drowsiness/n_627.mp4,.mp4,not_drowsy,directory:not drowsiness,,No subject identifier or documented video-to-driver mapping in path or filename.,30.0,300,300,10.0,720,1280,True,
n_628,data/raw/SUST Driver Drowsiness Dataset/not drowsiness/n_628.mp4,.mp4,not_drowsy,directory:not drowsiness,,No subject identifier or documented video-to-driver mapping in path or filename.,30.0,300,300,10.0,720,1280,True,
n_629,data/raw/SUST Driver Drowsiness Dataset/not drowsiness/n_629.mp4,.mp4,not_drowsy,directory:not drowsiness,,No subject identifier or documented video-to-driver mapping in path or filename.,30.0,300,300,10.0,720,1280,True,
n_63,data/raw/SUST Driver Drowsiness Dataset/not drowsiness/n_63.mp4,.mp4,not_drowsy,directory:not drowsiness,,No subject identifier or documented video-to-driver mapping in path or filename.,30.0,300,300,10.0,720,1280,True,
n_630,data/raw/SUST Driver Drowsiness Dataset/not drowsiness/n_630.mp4,.mp4,not_drowsy,directory:not drowsiness,,No subject identifier or documented video-to-driver mapping in path or filename.,30.0,300,300,10.0,720,1280,True,
n_631,data/raw/SUST Driver Drowsiness Dataset/not drowsiness/n_631.mp4,.mp4,not_drowsy,directory:not drowsiness,,No subject identifier or documented video-to-driver mapping in path or filename.,30.0,300,300,10.0,720,1280,True,
n_632,data/raw/SUST Driver Drowsiness Dataset/not drowsiness/n_632.mp4,.mp4,not_drowsy,directory:not drowsiness,,No subject identifier or documented video-to-driver mapping in path or filename.,30.0,300,300,10.0,720,1280,True,
n_633,data/raw/SUST Driver Drowsiness Dataset/not drowsiness/n_633.mp4,.mp4,not_drowsy,directory:not drowsiness,,No subject identifier or documented video-to-driver mapping in path or filename.,30.0,300,300,10.0,720,1280,True,
n_634,data/raw/SUST Driver Drowsiness Dataset/not drowsiness/n_634.mp4,.mp4,not_drowsy,directory:not drowsiness,,No subject identifier or documented video-to-driver mapping in path or filename.,30.0,300,300,10.0,720,1280,True,
n_635,data/raw/SUST Driver Drowsiness Dataset/not drowsiness/n_635.mp4,.mp4,not_drowsy,directory:not drowsiness,,No subject identifier or documented video-to-driver mapping in path or filename.,30.0,300,300,10.0,720,1280,True,
n_636,data/raw/SUST Driver Drowsiness Dataset/not drowsiness/n_636.mp4,.mp4,not_drowsy,directory:not drowsiness,,No subject identifier or documented video-to-driver mapping in path or filename.,30.0,300,300,10.0,720,1280,True,
n_637,data/raw/SUST Driver Drowsiness Dataset/not drowsiness/n_637.mp4,.mp4,not_drowsy,directory:not drowsiness,,No subject identifier or documented video-to-driver mapping in path or filename.,30.0,300,300,10.0,720,1280,True,
n_638,data/raw/SUST Driver Drowsiness Dataset/not drowsiness/n_638.mp4,.mp4,not_drowsy,directory:not drowsiness,,No subject identifier or documented video-to-driver mapping in path or filename.,30.0,300,300,10.0,720,1280,True,
n_639,data/raw/SUST Driver Drowsiness Dataset/not drowsiness/n_639.mp4,.mp4,not_drowsy,directory:not drowsiness,,No subject identifier or documented video-to-driver mapping in path or filename.,30.0,300,300,10.0,720,1280,True,
n_64,data/raw/SUST Driver Drowsiness Dataset/not drowsiness/n_64.mp4,.mp4,not_drowsy,directory:not drowsiness,,No subject identifier or documented video-to-driver mapping in path or filename.,30.0,300,300,10.0,720,1280,True,
n_640,data/raw/SUST Driver Drowsiness Dataset/not drowsiness/n_640.mp4,.mp4,not_drowsy,directory:not drowsiness,,No subject identifier or documented video-to-driver mapping in path or filename.,30.0,300,300,10.0,720,1280,True,
n_641,data/raw/SUST Driver Drowsiness Dataset/not drowsiness/n_641.mp4,.mp4,not_drowsy,directory:not drowsiness,,No subject identifier or documented video-to-driver mapping in path or filename.,30.0,300,300,10.0,720,1280,True,
n_642,data/raw/SUST Driver Drowsiness Dataset/not drowsiness/n_642.mp4,.mp4,not_drowsy,directory:not drowsiness,,No subject identifier or documented video-to-driver mapping in path or filename.,30.0,300,300,10.0,720,1280,True,
n_643,data/raw/SUST Driver Drowsiness Dataset/not drowsiness/n_643.mp4,.mp4,not_drowsy,directory:not drowsiness,,No subject identifier or documented video-to-driver mapping in path or filename.,30.0,300,300,10.0,720,1280,True,
n_644,data/raw/SUST Driver Drowsiness Dataset/not drowsiness/n_644.mp4,.mp4,not_drowsy,directory:not drowsiness,,No subject identifier or documented video-to-driver mapping in path or filename.,30.0,300,300,10.0,720,1280,True,
n_645,data/raw/SUST Driver Drowsiness Dataset/not drowsiness/n_645.mp4,.mp4,not_drowsy,directory:not drowsiness,,No subject identifier or documented video-to-driver mapping in path or filename.,30.0,300,300,10.0,720,1280,True,
n_646,data/raw/SUST Driver Drowsiness Dataset/not drowsiness/n_646.mp4,.mp4,not_drowsy,directory:not drowsiness,,No subject identifier or documented video-to-driver mapping in path or filename.,30.0,300,300,10.0,720,1280,True,
n_647,data/raw/SUST Driver Drowsiness Dataset/not drowsiness/n_647.mp4,.mp4,not_drowsy,directory:not drowsiness,,No subject identifier or documented video-to-driver mapping in path or filename.,30.0,300,300,10.0,720,1280,True,
n_648,data/raw/SUST Driver Drowsiness Dataset/not drowsiness/n_648.mp4,.mp4,not_drowsy,directory:not drowsiness,,No subject identifier or documented video-to-driver mapping in path or filename.,30.0,300,300,10.0,720,1280,True,
n_649,data/raw/SUST Driver Drowsiness Dataset/not drowsiness/n_649.mp4,.mp4,not_drowsy,directory:not drowsiness,,No subject identifier or documented video-to-driver mapping in path or filename.,30.0,300,300,10.0,720,1280,True,
n_65,data/raw/SUST Driver Drowsiness Dataset/not drowsiness/n_65.mp4,.mp4,not_drowsy,directory:not drowsiness,,No subject identifier or documented video-to-driver mapping in path or filename.,30.0,300,300,10.0,720,1280,True,
n_650,data/raw/SUST Driver Drowsiness Dataset/not drowsiness/n_650.mp4,.mp4,not_drowsy,directory:not drowsiness,,No subject identifier or documented video-to-driver mapping in path or filename.,30.0,300,300,10.0,720,1280,True,
n_651,data/raw/SUST Driver Drowsiness Dataset/not drowsiness/n_651.mp4,.mp4,not_drowsy,directory:not drowsiness,,No subject identifier or documented video-to-driver mapping in path or filename.,30.0,300,300,10.0,720,1280,True,
n_652,data/raw/SUST Driver Drowsiness Dataset/not drowsiness/n_652.mp4,.mp4,not_drowsy,directory:not drowsiness,,No subject identifier or documented video-to-driver mapping in path or filename.,30.0,300,300,10.0,720,1280,True,
n_653,data/raw/SUST Driver Drowsiness Dataset/not drowsiness/n_653.mp4,.mp4,not_drowsy,directory:not drowsiness,,No subject identifier or documented video-to-driver mapping in path or filename.,30.0,300,300,10.0,720,1280,True,
n_654,data/raw/SUST Driver Drowsiness Dataset/not drowsiness/n_654.mp4,.mp4,not_drowsy,directory:not drowsiness,,No subject identifier or documented video-to-driver mapping in path or filename.,30.0,300,300,10.0,720,1280,True,
n_655,data/raw/SUST Driver Drowsiness Dataset/not drowsiness/n_655.mp4,.mp4,not_drowsy,directory:not drowsiness,,No subject identifier or documented video-to-driver mapping in path or filename.,30.0,300,300,10.0,720,1280,True,
n_656,data/raw/SUST Driver Drowsiness Dataset/not drowsiness/n_656.mp4,.mp4,not_drowsy,directory:not drowsiness,,No subject identifier or documented video-to-driver mapping in path or filename.,30.0,300,300,10.0,720,1280,True,
n_657,data/raw/SUST Driver Drowsiness Dataset/not drowsiness/n_657.mp4,.mp4,not_drowsy,directory:not drowsiness,,No subject identifier or documented video-to-driver mapping in path or filename.,30.0,300,300,10.0,720,1280,True,
n_658,data/raw/SUST Driver Drowsiness Dataset/not drowsiness/n_658.mp4,.mp4,not_drowsy,directory:not drowsiness,,No subject identifier or documented video-to-driver mapping in path or filename.,30.0,300,300,10.0,720,1280,True,
n_659,data/raw/SUST Driver Drowsiness Dataset/not drowsiness/n_659.mp4,.mp4,not_drowsy,directory:not drowsiness,,No subject identifier or documented video-to-driver mapping in path or filename.,30.0,300,300,10.0,720,1280,True,
n_66,data/raw/SUST Driver Drowsiness Dataset/not drowsiness/n_66.mp4,.mp4,not_drowsy,directory:not drowsiness,,No subject identifier or documented video-to-driver mapping in path or filename.,30.0,300,300,10.0,720,1280,True,
n_660,data/raw/SUST Driver Drowsiness Dataset/not drowsiness/n_660.mp4,.mp4,not_drowsy,directory:not drowsiness,,No subject identifier or documented video-to-driver mapping in path or filename.,30.0,300,300,10.0,720,1280,True,
n_661,data/raw/SUST Driver Drowsiness Dataset/not drowsiness/n_661.mp4,.mp4,not_drowsy,directory:not drowsiness,,No subject identifier or documented video-to-driver mapping in path or filename.,30.0,300,300,10.0,720,1280,True,
n_662,data/raw/SUST Driver Drowsiness Dataset/not drowsiness/n_662.mp4,.mp4,not_drowsy,directory:not drowsiness,,No subject identifier or documented video-to-driver mapping in path or filename.,30.0,300,300,10.0,720,1280,True,
n_663,data/raw/SUST Driver Drowsiness Dataset/not drowsiness/n_663.mp4,.mp4,not_drowsy,directory:not drowsiness,,No subject identifier or documented video-to-driver mapping in path or filename.,30.0,300,300,10.0,720,1280,True,
n_664,data/raw/SUST Driver Drowsiness Dataset/not drowsiness/n_664.mp4,.mp4,not_drowsy,directory:not drowsiness,,No subject identifier or documented video-to-driver mapping in path or filename.,30.0,300,300,10.0,720,1280,True,
n_665,data/raw/SUST Driver Drowsiness Dataset/not drowsiness/n_665.mp4,.mp4,not_drowsy,directory:not drowsiness,,No subject identifier or documented video-to-driver mapping in path or filename.,30.0,300,300,10.0,720,1280,True,
n_666,data/raw/SUST Driver Drowsiness Dataset/not drowsiness/n_666.mp4,.mp4,not_drowsy,directory:not drowsiness,,No subject identifier or documented video-to-driver mapping in path or filename.,30.0,300,300,10.0,720,1280,True,
n_667,data/raw/SUST Driver Drowsiness Dataset/not drowsiness/n_667.mp4,.mp4,not_drowsy,directory:not drowsiness,,No subject identifier or documented video-to-driver mapping in path or filename.,30.0,300,300,10.0,720,1280,True,
n_668,data/raw/SUST Driver Drowsiness Dataset/not drowsiness/n_668.mp4,.mp4,not_drowsy,directory:not drowsiness,,No subject identifier or documented video-to-driver mapping in path or filename.,25.0,250,250,10.0,720,1280,True,
n_669,data/raw/SUST Driver Drowsiness Dataset/not drowsiness/n_669.mp4,.mp4,not_drowsy,directory:not drowsiness,,No subject identifier or documented video-to-driver mapping in path or filename.,25.0,250,250,10.0,720,1280,True,
n_67,data/raw/SUST Driver Drowsiness Dataset/not drowsiness/n_67.mp4,.mp4,not_drowsy,directory:not drowsiness,,No subject identifier or documented video-to-driver mapping in path or filename.,30.0,300,300,10.0,720,1280,True,
n_670,data/raw/SUST Driver Drowsiness Dataset/not drowsiness/n_670.mp4,.mp4,not_drowsy,directory:not drowsiness,,No subject identifier or documented video-to-driver mapping in path or filename.,25.0,250,250,10.0,720,1280,True,
n_671,data/raw/SUST Driver Drowsiness Dataset/not drowsiness/n_671.mp4,.mp4,not_drowsy,directory:not drowsiness,,No subject identifier or documented video-to-driver mapping in path or filename.,25.0,250,250,10.0,720,1280,True,
n_672,data/raw/SUST Driver Drowsiness Dataset/not drowsiness/n_672.mp4,.mp4,not_drowsy,directory:not drowsiness,,No subject identifier or documented video-to-driver mapping in path or filename.,25.0,250,250,10.0,720,1280,True,
n_673,data/raw/SUST Driver Drowsiness Dataset/not drowsiness/n_673.mp4,.mp4,not_drowsy,directory:not drowsiness,,No subject identifier or documented video-to-driver mapping in path or filename.,25.0,250,250,10.0,720,1280,True,
n_674,data/raw/SUST Driver Drowsiness Dataset/not drowsiness/n_674.mp4,.mp4,not_drowsy,directory:not drowsiness,,No subject identifier or documented video-to-driver mapping in path or filename.,25.0,250,250,10.0,720,1280,True,
n_675,data/raw/SUST Driver Drowsiness Dataset/not drowsiness/n_675.mp4,.mp4,not_drowsy,directory:not drowsiness,,No subject identifier or documented video-to-driver mapping in path or filename.,25.0,250,250,10.0,720,1280,True,
n_676,data/raw/SUST Driver Drowsiness Dataset/not drowsiness/n_676.mp4,.mp4,not_drowsy,directory:not drowsiness,,No subject identifier or documented video-to-driver mapping in path or filename.,25.0,250,250,10.0,720,1280,True,
n_677,data/raw/SUST Driver Drowsiness Dataset/not drowsiness/n_677.mp4,.mp4,not_drowsy,directory:not drowsiness,,No subject identifier or documented video-to-driver mapping in path or filename.,25.0,250,250,10.0,720,1280,True,
n_678,data/raw/SUST Driver Drowsiness Dataset/not drowsiness/n_678.mp4,.mp4,not_drowsy,directory:not drowsiness,,No subject identifier or documented video-to-driver mapping in path or filename.,25.0,250,250,10.0,720,1280,True,
n_679,data/raw/SUST Driver Drowsiness Dataset/not drowsiness/n_679.mp4,.mp4,not_drowsy,directory:not drowsiness,,No subject identifier or documented video-to-driver mapping in path or filename.,25.0,250,250,10.0,720,1280,True,
n_68,data/raw/SUST Driver Drowsiness Dataset/not drowsiness/n_68.mp4,.mp4,not_drowsy,directory:not drowsiness,,No subject identifier or documented video-to-driver mapping in path or filename.,30.0,300,300,10.0,720,1280,True,
n_680,data/raw/SUST Driver Drowsiness Dataset/not drowsiness/n_680.mp4,.mp4,not_drowsy,directory:not drowsiness,,No subject identifier or documented video-to-driver mapping in path or filename.,25.0,250,250,10.0,720,1280,True,
n_681,data/raw/SUST Driver Drowsiness Dataset/not drowsiness/n_681.mp4,.mp4,not_drowsy,directory:not drowsiness,,No subject identifier or documented video-to-driver mapping in path or filename.,25.0,250,250,10.0,720,1280,True,
n_682,data/raw/SUST Driver Drowsiness Dataset/not drowsiness/n_682.mp4,.mp4,not_drowsy,directory:not drowsiness,,No subject identifier or documented video-to-driver mapping in path or filename.,25.0,250,250,10.0,720,1280,True,
n_683,data/raw/SUST Driver Drowsiness Dataset/not drowsiness/n_683.mp4,.mp4,not_drowsy,directory:not drowsiness,,No subject identifier or documented video-to-driver mapping in path or filename.,25.0,250,250,10.0,720,1280,True,
n_684,data/raw/SUST Driver Drowsiness Dataset/not drowsiness/n_684.mp4,.mp4,not_drowsy,directory:not drowsiness,,No subject identifier or documented video-to-driver mapping in path or filename.,25.0,250,250,10.0,720,1280,True,
n_685,data/raw/SUST Driver Drowsiness Dataset/not drowsiness/n_685.mp4,.mp4,not_drowsy,directory:not drowsiness,,No subject identifier or documented video-to-driver mapping in path or filename.,25.0,250,250,10.0,720,1280,True,
n_686,data/raw/SUST Driver Drowsiness Dataset/not drowsiness/n_686.mp4,.mp4,not_drowsy,directory:not drowsiness,,No subject identifier or documented video-to-driver mapping in path or filename.,25.0,250,250,10.0,720,1280,True,
n_687,data/raw/SUST Driver Drowsiness Dataset/not drowsiness/n_687.mp4,.mp4,not_drowsy,directory:not drowsiness,,No subject identifier or documented video-to-driver mapping in path or filename.,25.0,250,250,10.0,720,1280,True,
n_688,data/raw/SUST Driver Drowsiness Dataset/not drowsiness/n_688.mp4,.mp4,not_drowsy,directory:not drowsiness,,No subject identifier or documented video-to-driver mapping in path or filename.,25.0,250,250,10.0,720,1280,True,
n_689,data/raw/SUST Driver Drowsiness Dataset/not drowsiness/n_689.mp4,.mp4,not_drowsy,directory:not drowsiness,,No subject identifier or documented video-to-driver mapping in path or filename.,25.0,250,250,10.0,720,1280,True,
n_69,data/raw/SUST Driver Drowsiness Dataset/not drowsiness/n_69.mp4,.mp4,not_drowsy,directory:not drowsiness,,No subject identifier or documented video-to-driver mapping in path or filename.,30.0,300,300,10.0,720,1280,True,
n_690,data/raw/SUST Driver Drowsiness Dataset/not drowsiness/n_690.mp4,.mp4,not_drowsy,directory:not drowsiness,,No subject identifier or documented video-to-driver mapping in path or filename.,25.0,250,250,10.0,720,1280,True,
n_691,data/raw/SUST Driver Drowsiness Dataset/not drowsiness/n_691.mp4,.mp4,not_drowsy,directory:not drowsiness,,No subject identifier or documented video-to-driver mapping in path or filename.,25.0,250,250,10.0,720,1280,True,
n_692,data/raw/SUST Driver Drowsiness Dataset/not drowsiness/n_692.mp4,.mp4,not_drowsy,directory:not drowsiness,,No subject identifier or documented video-to-driver mapping in path or filename.,25.0,250,250,10.0,720,1280,True,
n_693,data/raw/SUST Driver Drowsiness Dataset/not drowsiness/n_693.mp4,.mp4,not_drowsy,directory:not drowsiness,,No subject identifier or documented video-to-driver mapping in path or filename.,25.0,250,250,10.0,720,1280,True,
n_694,data/raw/SUST Driver Drowsiness Dataset/not drowsiness/n_694.mp4,.mp4,not_drowsy,directory:not drowsiness,,No subject identifier or documented video-to-driver mapping in path or filename.,25.0,250,250,10.0,720,1280,True,
n_695,data/raw/SUST Driver Drowsiness Dataset/not drowsiness/n_695.mp4,.mp4,not_drowsy,directory:not drowsiness,,No subject identifier or documented video-to-driver mapping in path or filename.,25.0,250,250,10.0,720,1280,True,
n_696,data/raw/SUST Driver Drowsiness Dataset/not drowsiness/n_696.mp4,.mp4,not_drowsy,directory:not drowsiness,,No subject identifier or documented video-to-driver mapping in path or filename.,25.0,250,250,10.0,720,1280,True,
n_697,data/raw/SUST Driver Drowsiness Dataset/not drowsiness/n_697.mp4,.mp4,not_drowsy,directory:not drowsiness,,No subject identifier or documented video-to-driver mapping in path or filename.,25.0,250,250,10.0,720,1280,True,
n_698,data/raw/SUST Driver Drowsiness Dataset/not drowsiness/n_698.mp4,.mp4,not_drowsy,directory:not drowsiness,,No subject identifier or documented video-to-driver mapping in path or filename.,25.0,250,250,10.0,720,1280,True,
n_699,data/raw/SUST Driver Drowsiness Dataset/not drowsiness/n_699.mp4,.mp4,not_drowsy,directory:not drowsiness,,No subject identifier or documented video-to-driver mapping in path or filename.,25.0,250,250,10.0,720,1280,True,
n_7,data/raw/SUST Driver Drowsiness Dataset/not drowsiness/n_7.mp4,.mp4,not_drowsy,directory:not drowsiness,,No subject identifier or documented video-to-driver mapping in path or filename.,30.0,300,300,10.0,720,1280,True,
n_70,data/raw/SUST Driver Drowsiness Dataset/not drowsiness/n_70.mp4,.mp4,not_drowsy,directory:not drowsiness,,No subject identifier or documented video-to-driver mapping in path or filename.,30.0,300,300,10.0,720,1280,True,
n_700,data/raw/SUST Driver Drowsiness Dataset/not drowsiness/n_700.mp4,.mp4,not_drowsy,directory:not drowsiness,,No subject identifier or documented video-to-driver mapping in path or filename.,25.0,250,250,10.0,720,1280,True,
n_701,data/raw/SUST Driver Drowsiness Dataset/not drowsiness/n_701.mp4,.mp4,not_drowsy,directory:not drowsiness,,No subject identifier or documented video-to-driver mapping in path or filename.,25.0,250,250,10.0,720,1280,True,
n_702,data/raw/SUST Driver Drowsiness Dataset/not drowsiness/n_702.mp4,.mp4,not_drowsy,directory:not drowsiness,,No subject identifier or documented video-to-driver mapping in path or filename.,25.0,250,250,10.0,720,1280,True,
n_703,data/raw/SUST Driver Drowsiness Dataset/not drowsiness/n_703.mp4,.mp4,not_drowsy,directory:not drowsiness,,No subject identifier or documented video-to-driver mapping in path or filename.,25.0,250,250,10.0,720,1280,True,
n_704,data/raw/SUST Driver Drowsiness Dataset/not drowsiness/n_704.mp4,.mp4,not_drowsy,directory:not drowsiness,,No subject identifier or documented video-to-driver mapping in path or filename.,25.0,250,250,10.0,720,1280,True,
n_705,data/raw/SUST Driver Drowsiness Dataset/not drowsiness/n_705.mp4,.mp4,not_drowsy,directory:not drowsiness,,No subject identifier or documented video-to-driver mapping in path or filename.,25.0,250,250,10.0,720,1280,True,
n_706,data/raw/SUST Driver Drowsiness Dataset/not drowsiness/n_706.mp4,.mp4,not_drowsy,directory:not drowsiness,,No subject identifier or documented video-to-driver mapping in path or filename.,25.0,250,250,10.0,720,1280,True,
n_707,data/raw/SUST Driver Drowsiness Dataset/not drowsiness/n_707.mp4,.mp4,not_drowsy,directory:not drowsiness,,No subject identifier or documented video-to-driver mapping in path or filename.,25.0,250,250,10.0,720,1280,True,
n_708,data/raw/SUST Driver Drowsiness Dataset/not drowsiness/n_708.mp4,.mp4,not_drowsy,directory:not drowsiness,,No subject identifier or documented video-to-driver mapping in path or filename.,25.0,250,250,10.0,720,1280,True,
n_709,data/raw/SUST Driver Drowsiness Dataset/not drowsiness/n_709.mp4,.mp4,not_drowsy,directory:not drowsiness,,No subject identifier or documented video-to-driver mapping in path or filename.,25.0,250,250,10.0,720,1280,True,
n_71,data/raw/SUST Driver Drowsiness Dataset/not drowsiness/n_71.mp4,.mp4,not_drowsy,directory:not drowsiness,,No subject identifier or documented video-to-driver mapping in path or filename.,30.0,300,300,10.0,720,1280,True,
n_710,data/raw/SUST Driver Drowsiness Dataset/not drowsiness/n_710.mp4,.mp4,not_drowsy,directory:not drowsiness,,No subject identifier or documented video-to-driver mapping in path or filename.,25.0,250,250,10.0,720,1280,True,
n_711,data/raw/SUST Driver Drowsiness Dataset/not drowsiness/n_711.mp4,.mp4,not_drowsy,directory:not drowsiness,,No subject identifier or documented video-to-driver mapping in path or filename.,25.0,250,250,10.0,720,1280,True,
n_712,data/raw/SUST Driver Drowsiness Dataset/not drowsiness/n_712.mp4,.mp4,not_drowsy,directory:not drowsiness,,No subject identifier or documented video-to-driver mapping in path or filename.,25.0,250,250,10.0,720,1280,True,
n_713,data/raw/SUST Driver Drowsiness Dataset/not drowsiness/n_713.mp4,.mp4,not_drowsy,directory:not drowsiness,,No subject identifier or documented video-to-driver mapping in path or filename.,25.0,250,250,10.0,720,1280,True,
n_714,data/raw/SUST Driver Drowsiness Dataset/not drowsiness/n_714.mp4,.mp4,not_drowsy,directory:not drowsiness,,No subject identifier or documented video-to-driver mapping in path or filename.,25.0,250,250,10.0,720,1280,True,
n_715,data/raw/SUST Driver Drowsiness Dataset/not drowsiness/n_715.mp4,.mp4,not_drowsy,directory:not drowsiness,,No subject identifier or documented video-to-driver mapping in path or filename.,25.0,250,250,10.0,720,1280,True,
n_716,data/raw/SUST Driver Drowsiness Dataset/not drowsiness/n_716.mp4,.mp4,not_drowsy,directory:not drowsiness,,No subject identifier or documented video-to-driver mapping in path or filename.,25.0,250,250,10.0,720,1280,True,
n_717,data/raw/SUST Driver Drowsiness Dataset/not drowsiness/n_717.mp4,.mp4,not_drowsy,directory:not drowsiness,,No subject identifier or documented video-to-driver mapping in path or filename.,25.0,250,250,10.0,720,1280,True,
n_718,data/raw/SUST Driver Drowsiness Dataset/not drowsiness/n_718.mp4,.mp4,not_drowsy,directory:not drowsiness,,No subject identifier or documented video-to-driver mapping in path or filename.,25.0,250,250,10.0,720,1280,True,
n_719,data/raw/SUST Driver Drowsiness Dataset/not drowsiness/n_719.mp4,.mp4,not_drowsy,directory:not drowsiness,,No subject identifier or documented video-to-driver mapping in path or filename.,25.0,250,250,10.0,720,1280,True,
n_72,data/raw/SUST Driver Drowsiness Dataset/not drowsiness/n_72.mp4,.mp4,not_drowsy,directory:not drowsiness,,No subject identifier or documented video-to-driver mapping in path or filename.,30.0,300,300,10.0,720,1280,True,
n_720,data/raw/SUST Driver Drowsiness Dataset/not drowsiness/n_720.mp4,.mp4,not_drowsy,directory:not drowsiness,,No subject identifier or documented video-to-driver mapping in path or filename.,25.0,250,250,10.0,720,1280,True,
n_721,data/raw/SUST Driver Drowsiness Dataset/not drowsiness/n_721.mp4,.mp4,not_drowsy,directory:not drowsiness,,No subject identifier or documented video-to-driver mapping in path or filename.,25.0,250,250,10.0,720,1280,True,
n_722,data/raw/SUST Driver Drowsiness Dataset/not drowsiness/n_722.mp4,.mp4,not_drowsy,directory:not drowsiness,,No subject identifier or documented video-to-driver mapping in path or filename.,25.0,250,250,10.0,720,1280,True,
n_723,data/raw/SUST Driver Drowsiness Dataset/not drowsiness/n_723.mp4,.mp4,not_drowsy,directory:not drowsiness,,No subject identifier or documented video-to-driver mapping in path or filename.,25.0,250,250,10.0,720,1280,True,
n_724,data/raw/SUST Driver Drowsiness Dataset/not drowsiness/n_724.mp4,.mp4,not_drowsy,directory:not drowsiness,,No subject identifier or documented video-to-driver mapping in path or filename.,25.0,250,250,10.0,720,1280,True,
n_725,data/raw/SUST Driver Drowsiness Dataset/not drowsiness/n_725.mp4,.mp4,not_drowsy,directory:not drowsiness,,No subject identifier or documented video-to-driver mapping in path or filename.,25.0,250,250,10.0,720,1280,True,
n_726,data/raw/SUST Driver Drowsiness Dataset/not drowsiness/n_726.mp4,.mp4,not_drowsy,directory:not drowsiness,,No subject identifier or documented video-to-driver mapping in path or filename.,25.0,250,250,10.0,720,1280,True,
n_727,data/raw/SUST Driver Drowsiness Dataset/not drowsiness/n_727.mp4,.mp4,not_drowsy,directory:not drowsiness,,No subject identifier or documented video-to-driver mapping in path or filename.,25.0,250,250,10.0,720,1280,True,
n_728,data/raw/SUST Driver Drowsiness Dataset/not drowsiness/n_728.mp4,.mp4,not_drowsy,directory:not drowsiness,,No subject identifier or documented video-to-driver mapping in path or filename.,25.0,250,250,10.0,720,1280,True,
n_729,data/raw/SUST Driver Drowsiness Dataset/not drowsiness/n_729.mp4,.mp4,not_drowsy,directory:not drowsiness,,No subject identifier or documented video-to-driver mapping in path or filename.,25.0,250,250,10.0,720,1280,True,
n_73,data/raw/SUST Driver Drowsiness Dataset/not drowsiness/n_73.mp4,.mp4,not_drowsy,directory:not drowsiness,,No subject identifier or documented video-to-driver mapping in path or filename.,30.0,300,300,10.0,720,1280,True,
n_730,data/raw/SUST Driver Drowsiness Dataset/not drowsiness/n_730.mp4,.mp4,not_drowsy,directory:not drowsiness,,No subject identifier or documented video-to-driver mapping in path or filename.,25.0,250,250,10.0,720,1280,True,
n_731,data/raw/SUST Driver Drowsiness Dataset/not drowsiness/n_731.mp4,.mp4,not_drowsy,directory:not drowsiness,,No subject identifier or documented video-to-driver mapping in path or filename.,25.0,250,250,10.0,720,1280,True,
n_732,data/raw/SUST Driver Drowsiness Dataset/not drowsiness/n_732.mp4,.mp4,not_drowsy,directory:not drowsiness,,No subject identifier or documented video-to-driver mapping in path or filename.,25.0,250,250,10.0,720,1280,True,
n_733,data/raw/SUST Driver Drowsiness Dataset/not drowsiness/n_733.mp4,.mp4,not_drowsy,directory:not drowsiness,,No subject identifier or documented video-to-driver mapping in path or filename.,25.0,250,250,10.0,720,1280,True,
n_734,data/raw/SUST Driver Drowsiness Dataset/not drowsiness/n_734.mp4,.mp4,not_drowsy,directory:not drowsiness,,No subject identifier or documented video-to-driver mapping in path or filename.,25.0,250,250,10.0,720,1280,True,
n_735,data/raw/SUST Driver Drowsiness Dataset/not drowsiness/n_735.mp4,.mp4,not_drowsy,directory:not drowsiness,,No subject identifier or documented video-to-driver mapping in path or filename.,25.0,250,250,10.0,720,1280,True,
n_736,data/raw/SUST Driver Drowsiness Dataset/not drowsiness/n_736.mp4,.mp4,not_drowsy,directory:not drowsiness,,No subject identifier or documented video-to-driver mapping in path or filename.,25.0,250,250,10.0,720,1280,True,
n_737,data/raw/SUST Driver Drowsiness Dataset/not drowsiness/n_737.mp4,.mp4,not_drowsy,directory:not drowsiness,,No subject identifier or documented video-to-driver mapping in path or filename.,25.0,250,250,10.0,720,1280,True,
n_738,data/raw/SUST Driver Drowsiness Dataset/not drowsiness/n_738.mp4,.mp4,not_drowsy,directory:not drowsiness,,No subject identifier or documented video-to-driver mapping in path or filename.,25.0,250,250,10.0,720,1280,True,
n_739,data/raw/SUST Driver Drowsiness Dataset/not drowsiness/n_739.mp4,.mp4,not_drowsy,directory:not drowsiness,,No subject identifier or documented video-to-driver mapping in path or filename.,25.0,250,250,10.0,720,1280,True,
n_74,data/raw/SUST Driver Drowsiness Dataset/not drowsiness/n_74.mp4,.mp4,not_drowsy,directory:not drowsiness,,No subject identifier or documented video-to-driver mapping in path or filename.,30.0,300,300,10.0,720,1280,True,
n_740,data/raw/SUST Driver Drowsiness Dataset/not drowsiness/n_740.mp4,.mp4,not_drowsy,directory:not drowsiness,,No subject identifier or documented video-to-driver mapping in path or filename.,25.0,250,250,10.0,720,1280,True,
n_741,data/raw/SUST Driver Drowsiness Dataset/not drowsiness/n_741.mp4,.mp4,not_drowsy,directory:not drowsiness,,No subject identifier or documented video-to-driver mapping in path or filename.,25.0,250,250,10.0,720,1280,True,
n_742,data/raw/SUST Driver Drowsiness Dataset/not drowsiness/n_742.mp4,.mp4,not_drowsy,directory:not drowsiness,,No subject identifier or documented video-to-driver mapping in path or filename.,25.0,250,250,10.0,720,1280,True,
n_743,data/raw/SUST Driver Drowsiness Dataset/not drowsiness/n_743.mp4,.mp4,not_drowsy,directory:not drowsiness,,No subject identifier or documented video-to-driver mapping in path or filename.,25.0,250,250,10.0,720,1280,True,
n_744,data/raw/SUST Driver Drowsiness Dataset/not drowsiness/n_744.mp4,.mp4,not_drowsy,directory:not drowsiness,,No subject identifier or documented video-to-driver mapping in path or filename.,25.0,250,250,10.0,720,1280,True,
n_745,data/raw/SUST Driver Drowsiness Dataset/not drowsiness/n_745.mp4,.mp4,not_drowsy,directory:not drowsiness,,No subject identifier or documented video-to-driver mapping in path or filename.,25.0,250,250,10.0,720,1280,True,
n_746,data/raw/SUST Driver Drowsiness Dataset/not drowsiness/n_746.mp4,.mp4,not_drowsy,directory:not drowsiness,,No subject identifier or documented video-to-driver mapping in path or filename.,25.0,250,250,10.0,720,1280,True,
n_747,data/raw/SUST Driver Drowsiness Dataset/not drowsiness/n_747.mp4,.mp4,not_drowsy,directory:not drowsiness,,No subject identifier or documented video-to-driver mapping in path or filename.,25.0,250,250,10.0,720,1280,True,
n_748,data/raw/SUST Driver Drowsiness Dataset/not drowsiness/n_748.mp4,.mp4,not_drowsy,directory:not drowsiness,,No subject identifier or documented video-to-driver mapping in path or filename.,25.0,250,250,10.0,720,1280,True,
n_749,data/raw/SUST Driver Drowsiness Dataset/not drowsiness/n_749.mp4,.mp4,not_drowsy,directory:not drowsiness,,No subject identifier or documented video-to-driver mapping in path or filename.,25.0,250,250,10.0,720,1280,True,
n_75,data/raw/SUST Driver Drowsiness Dataset/not drowsiness/n_75.mp4,.mp4,not_drowsy,directory:not drowsiness,,No subject identifier or documented video-to-driver mapping in path or filename.,30.0,300,300,10.0,720,1280,True,
n_750,data/raw/SUST Driver Drowsiness Dataset/not drowsiness/n_750.mp4,.mp4,not_drowsy,directory:not drowsiness,,No subject identifier or documented video-to-driver mapping in path or filename.,25.0,250,250,10.0,720,1280,True,
n_751,data/raw/SUST Driver Drowsiness Dataset/not drowsiness/n_751.mp4,.mp4,not_drowsy,directory:not drowsiness,,No subject identifier or documented video-to-driver mapping in path or filename.,25.0,250,250,10.0,720,1280,True,
n_752,data/raw/SUST Driver Drowsiness Dataset/not drowsiness/n_752.mp4,.mp4,not_drowsy,directory:not drowsiness,,No subject identifier or documented video-to-driver mapping in path or filename.,25.0,250,250,10.0,720,1280,True,
n_753,data/raw/SUST Driver Drowsiness Dataset/not drowsiness/n_753.mp4,.mp4,not_drowsy,directory:not drowsiness,,No subject identifier or documented video-to-driver mapping in path or filename.,25.0,250,250,10.0,720,1280,True,
n_754,data/raw/SUST Driver Drowsiness Dataset/not drowsiness/n_754.mp4,.mp4,not_drowsy,directory:not drowsiness,,No subject identifier or documented video-to-driver mapping in path or filename.,29.97,300,300,10.01001,720,1280,True,
n_755,data/raw/SUST Driver Drowsiness Dataset/not drowsiness/n_755.mp4,.mp4,not_drowsy,directory:not drowsiness,,No subject identifier or documented video-to-driver mapping in path or filename.,29.97,300,300,10.01001,720,1280,True,
n_756,data/raw/SUST Driver Drowsiness Dataset/not drowsiness/n_756.mp4,.mp4,not_drowsy,directory:not drowsiness,,No subject identifier or documented video-to-driver mapping in path or filename.,29.97,300,300,10.01001,720,1280,True,
n_757,data/raw/SUST Driver Drowsiness Dataset/not drowsiness/n_757.mp4,.mp4,not_drowsy,directory:not drowsiness,,No subject identifier or documented video-to-driver mapping in path or filename.,29.97,300,300,10.01001,720,1280,True,
n_758,data/raw/SUST Driver Drowsiness Dataset/not drowsiness/n_758.mp4,.mp4,not_drowsy,directory:not drowsiness,,No subject identifier or documented video-to-driver mapping in path or filename.,29.97,300,300,10.01001,720,1280,True,
n_759,data/raw/SUST Driver Drowsiness Dataset/not drowsiness/n_759.mp4,.mp4,not_drowsy,directory:not drowsiness,,No subject identifier or documented video-to-driver mapping in path or filename.,29.97,300,300,10.01001,720,1280,True,
n_76,data/raw/SUST Driver Drowsiness Dataset/not drowsiness/n_76.mp4,.mp4,not_drowsy,directory:not drowsiness,,No subject identifier or documented video-to-driver mapping in path or filename.,30.0,300,300,10.0,720,1280,True,
n_760,data/raw/SUST Driver Drowsiness Dataset/not drowsiness/n_760.mp4,.mp4,not_drowsy,directory:not drowsiness,,No subject identifier or documented video-to-driver mapping in path or filename.,29.97,300,300,10.01001,720,1280,True,
n_761,data/raw/SUST Driver Drowsiness Dataset/not drowsiness/n_761.mp4,.mp4,not_drowsy,directory:not drowsiness,,No subject identifier or documented video-to-driver mapping in path or filename.,29.97,300,300,10.01001,720,1280,True,
n_762,data/raw/SUST Driver Drowsiness Dataset/not drowsiness/n_762.mp4,.mp4,not_drowsy,directory:not drowsiness,,No subject identifier or documented video-to-driver mapping in path or filename.,29.97,300,300,10.01001,720,1280,True,
n_763,data/raw/SUST Driver Drowsiness Dataset/not drowsiness/n_763.mp4,.mp4,not_drowsy,directory:not drowsiness,,No subject identifier or documented video-to-driver mapping in path or filename.,29.97,300,300,10.01001,720,1280,True,
n_764,data/raw/SUST Driver Drowsiness Dataset/not drowsiness/n_764.mp4,.mp4,not_drowsy,directory:not drowsiness,,No subject identifier or documented video-to-driver mapping in path or filename.,29.97,300,300,10.01001,720,1280,True,
n_765,data/raw/SUST Driver Drowsiness Dataset/not drowsiness/n_765.mp4,.mp4,not_drowsy,directory:not drowsiness,,No subject identifier or documented video-to-driver mapping in path or filename.,29.97,300,300,10.01001,720,1280,True,
n_766,data/raw/SUST Driver Drowsiness Dataset/not drowsiness/n_766.mp4,.mp4,not_drowsy,directory:not drowsiness,,No subject identifier or documented video-to-driver mapping in path or filename.,29.97,300,300,10.01001,720,1280,True,
n_767,data/raw/SUST Driver Drowsiness Dataset/not drowsiness/n_767.mp4,.mp4,not_drowsy,directory:not drowsiness,,No subject identifier or documented video-to-driver mapping in path or filename.,29.97,300,300,10.01001,720,1280,True,
n_768,data/raw/SUST Driver Drowsiness Dataset/not drowsiness/n_768.mp4,.mp4,not_drowsy,directory:not drowsiness,,No subject identifier or documented video-to-driver mapping in path or filename.,29.97,300,300,10.01001,720,1280,True,
n_769,data/raw/SUST Driver Drowsiness Dataset/not drowsiness/n_769.mp4,.mp4,not_drowsy,directory:not drowsiness,,No subject identifier or documented video-to-driver mapping in path or filename.,29.97,300,300,10.01001,720,1280,True,
n_77,data/raw/SUST Driver Drowsiness Dataset/not drowsiness/n_77.mp4,.mp4,not_drowsy,directory:not drowsiness,,No subject identifier or documented video-to-driver mapping in path or filename.,30.0,300,300,10.0,720,1280,True,
n_770,data/raw/SUST Driver Drowsiness Dataset/not drowsiness/n_770.mp4,.mp4,not_drowsy,directory:not drowsiness,,No subject identifier or documented video-to-driver mapping in path or filename.,29.97,300,300,10.01001,720,1280,True,
n_771,data/raw/SUST Driver Drowsiness Dataset/not drowsiness/n_771.mp4,.mp4,not_drowsy,directory:not drowsiness,,No subject identifier or documented video-to-driver mapping in path or filename.,29.97,300,300,10.01001,720,1280,True,
n_772,data/raw/SUST Driver Drowsiness Dataset/not drowsiness/n_772.mp4,.mp4,not_drowsy,directory:not drowsiness,,No subject identifier or documented video-to-driver mapping in path or filename.,29.97,300,300,10.01001,720,1280,True,
n_773,data/raw/SUST Driver Drowsiness Dataset/not drowsiness/n_773.mp4,.mp4,not_drowsy,directory:not drowsiness,,No subject identifier or documented video-to-driver mapping in path or filename.,29.97,300,300,10.01001,720,1280,True,
n_774,data/raw/SUST Driver Drowsiness Dataset/not drowsiness/n_774.mp4,.mp4,not_drowsy,directory:not drowsiness,,No subject identifier or documented video-to-driver mapping in path or filename.,29.97,300,300,10.01001,720,1280,True,
n_775,data/raw/SUST Driver Drowsiness Dataset/not drowsiness/n_775.mp4,.mp4,not_drowsy,directory:not drowsiness,,No subject identifier or documented video-to-driver mapping in path or filename.,29.97,300,300,10.01001,720,1280,True,
n_776,data/raw/SUST Driver Drowsiness Dataset/not drowsiness/n_776.mp4,.mp4,not_drowsy,directory:not drowsiness,,No subject identifier or documented video-to-driver mapping in path or filename.,29.97,300,300,10.01001,720,1280,True,
n_777,data/raw/SUST Driver Drowsiness Dataset/not drowsiness/n_777.mp4,.mp4,not_drowsy,directory:not drowsiness,,No subject identifier or documented video-to-driver mapping in path or filename.,29.97,300,300,10.01001,720,1280,True,
n_778,data/raw/SUST Driver Drowsiness Dataset/not drowsiness/n_778.mp4,.mp4,not_drowsy,directory:not drowsiness,,No subject identifier or documented video-to-driver mapping in path or filename.,29.97,300,300,10.01001,720,1280,True,
n_779,data/raw/SUST Driver Drowsiness Dataset/not drowsiness/n_779.mp4,.mp4,not_drowsy,directory:not drowsiness,,No subject identifier or documented video-to-driver mapping in path or filename.,29.97,300,300,10.01001,720,1280,True,
n_78,data/raw/SUST Driver Drowsiness Dataset/not drowsiness/n_78.mp4,.mp4,not_drowsy,directory:not drowsiness,,No subject identifier or documented video-to-driver mapping in path or filename.,30.0,300,300,10.0,720,1280,True,
n_780,data/raw/SUST Driver Drowsiness Dataset/not drowsiness/n_780.mp4,.mp4,not_drowsy,directory:not drowsiness,,No subject identifier or documented video-to-driver mapping in path or filename.,29.97,300,300,10.01001,720,1280,True,
n_781,data/raw/SUST Driver Drowsiness Dataset/not drowsiness/n_781.mp4,.mp4,not_drowsy,directory:not drowsiness,,No subject identifier or documented video-to-driver mapping in path or filename.,29.97,300,300,10.01001,720,1280,True,
n_782,data/raw/SUST Driver Drowsiness Dataset/not drowsiness/n_782.mp4,.mp4,not_drowsy,directory:not drowsiness,,No subject identifier or documented video-to-driver mapping in path or filename.,29.97,300,300,10.01001,720,1280,True,
n_783,data/raw/SUST Driver Drowsiness Dataset/not drowsiness/n_783.mp4,.mp4,not_drowsy,directory:not drowsiness,,No subject identifier or documented video-to-driver mapping in path or filename.,29.97,300,300,10.01001,720,1280,True,
n_784,data/raw/SUST Driver Drowsiness Dataset/not drowsiness/n_784.mp4,.mp4,not_drowsy,directory:not drowsiness,,No subject identifier or documented video-to-driver mapping in path or filename.,29.97,300,300,10.01001,720,1280,True,
n_785,data/raw/SUST Driver Drowsiness Dataset/not drowsiness/n_785.mp4,.mp4,not_drowsy,directory:not drowsiness,,No subject identifier or documented video-to-driver mapping in path or filename.,29.97,300,300,10.01001,720,1280,True,
n_786,data/raw/SUST Driver Drowsiness Dataset/not drowsiness/n_786.mp4,.mp4,not_drowsy,directory:not drowsiness,,No subject identifier or documented video-to-driver mapping in path or filename.,29.97,300,300,10.01001,720,1280,True,
n_787,data/raw/SUST Driver Drowsiness Dataset/not drowsiness/n_787.mp4,.mp4,not_drowsy,directory:not drowsiness,,No subject identifier or documented video-to-driver mapping in path or filename.,29.97,300,300,10.01001,720,1280,True,
n_788,data/raw/SUST Driver Drowsiness Dataset/not drowsiness/n_788.mp4,.mp4,not_drowsy,directory:not drowsiness,,No subject identifier or documented video-to-driver mapping in path or filename.,29.97,300,300,10.01001,720,1280,True,
n_789,data/raw/SUST Driver Drowsiness Dataset/not drowsiness/n_789.mp4,.mp4,not_drowsy,directory:not drowsiness,,No subject identifier or documented video-to-driver mapping in path or filename.,29.97,300,300,10.01001,720,1280,True,
n_79,data/raw/SUST Driver Drowsiness Dataset/not drowsiness/n_79.mp4,.mp4,not_drowsy,directory:not drowsiness,,No subject identifier or documented video-to-driver mapping in path or filename.,30.0,300,300,10.0,720,1280,True,
n_790mp4,data/raw/SUST Driver Drowsiness Dataset/not drowsiness/n_790mp4.mp4,.mp4,not_drowsy,directory:not drowsiness,,No subject identifier or documented video-to-driver mapping in path or filename.,29.97,300,300,10.01001,720,1280,True,
n_791,data/raw/SUST Driver Drowsiness Dataset/not drowsiness/n_791.mp4,.mp4,not_drowsy,directory:not drowsiness,,No subject identifier or documented video-to-driver mapping in path or filename.,29.97,300,300,10.01001,720,1280,True,
n_792,data/raw/SUST Driver Drowsiness Dataset/not drowsiness/n_792.mp4,.mp4,not_drowsy,directory:not drowsiness,,No subject identifier or documented video-to-driver mapping in path or filename.,29.97,300,300,10.01001,720,1280,True,
n_793,data/raw/SUST Driver Drowsiness Dataset/not drowsiness/n_793.mp4,.mp4,not_drowsy,directory:not drowsiness,,No subject identifier or documented video-to-driver mapping in path or filename.,30.0,300,300,10.0,720,1280,True,
n_794,data/raw/SUST Driver Drowsiness Dataset/not drowsiness/n_794.mp4,.mp4,not_drowsy,directory:not drowsiness,,No subject identifier or documented video-to-driver mapping in path or filename.,30.0,300,300,10.0,720,1280,True,
n_795,data/raw/SUST Driver Drowsiness Dataset/not drowsiness/n_795.mp4,.mp4,not_drowsy,directory:not drowsiness,,No subject identifier or documented video-to-driver mapping in path or filename.,30.0,300,300,10.0,720,1280,True,
n_796,data/raw/SUST Driver Drowsiness Dataset/not drowsiness/n_796.mp4,.mp4,not_drowsy,directory:not drowsiness,,No subject identifier or documented video-to-driver mapping in path or filename.,30.0,300,300,10.0,720,1280,True,
n_797,data/raw/SUST Driver Drowsiness Dataset/not drowsiness/n_797.mp4,.mp4,not_drowsy,directory:not drowsiness,,No subject identifier or documented video-to-driver mapping in path or filename.,30.0,300,300,10.0,720,1280,True,
n_798,data/raw/SUST Driver Drowsiness Dataset/not drowsiness/n_798.mp4,.mp4,not_drowsy,directory:not drowsiness,,No subject identifier or documented video-to-driver mapping in path or filename.,30.0,300,300,10.0,720,1280,True,
n_799,data/raw/SUST Driver Drowsiness Dataset/not drowsiness/n_799.mp4,.mp4,not_drowsy,directory:not drowsiness,,No subject identifier or documented video-to-driver mapping in path or filename.,30.0,300,300,10.0,720,1280,True,
n_8,data/raw/SUST Driver Drowsiness Dataset/not drowsiness/n_8.mp4,.mp4,not_drowsy,directory:not drowsiness,,No subject identifier or documented video-to-driver mapping in path or filename.,30.0,300,300,10.0,720,1280,True,
n_80,data/raw/SUST Driver Drowsiness Dataset/not drowsiness/n_80.mp4,.mp4,not_drowsy,directory:not drowsiness,,No subject identifier or documented video-to-driver mapping in path or filename.,30.0,300,300,10.0,720,1280,True,
n_800,data/raw/SUST Driver Drowsiness Dataset/not drowsiness/n_800.mp4,.mp4,not_drowsy,directory:not drowsiness,,No subject identifier or documented video-to-driver mapping in path or filename.,30.0,300,300,10.0,720,1280,True,
n_801,data/raw/SUST Driver Drowsiness Dataset/not drowsiness/n_801.mp4,.mp4,not_drowsy,directory:not drowsiness,,No subject identifier or documented video-to-driver mapping in path or filename.,30.0,300,300,10.0,720,1280,True,
n_802,data/raw/SUST Driver Drowsiness Dataset/not drowsiness/n_802.mp4,.mp4,not_drowsy,directory:not drowsiness,,No subject identifier or documented video-to-driver mapping in path or filename.,30.0,300,300,10.0,720,1280,True,
n_803,data/raw/SUST Driver Drowsiness Dataset/not drowsiness/n_803.mp4,.mp4,not_drowsy,directory:not drowsiness,,No subject identifier or documented video-to-driver mapping in path or filename.,30.0,300,300,10.0,720,1280,True,
n_804,data/raw/SUST Driver Drowsiness Dataset/not drowsiness/n_804.mp4,.mp4,not_drowsy,directory:not drowsiness,,No subject identifier or documented video-to-driver mapping in path or filename.,30.0,300,300,10.0,720,1280,True,
n_805,data/raw/SUST Driver Drowsiness Dataset/not drowsiness/n_805.mp4,.mp4,not_drowsy,directory:not drowsiness,,No subject identifier or documented video-to-driver mapping in path or filename.,30.0,300,300,10.0,720,1280,True,
n_806,data/raw/SUST Driver Drowsiness Dataset/not drowsiness/n_806.mp4,.mp4,not_drowsy,directory:not drowsiness,,No subject identifier or documented video-to-driver mapping in path or filename.,30.0,300,300,10.0,720,1280,True,
n_807,data/raw/SUST Driver Drowsiness Dataset/not drowsiness/n_807.mp4,.mp4,not_drowsy,directory:not drowsiness,,No subject identifier or documented video-to-driver mapping in path or filename.,30.0,300,300,10.0,720,1280,True,
n_808,data/raw/SUST Driver Drowsiness Dataset/not drowsiness/n_808.mp4,.mp4,not_drowsy,directory:not drowsiness,,No subject identifier or documented video-to-driver mapping in path or filename.,30.0,300,300,10.0,720,1280,True,
n_809,data/raw/SUST Driver Drowsiness Dataset/not drowsiness/n_809.mp4,.mp4,not_drowsy,directory:not drowsiness,,No subject identifier or documented video-to-driver mapping in path or filename.,30.0,300,300,10.0,720,1280,True,
n_81,data/raw/SUST Driver Drowsiness Dataset/not drowsiness/n_81.mp4,.mp4,not_drowsy,directory:not drowsiness,,No subject identifier or documented video-to-driver mapping in path or filename.,30.0,300,300,10.0,720,1280,True,
n_810,data/raw/SUST Driver Drowsiness Dataset/not drowsiness/n_810.mp4,.mp4,not_drowsy,directory:not drowsiness,,No subject identifier or documented video-to-driver mapping in path or filename.,30.0,300,300,10.0,720,1280,True,
n_811,data/raw/SUST Driver Drowsiness Dataset/not drowsiness/n_811.mp4,.mp4,not_drowsy,directory:not drowsiness,,No subject identifier or documented video-to-driver mapping in path or filename.,30.0,300,300,10.0,720,1280,True,
n_812,data/raw/SUST Driver Drowsiness Dataset/not drowsiness/n_812.mp4,.mp4,not_drowsy,directory:not drowsiness,,No subject identifier or documented video-to-driver mapping in path or filename.,30.0,300,300,10.0,720,1280,True,
n_813,data/raw/SUST Driver Drowsiness Dataset/not drowsiness/n_813.mp4,.mp4,not_drowsy,directory:not drowsiness,,No subject identifier or documented video-to-driver mapping in path or filename.,30.0,300,300,10.0,720,1280,True,
n_814,data/raw/SUST Driver Drowsiness Dataset/not drowsiness/n_814.mp4,.mp4,not_drowsy,directory:not drowsiness,,No subject identifier or documented video-to-driver mapping in path or filename.,30.0,300,300,10.0,720,1280,True,
n_815,data/raw/SUST Driver Drowsiness Dataset/not drowsiness/n_815.mp4,.mp4,not_drowsy,directory:not drowsiness,,No subject identifier or documented video-to-driver mapping in path or filename.,30.0,300,300,10.0,720,1280,True,
n_816,data/raw/SUST Driver Drowsiness Dataset/not drowsiness/n_816.mp4,.mp4,not_drowsy,directory:not drowsiness,,No subject identifier or documented video-to-driver mapping in path or filename.,30.0,300,300,10.0,720,1280,True,
n_817,data/raw/SUST Driver Drowsiness Dataset/not drowsiness/n_817.mp4,.mp4,not_drowsy,directory:not drowsiness,,No subject identifier or documented video-to-driver mapping in path or filename.,30.0,300,300,10.0,720,1280,True,
n_818,data/raw/SUST Driver Drowsiness Dataset/not drowsiness/n_818.mp4,.mp4,not_drowsy,directory:not drowsiness,,No subject identifier or documented video-to-driver mapping in path or filename.,30.0,300,300,10.0,720,1280,True,
n_819,data/raw/SUST Driver Drowsiness Dataset/not drowsiness/n_819.mp4,.mp4,not_drowsy,directory:not drowsiness,,No subject identifier or documented video-to-driver mapping in path or filename.,30.0,300,300,10.0,720,1280,True,
n_82,data/raw/SUST Driver Drowsiness Dataset/not drowsiness/n_82.mp4,.mp4,not_drowsy,directory:not drowsiness,,No subject identifier or documented video-to-driver mapping in path or filename.,30.0,300,300,10.0,720,1280,True,
n_820,data/raw/SUST Driver Drowsiness Dataset/not drowsiness/n_820.mp4,.mp4,not_drowsy,directory:not drowsiness,,No subject identifier or documented video-to-driver mapping in path or filename.,30.0,300,300,10.0,720,1280,True,
n_821,data/raw/SUST Driver Drowsiness Dataset/not drowsiness/n_821.mp4,.mp4,not_drowsy,directory:not drowsiness,,No subject identifier or documented video-to-driver mapping in path or filename.,30.0,300,300,10.0,720,1280,True,
n_822,data/raw/SUST Driver Drowsiness Dataset/not drowsiness/n_822.mp4,.mp4,not_drowsy,directory:not drowsiness,,No subject identifier or documented video-to-driver mapping in path or filename.,30.0,300,300,10.0,720,1280,True,
n_823,data/raw/SUST Driver Drowsiness Dataset/not drowsiness/n_823.mp4,.mp4,not_drowsy,directory:not drowsiness,,No subject identifier or documented video-to-driver mapping in path or filename.,30.0,300,300,10.0,720,1280,True,
n_824,data/raw/SUST Driver Drowsiness Dataset/not drowsiness/n_824.mp4,.mp4,not_drowsy,directory:not drowsiness,,No subject identifier or documented video-to-driver mapping in path or filename.,30.0,300,300,10.0,720,1280,True,
n_825,data/raw/SUST Driver Drowsiness Dataset/not drowsiness/n_825.mp4,.mp4,not_drowsy,directory:not drowsiness,,No subject identifier or documented video-to-driver mapping in path or filename.,30.0,300,300,10.0,720,1280,True,
n_826,data/raw/SUST Driver Drowsiness Dataset/not drowsiness/n_826.mp4,.mp4,not_drowsy,directory:not drowsiness,,No subject identifier or documented video-to-driver mapping in path or filename.,30.0,300,300,10.0,720,1280,True,
n_827,data/raw/SUST Driver Drowsiness Dataset/not drowsiness/n_827.mp4,.mp4,not_drowsy,directory:not drowsiness,,No subject identifier or documented video-to-driver mapping in path or filename.,30.0,300,300,10.0,720,1280,True,
n_828,data/raw/SUST Driver Drowsiness Dataset/not drowsiness/n_828.mp4,.mp4,not_drowsy,directory:not drowsiness,,No subject identifier or documented video-to-driver mapping in path or filename.,30.0,300,300,10.0,720,1280,True,
n_829,data/raw/SUST Driver Drowsiness Dataset/not drowsiness/n_829.mp4,.mp4,not_drowsy,directory:not drowsiness,,No subject identifier or documented video-to-driver mapping in path or filename.,30.0,300,300,10.0,720,1280,True,
n_83,data/raw/SUST Driver Drowsiness Dataset/not drowsiness/n_83.mp4,.mp4,not_drowsy,directory:not drowsiness,,No subject identifier or documented video-to-driver mapping in path or filename.,30.0,300,300,10.0,720,1280,True,
n_830,data/raw/SUST Driver Drowsiness Dataset/not drowsiness/n_830.mp4,.mp4,not_drowsy,directory:not drowsiness,,No subject identifier or documented video-to-driver mapping in path or filename.,30.0,300,300,10.0,720,1280,True,
n_831,data/raw/SUST Driver Drowsiness Dataset/not drowsiness/n_831.mp4,.mp4,not_drowsy,directory:not drowsiness,,No subject identifier or documented video-to-driver mapping in path or filename.,30.0,300,300,10.0,720,1280,True,
n_832,data/raw/SUST Driver Drowsiness Dataset/not drowsiness/n_832.mp4,.mp4,not_drowsy,directory:not drowsiness,,No subject identifier or documented video-to-driver mapping in path or filename.,30.0,300,300,10.0,720,1280,True,
n_833,data/raw/SUST Driver Drowsiness Dataset/not drowsiness/n_833.mp4,.mp4,not_drowsy,directory:not drowsiness,,No subject identifier or documented video-to-driver mapping in path or filename.,30.0,300,300,10.0,720,1280,True,
n_834,data/raw/SUST Driver Drowsiness Dataset/not drowsiness/n_834.mp4,.mp4,not_drowsy,directory:not drowsiness,,No subject identifier or documented video-to-driver mapping in path or filename.,30.0,300,300,10.0,720,1280,True,
n_835,data/raw/SUST Driver Drowsiness Dataset/not drowsiness/n_835.mp4,.mp4,not_drowsy,directory:not drowsiness,,No subject identifier or documented video-to-driver mapping in path or filename.,30.0,300,300,10.0,720,1280,True,
n_836,data/raw/SUST Driver Drowsiness Dataset/not drowsiness/n_836.mp4,.mp4,not_drowsy,directory:not drowsiness,,No subject identifier or documented video-to-driver mapping in path or filename.,30.0,300,300,10.0,720,1280,True,
n_837,data/raw/SUST Driver Drowsiness Dataset/not drowsiness/n_837.mp4,.mp4,not_drowsy,directory:not drowsiness,,No subject identifier or documented video-to-driver mapping in path or filename.,30.0,300,300,10.0,720,1280,True,
n_838,data/raw/SUST Driver Drowsiness Dataset/not drowsiness/n_838.mp4,.mp4,not_drowsy,directory:not drowsiness,,No subject identifier or documented video-to-driver mapping in path or filename.,30.0,300,300,10.0,720,1280,True,
n_839,data/raw/SUST Driver Drowsiness Dataset/not drowsiness/n_839.mp4,.mp4,not_drowsy,directory:not drowsiness,,No subject identifier or documented video-to-driver mapping in path or filename.,30.0,300,300,10.0,720,1280,True,
n_84,data/raw/SUST Driver Drowsiness Dataset/not drowsiness/n_84.mp4,.mp4,not_drowsy,directory:not drowsiness,,No subject identifier or documented video-to-driver mapping in path or filename.,30.0,300,300,10.0,720,1280,True,
n_840,data/raw/SUST Driver Drowsiness Dataset/not drowsiness/n_840.mp4,.mp4,not_drowsy,directory:not drowsiness,,No subject identifier or documented video-to-driver mapping in path or filename.,30.0,300,300,10.0,720,1280,True,
n_841,data/raw/SUST Driver Drowsiness Dataset/not drowsiness/n_841.mp4,.mp4,not_drowsy,directory:not drowsiness,,No subject identifier or documented video-to-driver mapping in path or filename.,30.0,300,300,10.0,720,1280,True,
n_842,data/raw/SUST Driver Drowsiness Dataset/not drowsiness/n_842.mp4,.mp4,not_drowsy,directory:not drowsiness,,No subject identifier or documented video-to-driver mapping in path or filename.,30.0,300,300,10.0,720,1280,True,
n_843,data/raw/SUST Driver Drowsiness Dataset/not drowsiness/n_843.mp4,.mp4,not_drowsy,directory:not drowsiness,,No subject identifier or documented video-to-driver mapping in path or filename.,30.0,300,300,10.0,720,1280,True,
n_844,data/raw/SUST Driver Drowsiness Dataset/not drowsiness/n_844.mp4,.mp4,not_drowsy,directory:not drowsiness,,No subject identifier or documented video-to-driver mapping in path or filename.,30.0,300,300,10.0,720,1280,True,
n_845,data/raw/SUST Driver Drowsiness Dataset/not drowsiness/n_845.mp4,.mp4,not_drowsy,directory:not drowsiness,,No subject identifier or documented video-to-driver mapping in path or filename.,30.0,300,300,10.0,720,1280,True,
n_846,data/raw/SUST Driver Drowsiness Dataset/not drowsiness/n_846.mp4,.mp4,not_drowsy,directory:not drowsiness,,No subject identifier or documented video-to-driver mapping in path or filename.,30.0,300,300,10.0,720,1280,True,
n_847,data/raw/SUST Driver Drowsiness Dataset/not drowsiness/n_847.mp4,.mp4,not_drowsy,directory:not drowsiness,,No subject identifier or documented video-to-driver mapping in path or filename.,30.0,300,300,10.0,720,1280,True,
n_848,data/raw/SUST Driver Drowsiness Dataset/not drowsiness/n_848.mp4,.mp4,not_drowsy,directory:not drowsiness,,No subject identifier or documented video-to-driver mapping in path or filename.,30.0,300,300,10.0,720,1280,True,
n_849,data/raw/SUST Driver Drowsiness Dataset/not drowsiness/n_849.mp4,.mp4,not_drowsy,directory:not drowsiness,,No subject identifier or documented video-to-driver mapping in path or filename.,30.0,300,300,10.0,720,1280,True,
n_85,data/raw/SUST Driver Drowsiness Dataset/not drowsiness/n_85.mp4,.mp4,not_drowsy,directory:not drowsiness,,No subject identifier or documented video-to-driver mapping in path or filename.,30.0,300,300,10.0,720,1280,True,
n_850,data/raw/SUST Driver Drowsiness Dataset/not drowsiness/n_850.mp4,.mp4,not_drowsy,directory:not drowsiness,,No subject identifier or documented video-to-driver mapping in path or filename.,30.0,300,300,10.0,720,1280,True,
n_851,data/raw/SUST Driver Drowsiness Dataset/not drowsiness/n_851.mp4,.mp4,not_drowsy,directory:not drowsiness,,No subject identifier or documented video-to-driver mapping in path or filename.,30.0,300,300,10.0,720,1280,True,
n_852,data/raw/SUST Driver Drowsiness Dataset/not drowsiness/n_852.mp4,.mp4,not_drowsy,directory:not drowsiness,,No subject identifier or documented video-to-driver mapping in path or filename.,30.0,300,300,10.0,720,1280,True,
n_853,data/raw/SUST Driver Drowsiness Dataset/not drowsiness/n_853.mp4,.mp4,not_drowsy,directory:not drowsiness,,No subject identifier or documented video-to-driver mapping in path or filename.,30.0,300,300,10.0,720,1280,True,
n_854,data/raw/SUST Driver Drowsiness Dataset/not drowsiness/n_854.mp4,.mp4,not_drowsy,directory:not drowsiness,,No subject identifier or documented video-to-driver mapping in path or filename.,30.0,300,300,10.0,720,1280,True,
n_855,data/raw/SUST Driver Drowsiness Dataset/not drowsiness/n_855.mp4,.mp4,not_drowsy,directory:not drowsiness,,No subject identifier or documented video-to-driver mapping in path or filename.,30.0,300,300,10.0,720,1280,True,
n_856,data/raw/SUST Driver Drowsiness Dataset/not drowsiness/n_856.mp4,.mp4,not_drowsy,directory:not drowsiness,,No subject identifier or documented video-to-driver mapping in path or filename.,30.0,300,300,10.0,720,1280,True,
n_857,data/raw/SUST Driver Drowsiness Dataset/not drowsiness/n_857.mp4,.mp4,not_drowsy,directory:not drowsiness,,No subject identifier or documented video-to-driver mapping in path or filename.,30.0,300,300,10.0,720,1280,True,
n_858,data/raw/SUST Driver Drowsiness Dataset/not drowsiness/n_858.mp4,.mp4,not_drowsy,directory:not drowsiness,,No subject identifier or documented video-to-driver mapping in path or filename.,30.0,300,300,10.0,720,1280,True,
n_859,data/raw/SUST Driver Drowsiness Dataset/not drowsiness/n_859.mp4,.mp4,not_drowsy,directory:not drowsiness,,No subject identifier or documented video-to-driver mapping in path or filename.,30.0,300,300,10.0,720,1280,True,
n_86,data/raw/SUST Driver Drowsiness Dataset/not drowsiness/n_86.mp4,.mp4,not_drowsy,directory:not drowsiness,,No subject identifier or documented video-to-driver mapping in path or filename.,30.0,300,300,10.0,720,1280,True,
n_860,data/raw/SUST Driver Drowsiness Dataset/not drowsiness/n_860.mp4,.mp4,not_drowsy,directory:not drowsiness,,No subject identifier or documented video-to-driver mapping in path or filename.,30.0,300,300,10.0,720,1280,True,
n_861,data/raw/SUST Driver Drowsiness Dataset/not drowsiness/n_861.mp4,.mp4,not_drowsy,directory:not drowsiness,,No subject identifier or documented video-to-driver mapping in path or filename.,30.0,300,300,10.0,720,1280,True,
n_862,data/raw/SUST Driver Drowsiness Dataset/not drowsiness/n_862.mp4,.mp4,not_drowsy,directory:not drowsiness,,No subject identifier or documented video-to-driver mapping in path or filename.,30.0,300,300,10.0,720,1280,True,
n_863,data/raw/SUST Driver Drowsiness Dataset/not drowsiness/n_863.mp4,.mp4,not_drowsy,directory:not drowsiness,,No subject identifier or documented video-to-driver mapping in path or filename.,30.0,300,300,10.0,720,1280,True,
n_864,data/raw/SUST Driver Drowsiness Dataset/not drowsiness/n_864.mp4,.mp4,not_drowsy,directory:not drowsiness,,No subject identifier or documented video-to-driver mapping in path or filename.,30.0,300,300,10.0,720,1280,True,
n_865,data/raw/SUST Driver Drowsiness Dataset/not drowsiness/n_865.mp4,.mp4,not_drowsy,directory:not drowsiness,,No subject identifier or documented video-to-driver mapping in path or filename.,30.0,300,300,10.0,720,1280,True,
n_866,data/raw/SUST Driver Drowsiness Dataset/not drowsiness/n_866.mp4,.mp4,not_drowsy,directory:not drowsiness,,No subject identifier or documented video-to-driver mapping in path or filename.,30.0,300,300,10.0,720,1280,True,
n_867,data/raw/SUST Driver Drowsiness Dataset/not drowsiness/n_867.mp4,.mp4,not_drowsy,directory:not drowsiness,,No subject identifier or documented video-to-driver mapping in path or filename.,30.0,300,300,10.0,720,1280,True,
n_868,data/raw/SUST Driver Drowsiness Dataset/not drowsiness/n_868.mp4,.mp4,not_drowsy,directory:not drowsiness,,No subject identifier or documented video-to-driver mapping in path or filename.,30.0,300,300,10.0,720,1280,True,
n_869,data/raw/SUST Driver Drowsiness Dataset/not drowsiness/n_869.mp4,.mp4,not_drowsy,directory:not drowsiness,,No subject identifier or documented video-to-driver mapping in path or filename.,30.0,300,300,10.0,720,1280,True,
n_87,data/raw/SUST Driver Drowsiness Dataset/not drowsiness/n_87.mp4,.mp4,not_drowsy,directory:not drowsiness,,No subject identifier or documented video-to-driver mapping in path or filename.,30.0,300,300,10.0,720,1280,True,
n_870,data/raw/SUST Driver Drowsiness Dataset/not drowsiness/n_870.mp4,.mp4,not_drowsy,directory:not drowsiness,,No subject identifier or documented video-to-driver mapping in path or filename.,30.0,300,300,10.0,720,1280,True,
n_871,data/raw/SUST Driver Drowsiness Dataset/not drowsiness/n_871.mp4,.mp4,not_drowsy,directory:not drowsiness,,No subject identifier or documented video-to-driver mapping in path or filename.,30.0,300,300,10.0,720,1280,True,
n_872,data/raw/SUST Driver Drowsiness Dataset/not drowsiness/n_872.mp4,.mp4,not_drowsy,directory:not drowsiness,,No subject identifier or documented video-to-driver mapping in path or filename.,30.0,300,300,10.0,720,1280,True,
n_873,data/raw/SUST Driver Drowsiness Dataset/not drowsiness/n_873.mp4,.mp4,not_drowsy,directory:not drowsiness,,No subject identifier or documented video-to-driver mapping in path or filename.,30.0,300,300,10.0,720,1280,True,
n_874,data/raw/SUST Driver Drowsiness Dataset/not drowsiness/n_874.mp4,.mp4,not_drowsy,directory:not drowsiness,,No subject identifier or documented video-to-driver mapping in path or filename.,30.0,300,300,10.0,720,1280,True,
n_875,data/raw/SUST Driver Drowsiness Dataset/not drowsiness/n_875.mp4,.mp4,not_drowsy,directory:not drowsiness,,No subject identifier or documented video-to-driver mapping in path or filename.,30.0,300,300,10.0,720,1280,True,
n_876,data/raw/SUST Driver Drowsiness Dataset/not drowsiness/n_876.mp4,.mp4,not_drowsy,directory:not drowsiness,,No subject identifier or documented video-to-driver mapping in path or filename.,30.0,300,300,10.0,720,1280,True,
n_877,data/raw/SUST Driver Drowsiness Dataset/not drowsiness/n_877.mp4,.mp4,not_drowsy,directory:not drowsiness,,No subject identifier or documented video-to-driver mapping in path or filename.,30.0,300,300,10.0,720,1280,True,
n_878,data/raw/SUST Driver Drowsiness Dataset/not drowsiness/n_878.mp4,.mp4,not_drowsy,directory:not drowsiness,,No subject identifier or documented video-to-driver mapping in path or filename.,30.0,300,300,10.0,720,1280,True,
n_879,data/raw/SUST Driver Drowsiness Dataset/not drowsiness/n_879.mp4,.mp4,not_drowsy,directory:not drowsiness,,No subject identifier or documented video-to-driver mapping in path or filename.,30.0,300,300,10.0,720,1280,True,
n_88,data/raw/SUST Driver Drowsiness Dataset/not drowsiness/n_88.mp4,.mp4,not_drowsy,directory:not drowsiness,,No subject identifier or documented video-to-driver mapping in path or filename.,30.0,300,300,10.0,720,1280,True,
n_880,data/raw/SUST Driver Drowsiness Dataset/not drowsiness/n_880.mp4,.mp4,not_drowsy,directory:not drowsiness,,No subject identifier or documented video-to-driver mapping in path or filename.,30.0,300,300,10.0,720,1280,True,
n_881,data/raw/SUST Driver Drowsiness Dataset/not drowsiness/n_881.mp4,.mp4,not_drowsy,directory:not drowsiness,,No subject identifier or documented video-to-driver mapping in path or filename.,30.0,300,300,10.0,720,1280,True,
n_882,data/raw/SUST Driver Drowsiness Dataset/not drowsiness/n_882.mp4,.mp4,not_drowsy,directory:not drowsiness,,No subject identifier or documented video-to-driver mapping in path or filename.,30.0,300,300,10.0,720,1280,True,
n_883,data/raw/SUST Driver Drowsiness Dataset/not drowsiness/n_883.mp4,.mp4,not_drowsy,directory:not drowsiness,,No subject identifier or documented video-to-driver mapping in path or filename.,30.0,300,300,10.0,720,1280,True,
n_884,data/raw/SUST Driver Drowsiness Dataset/not drowsiness/n_884.mp4,.mp4,not_drowsy,directory:not drowsiness,,No subject identifier or documented video-to-driver mapping in path or filename.,30.0,300,300,10.0,720,1280,True,
n_885,data/raw/SUST Driver Drowsiness Dataset/not drowsiness/n_885.mp4,.mp4,not_drowsy,directory:not drowsiness,,No subject identifier or documented video-to-driver mapping in path or filename.,30.0,300,300,10.0,720,1280,True,
n_886,data/raw/SUST Driver Drowsiness Dataset/not drowsiness/n_886.mp4,.mp4,not_drowsy,directory:not drowsiness,,No subject identifier or documented video-to-driver mapping in path or filename.,30.0,300,300,10.0,720,1280,True,
n_887,data/raw/SUST Driver Drowsiness Dataset/not drowsiness/n_887.mp4,.mp4,not_drowsy,directory:not drowsiness,,No subject identifier or documented video-to-driver mapping in path or filename.,30.0,300,300,10.0,720,1280,True,
n_888,data/raw/SUST Driver Drowsiness Dataset/not drowsiness/n_888.mp4,.mp4,not_drowsy,directory:not drowsiness,,No subject identifier or documented video-to-driver mapping in path or filename.,30.0,300,300,10.0,720,1280,True,
n_889,data/raw/SUST Driver Drowsiness Dataset/not drowsiness/n_889.mp4,.mp4,not_drowsy,directory:not drowsiness,,No subject identifier or documented video-to-driver mapping in path or filename.,30.0,300,300,10.0,720,1280,True,
n_89,data/raw/SUST Driver Drowsiness Dataset/not drowsiness/n_89.mp4,.mp4,not_drowsy,directory:not drowsiness,,No subject identifier or documented video-to-driver mapping in path or filename.,30.0,300,300,10.0,720,1280,True,
n_890,data/raw/SUST Driver Drowsiness Dataset/not drowsiness/n_890.mp4,.mp4,not_drowsy,directory:not drowsiness,,No subject identifier or documented video-to-driver mapping in path or filename.,30.0,300,300,10.0,720,1280,True,
n_891,data/raw/SUST Driver Drowsiness Dataset/not drowsiness/n_891.mp4,.mp4,not_drowsy,directory:not drowsiness,,No subject identifier or documented video-to-driver mapping in path or filename.,30.0,300,300,10.0,720,1280,True,
n_892,data/raw/SUST Driver Drowsiness Dataset/not drowsiness/n_892.mp4,.mp4,not_drowsy,directory:not drowsiness,,No subject identifier or documented video-to-driver mapping in path or filename.,30.0,300,300,10.0,720,1280,True,
n_893,data/raw/SUST Driver Drowsiness Dataset/not drowsiness/n_893.mp4,.mp4,not_drowsy,directory:not drowsiness,,No subject identifier or documented video-to-driver mapping in path or filename.,30.0,300,300,10.0,720,1280,True,
n_894,data/raw/SUST Driver Drowsiness Dataset/not drowsiness/n_894.mp4,.mp4,not_drowsy,directory:not drowsiness,,No subject identifier or documented video-to-driver mapping in path or filename.,30.0,300,300,10.0,720,1280,True,
n_895,data/raw/SUST Driver Drowsiness Dataset/not drowsiness/n_895.mp4,.mp4,not_drowsy,directory:not drowsiness,,No subject identifier or documented video-to-driver mapping in path or filename.,30.0,300,300,10.0,720,1280,True,
n_896,data/raw/SUST Driver Drowsiness Dataset/not drowsiness/n_896.mp4,.mp4,not_drowsy,directory:not drowsiness,,No subject identifier or documented video-to-driver mapping in path or filename.,30.0,300,300,10.0,720,1280,True,
n_897,data/raw/SUST Driver Drowsiness Dataset/not drowsiness/n_897.mp4,.mp4,not_drowsy,directory:not drowsiness,,No subject identifier or documented video-to-driver mapping in path or filename.,30.0,300,300,10.0,720,1280,True,
n_898,data/raw/SUST Driver Drowsiness Dataset/not drowsiness/n_898.mp4,.mp4,not_drowsy,directory:not drowsiness,,No subject identifier or documented video-to-driver mapping in path or filename.,30.0,300,300,10.0,720,1280,True,
n_899,data/raw/SUST Driver Drowsiness Dataset/not drowsiness/n_899.mp4,.mp4,not_drowsy,directory:not drowsiness,,No subject identifier or documented video-to-driver mapping in path or filename.,30.0,300,300,10.0,720,1280,True,
n_9,data/raw/SUST Driver Drowsiness Dataset/not drowsiness/n_9.mp4,.mp4,not_drowsy,directory:not drowsiness,,No subject identifier or documented video-to-driver mapping in path or filename.,30.0,300,300,10.0,720,1280,True,
n_90,data/raw/SUST Driver Drowsiness Dataset/not drowsiness/n_90.mp4,.mp4,not_drowsy,directory:not drowsiness,,No subject identifier or documented video-to-driver mapping in path or filename.,30.0,300,300,10.0,720,1280,True,
n_900,data/raw/SUST Driver Drowsiness Dataset/not drowsiness/n_900.mp4,.mp4,not_drowsy,directory:not drowsiness,,No subject identifier or documented video-to-driver mapping in path or filename.,30.0,300,300,10.0,720,1280,True,
n_901,data/raw/SUST Driver Drowsiness Dataset/not drowsiness/n_901.mp4,.mp4,not_drowsy,directory:not drowsiness,,No subject identifier or documented video-to-driver mapping in path or filename.,30.0,300,300,10.0,720,1280,True,
n_902,data/raw/SUST Driver Drowsiness Dataset/not drowsiness/n_902.mp4,.mp4,not_drowsy,directory:not drowsiness,,No subject identifier or documented video-to-driver mapping in path or filename.,30.0,300,300,10.0,720,1280,True,
n_903,data/raw/SUST Driver Drowsiness Dataset/not drowsiness/n_903.mp4,.mp4,not_drowsy,directory:not drowsiness,,No subject identifier or documented video-to-driver mapping in path or filename.,30.0,300,300,10.0,720,1280,True,
n_904,data/raw/SUST Driver Drowsiness Dataset/not drowsiness/n_904.mp4,.mp4,not_drowsy,directory:not drowsiness,,No subject identifier or documented video-to-driver mapping in path or filename.,30.0,300,300,10.0,720,1280,True,
n_905,data/raw/SUST Driver Drowsiness Dataset/not drowsiness/n_905.mp4,.mp4,not_drowsy,directory:not drowsiness,,No subject identifier or documented video-to-driver mapping in path or filename.,30.0,300,300,10.0,720,1280,True,
n_906,data/raw/SUST Driver Drowsiness Dataset/not drowsiness/n_906.mp4,.mp4,not_drowsy,directory:not drowsiness,,No subject identifier or documented video-to-driver mapping in path or filename.,30.0,300,300,10.0,720,1280,True,
n_907,data/raw/SUST Driver Drowsiness Dataset/not drowsiness/n_907.mp4,.mp4,not_drowsy,directory:not drowsiness,,No subject identifier or documented video-to-driver mapping in path or filename.,30.0,300,300,10.0,720,1280,True,
n_908,data/raw/SUST Driver Drowsiness Dataset/not drowsiness/n_908.mp4,.mp4,not_drowsy,directory:not drowsiness,,No subject identifier or documented video-to-driver mapping in path or filename.,30.0,300,300,10.0,720,1280,True,
n_909,data/raw/SUST Driver Drowsiness Dataset/not drowsiness/n_909.mp4,.mp4,not_drowsy,directory:not drowsiness,,No subject identifier or documented video-to-driver mapping in path or filename.,30.0,300,300,10.0,720,1280,True,
n_91,data/raw/SUST Driver Drowsiness Dataset/not drowsiness/n_91.mp4,.mp4,not_drowsy,directory:not drowsiness,,No subject identifier or documented video-to-driver mapping in path or filename.,30.0,300,300,10.0,720,1280,True,
n_910,data/raw/SUST Driver Drowsiness Dataset/not drowsiness/n_910.mp4,.mp4,not_drowsy,directory:not drowsiness,,No subject identifier or documented video-to-driver mapping in path or filename.,30.0,300,300,10.0,720,1280,True,
n_911,data/raw/SUST Driver Drowsiness Dataset/not drowsiness/n_911.mp4,.mp4,not_drowsy,directory:not drowsiness,,No subject identifier or documented video-to-driver mapping in path or filename.,30.0,300,300,10.0,720,1280,True,
n_912,data/raw/SUST Driver Drowsiness Dataset/not drowsiness/n_912.mp4,.mp4,not_drowsy,directory:not drowsiness,,No subject identifier or documented video-to-driver mapping in path or filename.,30.0,300,300,10.0,720,1280,True,
n_913,data/raw/SUST Driver Drowsiness Dataset/not drowsiness/n_913.mp4,.mp4,not_drowsy,directory:not drowsiness,,No subject identifier or documented video-to-driver mapping in path or filename.,30.0,300,300,10.0,720,1280,True,
n_914,data/raw/SUST Driver Drowsiness Dataset/not drowsiness/n_914.mp4,.mp4,not_drowsy,directory:not drowsiness,,No subject identifier or documented video-to-driver mapping in path or filename.,30.0,300,300,10.0,720,1280,True,
n_915,data/raw/SUST Driver Drowsiness Dataset/not drowsiness/n_915.mp4,.mp4,not_drowsy,directory:not drowsiness,,No subject identifier or documented video-to-driver mapping in path or filename.,30.0,300,300,10.0,720,1280,True,
n_916,data/raw/SUST Driver Drowsiness Dataset/not drowsiness/n_916.mp4,.mp4,not_drowsy,directory:not drowsiness,,No subject identifier or documented video-to-driver mapping in path or filename.,30.0,300,300,10.0,720,1280,True,
n_917,data/raw/SUST Driver Drowsiness Dataset/not drowsiness/n_917.mp4,.mp4,not_drowsy,directory:not drowsiness,,No subject identifier or documented video-to-driver mapping in path or filename.,30.0,300,300,10.0,720,1280,True,
n_918,data/raw/SUST Driver Drowsiness Dataset/not drowsiness/n_918.mp4,.mp4,not_drowsy,directory:not drowsiness,,No subject identifier or documented video-to-driver mapping in path or filename.,30.0,300,300,10.0,720,1280,True,
n_919,data/raw/SUST Driver Drowsiness Dataset/not drowsiness/n_919.mp4,.mp4,not_drowsy,directory:not drowsiness,,No subject identifier or documented video-to-driver mapping in path or filename.,30.0,300,300,10.0,720,1280,True,
n_92,data/raw/SUST Driver Drowsiness Dataset/not drowsiness/n_92.mp4,.mp4,not_drowsy,directory:not drowsiness,,No subject identifier or documented video-to-driver mapping in path or filename.,30.0,300,300,10.0,720,1280,True,
n_920,data/raw/SUST Driver Drowsiness Dataset/not drowsiness/n_920.mp4,.mp4,not_drowsy,directory:not drowsiness,,No subject identifier or documented video-to-driver mapping in path or filename.,30.0,300,300,10.0,720,1280,True,
n_921,data/raw/SUST Driver Drowsiness Dataset/not drowsiness/n_921.mp4,.mp4,not_drowsy,directory:not drowsiness,,No subject identifier or documented video-to-driver mapping in path or filename.,30.0,300,300,10.0,720,1280,True,
n_922,data/raw/SUST Driver Drowsiness Dataset/not drowsiness/n_922.mp4,.mp4,not_drowsy,directory:not drowsiness,,No subject identifier or documented video-to-driver mapping in path or filename.,30.0,300,300,10.0,720,1280,True,
n_923,data/raw/SUST Driver Drowsiness Dataset/not drowsiness/n_923.mp4,.mp4,not_drowsy,directory:not drowsiness,,No subject identifier or documented video-to-driver mapping in path or filename.,30.0,300,300,10.0,720,1280,True,
n_924,data/raw/SUST Driver Drowsiness Dataset/not drowsiness/n_924.mp4,.mp4,not_drowsy,directory:not drowsiness,,No subject identifier or documented video-to-driver mapping in path or filename.,30.0,300,300,10.0,720,1280,True,
n_925,data/raw/SUST Driver Drowsiness Dataset/not drowsiness/n_925.mp4,.mp4,not_drowsy,directory:not drowsiness,,No subject identifier or documented video-to-driver mapping in path or filename.,30.0,300,300,10.0,720,1280,True,
n_926,data/raw/SUST Driver Drowsiness Dataset/not drowsiness/n_926.mp4,.mp4,not_drowsy,directory:not drowsiness,,No subject identifier or documented video-to-driver mapping in path or filename.,30.0,300,300,10.0,720,1280,True,
n_927,data/raw/SUST Driver Drowsiness Dataset/not drowsiness/n_927.mp4,.mp4,not_drowsy,directory:not drowsiness,,No subject identifier or documented video-to-driver mapping in path or filename.,30.0,300,300,10.0,720,1280,True,
n_928,data/raw/SUST Driver Drowsiness Dataset/not drowsiness/n_928.mp4,.mp4,not_drowsy,directory:not drowsiness,,No subject identifier or documented video-to-driver mapping in path or filename.,30.0,300,300,10.0,720,1280,True,
n_929,data/raw/SUST Driver Drowsiness Dataset/not drowsiness/n_929.mp4,.mp4,not_drowsy,directory:not drowsiness,,No subject identifier or documented video-to-driver mapping in path or filename.,30.0,300,300,10.0,720,1280,True,
n_93,data/raw/SUST Driver Drowsiness Dataset/not drowsiness/n_93.mp4,.mp4,not_drowsy,directory:not drowsiness,,No subject identifier or documented video-to-driver mapping in path or filename.,30.0,300,300,10.0,720,1280,True,
n_930,data/raw/SUST Driver Drowsiness Dataset/not drowsiness/n_930.mp4,.mp4,not_drowsy,directory:not drowsiness,,No subject identifier or documented video-to-driver mapping in path or filename.,30.0,300,300,10.0,720,1280,True,
n_931,data/raw/SUST Driver Drowsiness Dataset/not drowsiness/n_931.mp4,.mp4,not_drowsy,directory:not drowsiness,,No subject identifier or documented video-to-driver mapping in path or filename.,30.0,300,300,10.0,720,1280,True,
n_932,data/raw/SUST Driver Drowsiness Dataset/not drowsiness/n_932.mp4,.mp4,not_drowsy,directory:not drowsiness,,No subject identifier or documented video-to-driver mapping in path or filename.,30.0,300,300,10.0,720,1280,True,
n_933,data/raw/SUST Driver Drowsiness Dataset/not drowsiness/n_933.mp4,.mp4,not_drowsy,directory:not drowsiness,,No subject identifier or documented video-to-driver mapping in path or filename.,30.0,300,300,10.0,720,1280,True,
n_934,data/raw/SUST Driver Drowsiness Dataset/not drowsiness/n_934.mp4,.mp4,not_drowsy,directory:not drowsiness,,No subject identifier or documented video-to-driver mapping in path or filename.,30.0,300,300,10.0,720,1280,True,
n_935,data/raw/SUST Driver Drowsiness Dataset/not drowsiness/n_935.mp4,.mp4,not_drowsy,directory:not drowsiness,,No subject identifier or documented video-to-driver mapping in path or filename.,30.0,300,300,10.0,720,1280,True,
n_936,data/raw/SUST Driver Drowsiness Dataset/not drowsiness/n_936.mp4,.mp4,not_drowsy,directory:not drowsiness,,No subject identifier or documented video-to-driver mapping in path or filename.,30.0,300,300,10.0,720,1280,True,
n_937,data/raw/SUST Driver Drowsiness Dataset/not drowsiness/n_937.mp4,.mp4,not_drowsy,directory:not drowsiness,,No subject identifier or documented video-to-driver mapping in path or filename.,30.0,300,300,10.0,720,1280,True,
n_938,data/raw/SUST Driver Drowsiness Dataset/not drowsiness/n_938.mp4,.mp4,not_drowsy,directory:not drowsiness,,No subject identifier or documented video-to-driver mapping in path or filename.,30.0,300,300,10.0,720,1280,True,
n_939,data/raw/SUST Driver Drowsiness Dataset/not drowsiness/n_939.mp4,.mp4,not_drowsy,directory:not drowsiness,,No subject identifier or documented video-to-driver mapping in path or filename.,30.0,300,300,10.0,720,1280,True,
n_94,data/raw/SUST Driver Drowsiness Dataset/not drowsiness/n_94.mp4,.mp4,not_drowsy,directory:not drowsiness,,No subject identifier or documented video-to-driver mapping in path or filename.,30.0,300,300,10.0,720,1280,True,
n_940,data/raw/SUST Driver Drowsiness Dataset/not drowsiness/n_940.mp4,.mp4,not_drowsy,directory:not drowsiness,,No subject identifier or documented video-to-driver mapping in path or filename.,30.0,300,300,10.0,720,1280,True,
n_941,data/raw/SUST Driver Drowsiness Dataset/not drowsiness/n_941.mp4,.mp4,not_drowsy,directory:not drowsiness,,No subject identifier or documented video-to-driver mapping in path or filename.,30.0,300,300,10.0,720,1280,True,
n_942,data/raw/SUST Driver Drowsiness Dataset/not drowsiness/n_942.mp4,.mp4,not_drowsy,directory:not drowsiness,,No subject identifier or documented video-to-driver mapping in path or filename.,30.0,300,300,10.0,720,1280,True,
n_943,data/raw/SUST Driver Drowsiness Dataset/not drowsiness/n_943.mp4,.mp4,not_drowsy,directory:not drowsiness,,No subject identifier or documented video-to-driver mapping in path or filename.,30.0,300,300,10.0,720,1280,True,
n_944,data/raw/SUST Driver Drowsiness Dataset/not drowsiness/n_944.mp4,.mp4,not_drowsy,directory:not drowsiness,,No subject identifier or documented video-to-driver mapping in path or filename.,30.0,300,300,10.0,720,1280,True,
n_945,data/raw/SUST Driver Drowsiness Dataset/not drowsiness/n_945.mp4,.mp4,not_drowsy,directory:not drowsiness,,No subject identifier or documented video-to-driver mapping in path or filename.,30.0,300,300,10.0,720,1280,True,
n_946,data/raw/SUST Driver Drowsiness Dataset/not drowsiness/n_946.mp4,.mp4,not_drowsy,directory:not drowsiness,,No subject identifier or documented video-to-driver mapping in path or filename.,30.0,300,300,10.0,720,1280,True,
n_947,data/raw/SUST Driver Drowsiness Dataset/not drowsiness/n_947.mp4,.mp4,not_drowsy,directory:not drowsiness,,No subject identifier or documented video-to-driver mapping in path or filename.,30.0,300,300,10.0,720,1280,True,
n_948,data/raw/SUST Driver Drowsiness Dataset/not drowsiness/n_948.mp4,.mp4,not_drowsy,directory:not drowsiness,,No subject identifier or documented video-to-driver mapping in path or filename.,30.0,300,300,10.0,720,1280,True,
n_949,data/raw/SUST Driver Drowsiness Dataset/not drowsiness/n_949.mp4,.mp4,not_drowsy,directory:not drowsiness,,No subject identifier or documented video-to-driver mapping in path or filename.,30.0,300,300,10.0,720,1280,True,
n_95,data/raw/SUST Driver Drowsiness Dataset/not drowsiness/n_95.mp4,.mp4,not_drowsy,directory:not drowsiness,,No subject identifier or documented video-to-driver mapping in path or filename.,30.0,300,300,10.0,720,1280,True,
n_950,data/raw/SUST Driver Drowsiness Dataset/not drowsiness/n_950.mp4,.mp4,not_drowsy,directory:not drowsiness,,No subject identifier or documented video-to-driver mapping in path or filename.,30.0,300,300,10.0,720,1280,True,
n_951,data/raw/SUST Driver Drowsiness Dataset/not drowsiness/n_951.mp4,.mp4,not_drowsy,directory:not drowsiness,,No subject identifier or documented video-to-driver mapping in path or filename.,30.0,300,300,10.0,720,1280,True,
n_952,data/raw/SUST Driver Drowsiness Dataset/not drowsiness/n_952.mp4,.mp4,not_drowsy,directory:not drowsiness,,No subject identifier or documented video-to-driver mapping in path or filename.,30.0,300,300,10.0,720,1280,True,
n_953,data/raw/SUST Driver Drowsiness Dataset/not drowsiness/n_953.mp4,.mp4,not_drowsy,directory:not drowsiness,,No subject identifier or documented video-to-driver mapping in path or filename.,30.0,300,300,10.0,720,1280,True,
n_954,data/raw/SUST Driver Drowsiness Dataset/not drowsiness/n_954.mp4,.mp4,not_drowsy,directory:not drowsiness,,No subject identifier or documented video-to-driver mapping in path or filename.,30.0,300,300,10.0,720,1280,True,
n_955,data/raw/SUST Driver Drowsiness Dataset/not drowsiness/n_955.mp4,.mp4,not_drowsy,directory:not drowsiness,,No subject identifier or documented video-to-driver mapping in path or filename.,30.0,300,300,10.0,720,1280,True,
n_956,data/raw/SUST Driver Drowsiness Dataset/not drowsiness/n_956.mp4,.mp4,not_drowsy,directory:not drowsiness,,No subject identifier or documented video-to-driver mapping in path or filename.,30.0,300,300,10.0,720,1280,True,
n_957,data/raw/SUST Driver Drowsiness Dataset/not drowsiness/n_957.mp4,.mp4,not_drowsy,directory:not drowsiness,,No subject identifier or documented video-to-driver mapping in path or filename.,30.0,300,300,10.0,720,1280,True,
n_958,data/raw/SUST Driver Drowsiness Dataset/not drowsiness/n_958.mp4,.mp4,not_drowsy,directory:not drowsiness,,No subject identifier or documented video-to-driver mapping in path or filename.,30.0,300,300,10.0,720,1280,True,
n_959,data/raw/SUST Driver Drowsiness Dataset/not drowsiness/n_959.mp4,.mp4,not_drowsy,directory:not drowsiness,,No subject identifier or documented video-to-driver mapping in path or filename.,30.0,300,300,10.0,720,1280,True,
n_96,data/raw/SUST Driver Drowsiness Dataset/not drowsiness/n_96.mp4,.mp4,not_drowsy,directory:not drowsiness,,No subject identifier or documented video-to-driver mapping in path or filename.,30.0,300,300,10.0,720,1280,True,
n_960,data/raw/SUST Driver Drowsiness Dataset/not drowsiness/n_960.mp4,.mp4,not_drowsy,directory:not drowsiness,,No subject identifier or documented video-to-driver mapping in path or filename.,30.0,300,300,10.0,720,1280,True,
n_961,data/raw/SUST Driver Drowsiness Dataset/not drowsiness/n_961.mp4,.mp4,not_drowsy,directory:not drowsiness,,No subject identifier or documented video-to-driver mapping in path or filename.,30.0,300,300,10.0,720,1280,True,
n_962,data/raw/SUST Driver Drowsiness Dataset/not drowsiness/n_962.mp4,.mp4,not_drowsy,directory:not drowsiness,,No subject identifier or documented video-to-driver mapping in path or filename.,30.0,300,300,10.0,720,1280,True,
n_963,data/raw/SUST Driver Drowsiness Dataset/not drowsiness/n_963.mp4,.mp4,not_drowsy,directory:not drowsiness,,No subject identifier or documented video-to-driver mapping in path or filename.,30.0,300,300,10.0,720,1280,True,
n_964,data/raw/SUST Driver Drowsiness Dataset/not drowsiness/n_964.mp4,.mp4,not_drowsy,directory:not drowsiness,,No subject identifier or documented video-to-driver mapping in path or filename.,30.0,300,300,10.0,720,1280,True,
n_965,data/raw/SUST Driver Drowsiness Dataset/not drowsiness/n_965.mp4,.mp4,not_drowsy,directory:not drowsiness,,No subject identifier or documented video-to-driver mapping in path or filename.,30.0,300,300,10.0,720,1280,True,
n_966,data/raw/SUST Driver Drowsiness Dataset/not drowsiness/n_966.mp4,.mp4,not_drowsy,directory:not drowsiness,,No subject identifier or documented video-to-driver mapping in path or filename.,30.0,300,300,10.0,720,1280,True,
n_967,data/raw/SUST Driver Drowsiness Dataset/not drowsiness/n_967.mp4,.mp4,not_drowsy,directory:not drowsiness,,No subject identifier or documented video-to-driver mapping in path or filename.,30.0,300,300,10.0,720,1280,True,
n_968,data/raw/SUST Driver Drowsiness Dataset/not drowsiness/n_968.mp4,.mp4,not_drowsy,directory:not drowsiness,,No subject identifier or documented video-to-driver mapping in path or filename.,30.0,300,300,10.0,720,1280,True,
n_969,data/raw/SUST Driver Drowsiness Dataset/not drowsiness/n_969.mp4,.mp4,not_drowsy,directory:not drowsiness,,No subject identifier or documented video-to-driver mapping in path or filename.,30.0,300,300,10.0,720,1280,True,
n_97,data/raw/SUST Driver Drowsiness Dataset/not drowsiness/n_97.mp4,.mp4,not_drowsy,directory:not drowsiness,,No subject identifier or documented video-to-driver mapping in path or filename.,30.0,300,300,10.0,720,1280,True,
n_970,data/raw/SUST Driver Drowsiness Dataset/not drowsiness/n_970.mp4,.mp4,not_drowsy,directory:not drowsiness,,No subject identifier or documented video-to-driver mapping in path or filename.,30.0,300,300,10.0,720,1280,True,
n_971,data/raw/SUST Driver Drowsiness Dataset/not drowsiness/n_971.mp4,.mp4,not_drowsy,directory:not drowsiness,,No subject identifier or documented video-to-driver mapping in path or filename.,30.0,300,300,10.0,720,1280,True,
n_972,data/raw/SUST Driver Drowsiness Dataset/not drowsiness/n_972.mp4,.mp4,not_drowsy,directory:not drowsiness,,No subject identifier or documented video-to-driver mapping in path or filename.,30.0,300,300,10.0,720,1280,True,
n_973,data/raw/SUST Driver Drowsiness Dataset/not drowsiness/n_973.mp4,.mp4,not_drowsy,directory:not drowsiness,,No subject identifier or documented video-to-driver mapping in path or filename.,30.0,300,300,10.0,720,1280,True,
n_974,data/raw/SUST Driver Drowsiness Dataset/not drowsiness/n_974.mp4,.mp4,not_drowsy,directory:not drowsiness,,No subject identifier or documented video-to-driver mapping in path or filename.,30.0,300,300,10.0,720,1280,True,
n_975,data/raw/SUST Driver Drowsiness Dataset/not drowsiness/n_975.mp4,.mp4,not_drowsy,directory:not drowsiness,,No subject identifier or documented video-to-driver mapping in path or filename.,30.0,300,300,10.0,720,1280,True,
n_976,data/raw/SUST Driver Drowsiness Dataset/not drowsiness/n_976.mp4,.mp4,not_drowsy,directory:not drowsiness,,No subject identifier or documented video-to-driver mapping in path or filename.,30.0,300,300,10.0,720,1280,True,
n_977,data/raw/SUST Driver Drowsiness Dataset/not drowsiness/n_977.mp4,.mp4,not_drowsy,directory:not drowsiness,,No subject identifier or documented video-to-driver mapping in path or filename.,30.0,300,300,10.0,720,1280,True,
n_978,data/raw/SUST Driver Drowsiness Dataset/not drowsiness/n_978.mp4,.mp4,not_drowsy,directory:not drowsiness,,No subject identifier or documented video-to-driver mapping in path or filename.,30.0,300,300,10.0,720,1280,True,
n_979,data/raw/SUST Driver Drowsiness Dataset/not drowsiness/n_979.mp4,.mp4,not_drowsy,directory:not drowsiness,,No subject identifier or documented video-to-driver mapping in path or filename.,30.0,300,300,10.0,720,1280,True,
n_98,data/raw/SUST Driver Drowsiness Dataset/not drowsiness/n_98.mp4,.mp4,not_drowsy,directory:not drowsiness,,No subject identifier or documented video-to-driver mapping in path or filename.,30.0,300,300,10.0,720,1280,True,
n_980,data/raw/SUST Driver Drowsiness Dataset/not drowsiness/n_980.mp4,.mp4,not_drowsy,directory:not drowsiness,,No subject identifier or documented video-to-driver mapping in path or filename.,30.0,300,300,10.0,720,1280,True,
n_981,data/raw/SUST Driver Drowsiness Dataset/not drowsiness/n_981.mp4,.mp4,not_drowsy,directory:not drowsiness,,No subject identifier or documented video-to-driver mapping in path or filename.,30.0,300,300,10.0,720,1280,True,
n_982,data/raw/SUST Driver Drowsiness Dataset/not drowsiness/n_982.mp4,.mp4,not_drowsy,directory:not drowsiness,,No subject identifier or documented video-to-driver mapping in path or filename.,30.0,300,300,10.0,720,1280,True,
n_983,data/raw/SUST Driver Drowsiness Dataset/not drowsiness/n_983.mp4,.mp4,not_drowsy,directory:not drowsiness,,No subject identifier or documented video-to-driver mapping in path or filename.,25.0,250,250,10.0,720,1280,True,
n_984,data/raw/SUST Driver Drowsiness Dataset/not drowsiness/n_984.mp4,.mp4,not_drowsy,directory:not drowsiness,,No subject identifier or documented video-to-driver mapping in path or filename.,25.0,250,250,10.0,720,1280,True,
n_985,data/raw/SUST Driver Drowsiness Dataset/not drowsiness/n_985.mp4,.mp4,not_drowsy,directory:not drowsiness,,No subject identifier or documented video-to-driver mapping in path or filename.,25.0,250,250,10.0,720,1280,True,
n_986,data/raw/SUST Driver Drowsiness Dataset/not drowsiness/n_986.mp4,.mp4,not_drowsy,directory:not drowsiness,,No subject identifier or documented video-to-driver mapping in path or filename.,25.0,250,250,10.0,720,1280,True,
n_987,data/raw/SUST Driver Drowsiness Dataset/not drowsiness/n_987.mp4,.mp4,not_drowsy,directory:not drowsiness,,No subject identifier or documented video-to-driver mapping in path or filename.,25.0,250,250,10.0,720,1280,True,
n_988,data/raw/SUST Driver Drowsiness Dataset/not drowsiness/n_988.mp4,.mp4,not_drowsy,directory:not drowsiness,,No subject identifier or documented video-to-driver mapping in path or filename.,25.0,250,250,10.0,720,1280,True,
n_989,data/raw/SUST Driver Drowsiness Dataset/not drowsiness/n_989.mp4,.mp4,not_drowsy,directory:not drowsiness,,No subject identifier or documented video-to-driver mapping in path or filename.,25.0,250,250,10.0,720,1280,True,
n_99,data/raw/SUST Driver Drowsiness Dataset/not drowsiness/n_99.mp4,.mp4,not_drowsy,directory:not drowsiness,,No subject identifier or documented video-to-driver mapping in path or filename.,30.0,300,300,10.0,720,1280,True,
n_990,data/raw/SUST Driver Drowsiness Dataset/not drowsiness/n_990.mp4,.mp4,not_drowsy,directory:not drowsiness,,No subject identifier or documented video-to-driver mapping in path or filename.,25.0,250,250,10.0,720,1280,True,
n_991,data/raw/SUST Driver Drowsiness Dataset/not drowsiness/n_991.mp4,.mp4,not_drowsy,directory:not drowsiness,,No subject identifier or documented video-to-driver mapping in path or filename.,25.0,250,250,10.0,720,1280,True,
n_992,data/raw/SUST Driver Drowsiness Dataset/not drowsiness/n_992.mp4,.mp4,not_drowsy,directory:not drowsiness,,No subject identifier or documented video-to-driver mapping in path or filename.,25.0,250,250,10.0,720,1280,True,
n_993,data/raw/SUST Driver Drowsiness Dataset/not drowsiness/n_993.mp4,.mp4,not_drowsy,directory:not drowsiness,,No subject identifier or documented video-to-driver mapping in path or filename.,25.0,250,250,10.0,720,1280,True,
n_994,data/raw/SUST Driver Drowsiness Dataset/not drowsiness/n_994.mp4,.mp4,not_drowsy,directory:not drowsiness,,No subject identifier or documented video-to-driver mapping in path or filename.,30.0,300,300,10.0,720,1280,True,
n_995,data/raw/SUST Driver Drowsiness Dataset/not drowsiness/n_995.mp4,.mp4,not_drowsy,directory:not drowsiness,,No subject identifier or documented video-to-driver mapping in path or filename.,30.0,300,300,10.0,720,1280,True,
n_996,data/raw/SUST Driver Drowsiness Dataset/not drowsiness/n_996.mp4,.mp4,not_drowsy,directory:not drowsiness,,No subject identifier or documented video-to-driver mapping in path or filename.,30.0,300,300,10.0,720,1280,True,
n_997,data/raw/SUST Driver Drowsiness Dataset/not drowsiness/n_997.mp4,.mp4,not_drowsy,directory:not drowsiness,,No subject identifier or documented video-to-driver mapping in path or filename.,30.0,300,300,10.0,720,1280,True,
n_998,data/raw/SUST Driver Drowsiness Dataset/not drowsiness/n_998.mp4,.mp4,not_drowsy,directory:not drowsiness,,No subject identifier or documented video-to-driver mapping in path or filename.,30.0,300,300,10.0,720,1280,True,
n_999,data/raw/SUST Driver Drowsiness Dataset/not drowsiness/n_999.mp4,.mp4,not_drowsy,directory:not drowsiness,,No subject identifier or documented video-to-driver mapping in path or filename.,30.0,300,300,10.0,720,1280,True,
