video_id,video_path,extension,label,label_source,subject_id,subject_id_reason,fps,frame_count,decoded_frame_count,duration_seconds,width,height,is_readable,read_error,split
d_10,data/raw/SUST Driver Drowsiness Dataset/drowsiness/d_10.mp4,.mp4,drowsy,directory:drowsiness,,No subject identifier or documented video-to-driver mapping in path or filename.,30.0,300,300,10.0,720,1280,True,,train
d_100,data/raw/SUST Driver Drowsiness Dataset/drowsiness/d_100.mp4,.mp4,drowsy,directory:drowsiness,,No subject identifier or documented video-to-driver mapping in path or filename.,25.0,250,250,10.0,720,1280,True,,train
d_101,data/raw/SUST Driver Drowsiness Dataset/drowsiness/d_101.mp4,.mp4,drowsy,directory:drowsiness,,No subject identifier or documented video-to-driver mapping in path or filename.,25.0,250,250,10.0,720,1280,True,,train
d_102,data/raw/SUST Driver Drowsiness Dataset/drowsiness/d_102.mp4,.mp4,drowsy,directory:drowsiness,,No subject identifier or documented video-to-driver mapping in path or filename.,25.0,250,250,10.0,720,1280,True,,train
d_104,data/raw/SUST Driver Drowsiness Dataset/drowsiness/d_104.mp4,.mp4,drowsy,directory:drowsiness,,No subject identifier or documented video-to-driver mapping in path or filename.,25.0,250,250,10.0,720,1280,True,,train
d_105,data/raw/SUST Driver Drowsiness Dataset/drowsiness/d_105.mp4,.mp4,drowsy,directory:drowsiness,,No subject identifier or documented video-to-driver mapping in path or filename.,25.0,250,250,10.0,720,1280,True,,train
d_106,data/raw/SUST Driver Drowsiness Dataset/drowsiness/d_106.mp4,.mp4,drowsy,directory:drowsiness,,No subject identifier or documented video-to-driver mapping in path or filename.,25.0,250,250,10.0,720,1280,True,,train
d_107,data/raw/SUST Driver Drowsiness Dataset/drowsiness/d_107.mp4,.mp4,drowsy,directory:drowsiness,,No subject identifier or documented video-to-driver mapping in path or filename.,25.0,250,250,10.0,720,1280,True,,train
d_11,data/raw/SUST Driver Drowsiness Dataset/drowsiness/d_11.mp4,.mp4,drowsy,directory:drowsiness,,No subject identifier or documented video-to-driver mapping in path or filename.,30.0,300,300,10.0,720,1280,True,,train
d_110,data/raw/SUST Driver Drowsiness Dataset/drowsiness/d_110.mp4,.mp4,drowsy,directory:drowsiness,,No subject identifier or documented video-to-driver mapping in path or filename.,25.0,250,250,10.0,720,1280,True,,train
d_111,data/raw/SUST Driver Drowsiness Dataset/drowsiness/d_111.mp4,.mp4,drowsy,directory:drowsiness,,No subject identifier or documented video-to-driver mapping in path or filename.,25.0,250,250,10.0,720,1280,True,,train
d_112,data/raw/SUST Driver Drowsiness Dataset/drowsiness/d_112.mp4,.mp4,drowsy,directory:drowsiness,,No subject identifier or documented video-to-driver mapping in path or filename.,25.0,250,250,10.0,720,1280,True,,train
d_113,data/raw/SUST Driver Drowsiness Dataset/drowsiness/d_113.mp4,.mp4,drowsy,directory:drowsiness,,No subject identifier or documented video-to-driver mapping in path or filename.,25.0,250,250,10.0,720,1280,True,,train
d_116,data/raw/SUST Driver Drowsiness Dataset/drowsiness/d_116.mp4,.mp4,drowsy,directory:drowsiness,,No subject identifier or documented video-to-driver mapping in path or filename.,25.0,250,250,10.0,720,1280,True,,train
d_117,data/raw/SUST Driver Drowsiness Dataset/drowsiness/d_117.mp4,.mp4,drowsy,directory:drowsiness,,No subject identifier or documented video-to-driver mapping in path or filename.,25.0,250,250,10.0,720,1280,True,,train
d_118,data/raw/SUST Driver Drowsiness Dataset/drowsiness/d_118.mp4,.mp4,drowsy,directory:drowsiness,,No subject identifier or documented video-to-driver mapping in path or filename.,25.0,250,250,10.0,720,1280,True,,train
d_12,data/raw/SUST Driver Drowsiness Dataset/drowsiness/d_12.mp4,.mp4,drowsy,directory:drowsiness,,No subject identifier or documented video-to-driver mapping in path or filename.,30.0,300,300,10.0,720,1280,True,,train
d_120,data/raw/SUST Driver Drowsiness Dataset/drowsiness/d_120.mp4,.mp4,drowsy,directory:drowsiness,,No subject identifier or documented video-to-driver mapping in path or filename.,25.0,250,250,10.0,720,1280,True,,train
d_121,data/raw/SUST Driver Drowsiness Dataset/drowsiness/d_121.mp4,.mp4,drowsy,directory:drowsiness,,No subject identifier or documented video-to-driver mapping in path or filename.,25.0,250,250,10.0,720,1280,True,,train
d_122,data/raw/SUST Driver Drowsiness Dataset/drowsiness/d_122.mp4,.mp4,drowsy,directory:drowsiness,,No subject identifier or documented video-to-driver mapping in path or filename.,25.0,250,250,10.0,720,1280,True,,train
d_123,data/raw/SUST Driver Drowsiness Dataset/drowsiness/d_123.mp4,.mp4,drowsy,directory:drowsiness,,No subject identifier or documented video-to-driver mapping in path or filename.,25.0,250,250,10.0,720,1280,True,,train
d_124,data/raw/SUST Driver Drowsiness Dataset/drowsiness/d_124.mp4,.mp4,drowsy,directory:drowsiness,,No subject identifier or documented video-to-driver mapping in path or filename.,25.0,250,250,10.0,720,1280,True,,train
d_125,data/raw/SUST Driver Drowsiness Dataset/drowsiness/d_125.mp4,.mp4,drowsy,directory:drowsiness,,No subject identifier or documented video-to-driver mapping in path or filename.,25.0,250,250,10.0,720,1280,True,,train
d_126,data/raw/SUST Driver Drowsiness Dataset/drowsiness/d_126.mp4,.mp4,drowsy,directory:drowsiness,,No subject identifier or documented video-to-driver mapping in path or filename.,25.0,250,250,10.0,720,1280,True,,train
d_127,data/raw/SUST Driver Drowsiness Dataset/drowsiness/d_127.mp4,.mp4,drowsy,directory:drowsiness,,No subject identifier or documented video-to-driver mapping in path or filename.,25.0,250,250,10.0,720,1280,True,,train
d_128,data/raw/SUST Driver Drowsiness Dataset/drowsiness/d_128.mp4,.mp4,drowsy,directory:drowsiness,,No subject identifier or documented video-to-driver mapping in path or filename.,25.0,250,250,10.0,720,1280,True,,train
d_129,data/raw/SUST Driver Drowsiness Dataset/drowsiness/d_129.mp4,.mp4,drowsy,directory:drowsiness,,No subject identifier or documented video-to-driver mapping in path or filename.,25.0,250,250,10.0,720,1280,True,,train
d_13,data/raw/SUST Driver Drowsiness Dataset/drowsiness/d_13.mp4,.mp4,drowsy,directory:drowsiness,,No subject identifier or documented video-to-driver mapping in path or filename.,30.0,300,300,10.0,720,1280,True,,train
d_132,data/raw/SUST Driver Drowsiness Dataset/drowsiness/d_132.mp4,.mp4,drowsy,directory:drowsiness,,No subject identifier or documented video-to-driver mapping in path or filename.,25.0,250,250,10.0,720,1280,True,,train
d_133,data/raw/SUST Driver Drowsiness Dataset/drowsiness/d_133.mp4,.mp4,drowsy,directory:drowsiness,,No subject identifier or documented video-to-driver mapping in path or filename.,25.0,250,250,10.0,720,1280,True,,train
d_135,data/raw/SUST Driver Drowsiness Dataset/drowsiness/d_135.mp4,.mp4,drowsy,directory:drowsiness,,No subject identifier or documented video-to-driver mapping in path or filename.,25.0,250,250,10.0,720,1280,True,,train
d_136,data/raw/SUST Driver Drowsiness Dataset/drowsiness/d_136.mp4,.mp4,drowsy,directory:drowsiness,,No subject identifier or documented video-to-driver mapping in path or filename.,25.0,250,250,10.0,720,1280,True,,train
d_138,data/raw/SUST Driver Drowsiness Dataset/drowsiness/d_138.mp4,.mp4,drowsy,directory:drowsiness,,No subject identifier or documented video-to-driver mapping in path or filename.,25.0,250,250,10.0,720,1280,True,,train
d_139,data/raw/SUST Driver Drowsiness Dataset/drowsiness/d_139.mp4,.mp4,drowsy,directory:drowsiness,,No subject identifier or documented video-to-driver mapping in path or filename.,25.0,250,250,10.0,720,1280,True,,train
d_140,data/raw/SUST Driver Drowsiness Dataset/drowsiness/d_140.mp4,.mp4,drowsy,directory:drowsiness,,No subject identifier or documented video-to-driver mapping in path or filename.,25.0,250,250,10.0,720,1280,True,,train
d_141,data/raw/SUST Driver Drowsiness Dataset/drowsiness/d_141.mp4,.mp4,drowsy,directory:drowsiness,,No subject identifier or documented video-to-driver mapping in path or filename.,25.0,250,250,10.0,720,1280,True,,train
d_142,data/raw/SUST Driver Drowsiness Dataset/drowsiness/d_142.mp4,.mp4,drowsy,directory:drowsiness,,No subject identifier or documented video-to-driver mapping in path or filename.,25.0,250,250,10.0,720,1280,True,,train
d_143,data/raw/SUST Driver Drowsiness Dataset/drowsiness/d_143.mp4,.mp4,drowsy,directory:drowsiness,,No subject identifier or documented video-to-driver mapping in path or filename.,25.0,250,250,10.0,720,1280,True,,train
d_144,data/raw/SUST Driver Drowsiness Dataset/drowsiness/d_144.mp4,.mp4,drowsy,directory:drowsiness,,No subject identifier or documented video-to-driver mapping in path or filename.,25.0,250,250,10.0,720,1280,True,,train
d_147,data/raw/SUST Driver Drowsiness Dataset/drowsiness/d_147.mp4,.mp4,drowsy,directory:drowsiness,,No subject identifier or documented video-to-driver mapping in path or filename.,25.0,250,250,10.0,720,1280,True,,train
d_148,data/raw/SUST Driver Drowsiness Dataset/drowsiness/d_148.mp4,.mp4,drowsy,directory:drowsiness,,No subject identifier or documented video-to-driver mapping in path or filename.,25.0,250,250,10.0,720,1280,True,,train
d_149,data/raw/SUST Driver Drowsiness Dataset/drowsiness/d_149.mp4,.mp4,drowsy,directory:drowsiness,,No subject identifier or documented video-to-driver mapping in path or filename.,25.0,250,250,10.0,720,1280,True,,train
d_15,data/raw/SUST Driver Drowsiness Dataset/drowsiness/d_15.mp4,.mp4,drowsy,directory:drowsiness,,No subject identifier or documented video-to-driver mapping in path or filename.,30.0,300,300,10.0,720,1280,True,,train
d_150,data/raw/SUST Driver Drowsiness Dataset/drowsiness/d_150.mp4,.mp4,drowsy,directory:drowsiness,,No subject identifier or documented video-to-driver mapping in path or filename.,29.5,295,295,10.0,720,1280,True,,train
d_152,data/raw/SUST Driver Drowsiness Dataset/drowsiness/d_152.mp4,.mp4,drowsy,directory:drowsiness,,No subject identifier or documented video-to-driver mapping in path or filename.,29.5,295,295,10.0,720,1280,True,,train
d_155,data/raw/SUST Driver Drowsiness Dataset/drowsiness/d_155.mp4,.mp4,drowsy,directory:drowsiness,,No subject identifier or documented video-to-driver mapping in path or filename.,29.5,295,295,10.0,720,1280,True,,train
d_156,data/raw/SUST Driver Drowsiness Dataset/drowsiness/d_156.mp4,.mp4,drowsy,directory:drowsiness,,No subject identifier or documented video-to-driver mapping in path or filename.,29.5,295,295,10.0,720,1280,True,,train
d_157,data/raw/SUST Driver Drowsiness Dataset/drowsiness/d_157.mp4,.mp4,drowsy,directory:drowsiness,,No subject identifier or documented video-to-driver mapping in path or filename.,29.5,295,295,10.0,720,1280,True,,train
d_158,data/raw/SUST Driver Drowsiness Dataset/drowsiness/d_158.mp4,.mp4,drowsy,directory:drowsiness,,No subject identifier or documented video-to-driver mapping in path or filename.,29.5,295,295,10.0,720,1280,True,,train
d_159,data/raw/SUST Driver Drowsiness Dataset/drowsiness/d_159.mp4,.mp4,drowsy,directory:drowsiness,,No subject identifier or documented video-to-driver mapping in path or filename.,29.5,295,295,10.0,720,1280,True,,train
d_16,data/raw/SUST Driver Drowsiness Dataset/drowsiness/d_16.mp4,.mp4,drowsy,directory:drowsiness,,No subject identifier or documented video-to-driver mapping in path or filename.,30.0,300,300,10.0,720,1280,True,,train
d_162,data/raw/SUST Driver Drowsiness Dataset/drowsiness/d_162.mp4,.mp4,drowsy,directory:drowsiness,,No subject identifier or documented video-to-driver mapping in path or filename.,29.5,295,295,10.0,720,1280,True,,train
d_163,data/raw/SUST Driver Drowsiness Dataset/drowsiness/d_163.mp4,.mp4,drowsy,directory:drowsiness,,No subject identifier or documented video-to-driver mapping in path or filename.,29.5,295,295,10.0,720,1280,True,,train
d_166,data/raw/SUST Driver Drowsiness Dataset/drowsiness/d_166.mp4,.mp4,drowsy,directory:drowsiness,,No subject identifier or documented video-to-driver mapping in path or filename.,29.5,295,295,10.0,720,1280,True,,train
d_167,data/raw/SUST Driver Drowsiness Dataset/drowsiness/d_167.mp4,.mp4,drowsy,directory:drowsiness,,No subject identifier or documented video-to-driver mapping in path or filename.,29.5,295,295,10.0,720,1280,True,,train
d_168,data/raw/SUST Driver Drowsiness Dataset/drowsiness/d_168.mp4,.mp4,drowsy,directory:drowsiness,,No subject identifier or documented video-to-driver mapping in path or filename.,29.5,295,295,10.0,720,1280,True,,train
d_169,data/raw/SUST Driver Drowsiness Dataset/drowsiness/d_169.mp4,.mp4,drowsy,directory:drowsiness,,No subject identifier or documented video-to-driver mapping in path or filename.,29.5,295,295,10.0,720,1280,True,,train
d_17,data/raw/SUST Driver Drowsiness Dataset/drowsiness/d_17.mp4,.mp4,drowsy,directory:drowsiness,,No subject identifier or documented video-to-driver mapping in path or filename.,30.0,300,300,10.0,720,1280,True,,train
d_170,data/raw/SUST Driver Drowsiness Dataset/drowsiness/d_170.mp4,.mp4,drowsy,directory:drowsiness,,No subject identifier or documented video-to-driver mapping in path or filename.,29.5,295,295,10.0,720,1280,True,,train
d_171,data/raw/SUST Driver Drowsiness Dataset/drowsiness/d_171.mp4,.mp4,drowsy,directory:drowsiness,,No subject identifier or documented video-to-driver mapping in path or filename.,29.5,295,295,10.0,720,1280,True,,train
d_172,data/raw/SUST Driver Drowsiness Dataset/drowsiness/d_172.mp4,.mp4,drowsy,directory:drowsiness,,No subject identifier or documented video-to-driver mapping in path or filename.,29.5,295,295,10.0,720,1280,True,,train
d_173,data/raw/SUST Driver Drowsiness Dataset/drowsiness/d_173.mp4,.mp4,drowsy,directory:drowsiness,,No subject identifier or documented video-to-driver mapping in path or filename.,29.5,295,295,10.0,720,1280,True,,train
d_175,data/raw/SUST Driver Drowsiness Dataset/drowsiness/d_175.mp4,.mp4,drowsy,directory:drowsiness,,No subject identifier or documented video-to-driver mapping in path or filename.,29.5,295,295,10.0,720,1280,True,,train
d_176,data/raw/SUST Driver Drowsiness Dataset/drowsiness/d_176.mp4,.mp4,drowsy,directory:drowsiness,,No subject identifier or documented video-to-driver mapping in path or filename.,29.5,295,295,10.0,720,1280,True,,train
d_177,data/raw/SUST Driver Drowsiness Dataset/drowsiness/d_177.mp4,.mp4,drowsy,directory:drowsiness,,No subject identifier or documented video-to-driver mapping in path or filename.,29.5,295,295,10.0,720,1280,True,,train
d_178,data/raw/SUST Driver Drowsiness Dataset/drowsiness/d_178.mp4,.mp4,drowsy,directory:drowsiness,,No subject identifier or documented video-to-driver mapping in path or filename.,29.5,295,295,10.0,720,1280,True,,train
d_179,data/raw/SUST Driver Drowsiness Dataset/drowsiness/d_179.mp4,.mp4,drowsy,directory:drowsiness,,No subject identifier or documented video-to-driver mapping in path or filename.,29.5,295,295,10.0,720,1280,True,,train
d_18,data/raw/SUST Driver Drowsiness Dataset/drowsiness/d_18.mp4,.mp4,drowsy,directory:drowsiness,,No subject identifier or documented video-to-driver mapping in path or filename.,30.0,300,300,10.0,720,1280,True,,train
d_180,data/raw/SUST Driver Drowsiness Dataset/drowsiness/d_180.mp4,.mp4,drowsy,directory:drowsiness,,No subject identifier or documented video-to-driver mapping in path or filename.,29.5,295,295,10.0,720,1280,True,,train
d_181,data/raw/SUST Driver Drowsiness Dataset/drowsiness/d_181.mp4,.mp4,drowsy,directory:drowsiness,,No subject identifier or documented video-to-driver mapping in path or filename.,29.5,295,295,10.0,720,1280,True,,train
d_182,data/raw/SUST Driver Drowsiness Dataset/drowsiness/d_182.mp4,.mp4,drowsy,directory:drowsiness,,No subject identifier or documented video-to-driver mapping in path or filename.,29.5,295,295,10.0,720,1280,True,,train
d_183,data/raw/SUST Driver Drowsiness Dataset/drowsiness/d_183.mp4,.mp4,drowsy,directory:drowsiness,,No subject identifier or documented video-to-driver mapping in path or filename.,29.5,295,295,10.0,720,1280,True,,train
d_184,data/raw/SUST Driver Drowsiness Dataset/drowsiness/d_184.mp4,.mp4,drowsy,directory:drowsiness,,No subject identifier or documented video-to-driver mapping in path or filename.,29.5,295,295,10.0,720,1280,True,,train
d_185,data/raw/SUST Driver Drowsiness Dataset/drowsiness/d_185.mp4,.mp4,drowsy,directory:drowsiness,,No subject identifier or documented video-to-driver mapping in path or filename.,29.5,295,295,10.0,720,1280,True,,train
d_186,data/raw/SUST Driver Drowsiness Dataset/drowsiness/d_186.mp4,.mp4,drowsy,directory:drowsiness,,No subject identifier or documented video-to-driver mapping in path or filename.,29.5,295,295,10.0,720,1280,True,,train
d_187,data/raw/SUST Driver Drowsiness Dataset/drowsiness/d_187.mp4,.mp4,drowsy,directory:drowsiness,,No subject identifier or documented video-to-driver mapping in path or filename.,29.5,295,295,10.0,720,1280,True,,train
d_188,data/raw/SUST Driver Drowsiness Dataset/drowsiness/d_188.mp4,.mp4,drowsy,directory:drowsiness,,No subject identifier or documented video-to-driver mapping in path or filename.,29.5,295,295,10.0,720,1280,True,,train
d_189,data/raw/SUST Driver Drowsiness Dataset/drowsiness/d_189.mp4,.mp4,drowsy,directory:drowsiness,,No subject identifier or documented video-to-driver mapping in path or filename.,29.5,295,295,10.0,720,1280,True,,train
d_19,data/raw/SUST Driver Drowsiness Dataset/drowsiness/d_19.mp4,.mp4,drowsy,directory:drowsiness,,No subject identifier or documented video-to-driver mapping in path or filename.,30.0,300,300,10.0,720,1280,True,,train
d_190,data/raw/SUST Driver Drowsiness Dataset/drowsiness/d_190.mp4,.mp4,drowsy,directory:drowsiness,,No subject identifier or documented video-to-driver mapping in path or filename.,29.5,295,295,10.0,720,1280,True,,train
d_192,data/raw/SUST Driver Drowsiness Dataset/drowsiness/d_192.mp4,.mp4,drowsy,directory:drowsiness,,No subject identifier or documented video-to-driver mapping in path or filename.,29.5,295,295,10.0,720,1280,True,,train
d_196,data/raw/SUST Driver Drowsiness Dataset/drowsiness/d_196.mp4,.mp4,drowsy,directory:drowsiness,,No subject identifier or documented video-to-driver mapping in path or filename.,29.5,295,295,10.0,720,1280,True,,train
d_197,data/raw/SUST Driver Drowsiness Dataset/drowsiness/d_197.mp4,.mp4,drowsy,directory:drowsiness,,No subject identifier or documented video-to-driver mapping in path or filename.,30.0,300,300,10.0,720,1280,True,,train
d_198,data/raw/SUST Driver Drowsiness Dataset/drowsiness/d_198.mp4,.mp4,drowsy,directory:drowsiness,,No subject identifier or documented video-to-driver mapping in path or filename.,30.0,300,300,10.0,720,1280,True,,train
d_199,data/raw/SUST Driver Drowsiness Dataset/drowsiness/d_199.mp4,.mp4,drowsy,directory:drowsiness,,No subject identifier or documented video-to-driver mapping in path or filename.,30.0,300,300,10.0,720,1280,True,,train
d_200,data/raw/SUST Driver Drowsiness Dataset/drowsiness/d_200.mp4,.mp4,drowsy,directory:drowsiness,,No subject identifier or documented video-to-driver mapping in path or filename.,30.0,300,300,10.0,720,1280,True,,train
d_203,data/raw/SUST Driver Drowsiness Dataset/drowsiness/d_203.mp4,.mp4,drowsy,directory:drowsiness,,No subject identifier or documented video-to-driver mapping in path or filename.,30.0,300,300,10.0,720,1280,True,,train
d_205,data/raw/SUST Driver Drowsiness Dataset/drowsiness/d_205.mp4,.mp4,drowsy,directory:drowsiness,,No subject identifier or documented video-to-driver mapping in path or filename.,30.0,300,300,10.0,720,1280,True,,train
d_206,data/raw/SUST Driver Drowsiness Dataset/drowsiness/d_206.mp4,.mp4,drowsy,directory:drowsiness,,No subject identifier or documented video-to-driver mapping in path or filename.,30.0,300,300,10.0,720,1280,True,,train
d_21,data/raw/SUST Driver Drowsiness Dataset/drowsiness/d_21.mp4,.mp4,drowsy,directory:drowsiness,,No subject identifier or documented video-to-driver mapping in path or filename.,30.0,300,300,10.0,720,1280,True,,train
d_210,data/raw/SUST Driver Drowsiness Dataset/drowsiness/d_210.mp4,.mp4,drowsy,directory:drowsiness,,No subject identifier or documented video-to-driver mapping in path or filename.,30.0,300,300,10.0,720,1280,True,,train
d_212,data/raw/SUST Driver Drowsiness Dataset/drowsiness/d_212.mp4,.mp4,drowsy,directory:drowsiness,,No subject identifier or documented video-to-driver mapping in path or filename.,30.0,300,300,10.0,720,1280,True,,train
d_213,data/raw/SUST Driver Drowsiness Dataset/drowsiness/d_213.mp4,.mp4,drowsy,directory:drowsiness,,No subject identifier or documented video-to-driver mapping in path or filename.,30.0,300,300,10.0,720,1280,True,,train
d_214,data/raw/SUST Driver Drowsiness Dataset/drowsiness/d_214.mp4,.mp4,drowsy,directory:drowsiness,,No subject identifier or documented video-to-driver mapping in path or filename.,30.0,300,300,10.0,720,1280,True,,train
d_215,data/raw/SUST Driver Drowsiness Dataset/drowsiness/d_215.mp4,.mp4,drowsy,directory:drowsiness,,No subject identifier or documented video-to-driver mapping in path or filename.,30.0,300,300,10.0,720,1280,True,,train
d_216,data/raw/SUST Driver Drowsiness Dataset/drowsiness/d_216.mp4,.mp4,drowsy,directory:drowsiness,,No subject identifier or documented video-to-driver mapping in path or filename.,30.0,300,300,10.0,720,1280,True,,train
d_218,data/raw/SUST Driver Drowsiness Dataset/drowsiness/d_218.mp4,.mp4,drowsy,directory:drowsiness,,No subject identifier or documented video-to-driver mapping in path or filename.,30.0,300,300,10.0,720,1280,True,,train
d_219,data/raw/SUST Driver Drowsiness Dataset/drowsiness/d_219.mp4,.mp4,drowsy,directory:drowsiness,,No subject identifier or documented video-to-driver mapping in path or filename.,30.0,300,300,10.0,720,1280,True,,train
d_22,data/raw/SUST Driver Drowsiness Dataset/drowsiness/d_22.mp4,.mp4,drowsy,directory:drowsiness,,No subject identifier or documented video-to-driver mapping in path or filename.,30.0,300,300,10.0,720,1280,True,,train
d_220,data/raw/SUST Driver Drowsiness Dataset/drowsiness/d_220.mp4,.mp4,drowsy,directory:drowsiness,,No subject identifier or documented video-to-driver mapping in path or filename.,30.0,300,300,10.0,720,1280,True,,train
d_221,data/raw/SUST Driver Drowsiness Dataset/drowsiness/d_221.mp4,.mp4,drowsy,directory:drowsiness,,No subject identifier or documented video-to-driver mapping in path or filename.,30.0,300,300,10.0,720,1280,True,,train
d_223,data/raw/SUST Driver Drowsiness Dataset/drowsiness/d_223.mp4,.mp4,drowsy,directory:drowsiness,,No subject identifier or documented video-to-driver mapping in path or filename.,30.0,300,300,10.0,720,1280,True,,train
d_226,data/raw/SUST Driver Drowsiness Dataset/drowsiness/d_226.mp4,.mp4,drowsy,directory:drowsiness,,No subject identifier or documented video-to-driver mapping in path or filename.,30.0,300,300,10.0,720,1280,True,,train
d_227,data/raw/SUST Driver Drowsiness Dataset/drowsiness/d_227.mp4,.mp4,drowsy,directory:drowsiness,,No subject identifier or documented video-to-driver mapping in path or filename.,30.0,300,300,10.0,720,1280,True,,train
d_228,data/raw/SUST Driver Drowsiness Dataset/drowsiness/d_228.mp4,.mp4,drowsy,directory:drowsiness,,No subject identifier or documented video-to-driver mapping in path or filename.,30.0,300,300,10.0,720,1280,True,,train
d_23,data/raw/SUST Driver Drowsiness Dataset/drowsiness/d_23.mp4,.mp4,drowsy,directory:drowsiness,,No subject identifier or documented video-to-driver mapping in path or filename.,30.0,300,300,10.0,720,1280,True,,train
d_230,data/raw/SUST Driver Drowsiness Dataset/drowsiness/d_230.mp4,.mp4,drowsy,directory:drowsiness,,No subject identifier or documented video-to-driver mapping in path or filename.,30.0,300,300,10.0,720,1280,True,,train
d_233,data/raw/SUST Driver Drowsiness Dataset/drowsiness/d_233.mp4,.mp4,drowsy,directory:drowsiness,,No subject identifier or documented video-to-driver mapping in path or filename.,30.0,300,300,10.0,720,1280,True,,train
d_235,data/raw/SUST Driver Drowsiness Dataset/drowsiness/d_235.mp4,.mp4,drowsy,directory:drowsiness,,No subject identifier or documented video-to-driver mapping in path or filename.,30.0,300,300,10.0,720,1280,True,,train
d_236,data/raw/SUST Driver Drowsiness Dataset/drowsiness/d_236.mp4,.mp4,drowsy,directory:drowsiness,,No subject identifier or documented video-to-driver mapping in path or filename.,30.0,300,300,10.0,720,1280,True,,train
d_239,data/raw/SUST Driver Drowsiness Dataset/drowsiness/d_239.mp4,.mp4,drowsy,directory:drowsiness,,No subject identifier or documented video-to-driver mapping in path or filename.,29.97,300,300,10.01001,720,1280,True,,train
d_24,data/raw/SUST Driver Drowsiness Dataset/drowsiness/d_24.mp4,.mp4,drowsy,directory:drowsiness,,No subject identifier or documented video-to-driver mapping in path or filename.,30.0,300,300,10.0,720,1280,True,,train
d_240,data/raw/SUST Driver Drowsiness Dataset/drowsiness/d_240.mp4,.mp4,drowsy,directory:drowsiness,,No subject identifier or documented video-to-driver mapping in path or filename.,29.97,300,300,10.01001,720,1280,True,,train
d_242,data/raw/SUST Driver Drowsiness Dataset/drowsiness/d_242.mp4,.mp4,drowsy,directory:drowsiness,,No subject identifier or documented video-to-driver mapping in path or filename.,29.97,300,300,10.01001,720,1280,True,,train
d_244,data/raw/SUST Driver Drowsiness Dataset/drowsiness/d_244.mp4,.mp4,drowsy,directory:drowsiness,,No subject identifier or documented video-to-driver mapping in path or filename.,29.97,300,300,10.01001,720,1280,True,,train
d_245,data/raw/SUST Driver Drowsiness Dataset/drowsiness/d_245.mp4,.mp4,drowsy,directory:drowsiness,,No subject identifier or documented video-to-driver mapping in path or filename.,29.97,300,300,10.01001,720,1280,True,,train
d_247,data/raw/SUST Driver Drowsiness Dataset/drowsiness/d_247.mp4,.mp4,drowsy,directory:drowsiness,,No subject identifier or documented video-to-driver mapping in path or filename.,29.97,300,300,10.01001,720,1280,True,,train
d_248,data/raw/SUST Driver Drowsiness Dataset/drowsiness/d_248.mp4,.mp4,drowsy,directory:drowsiness,,No subject identifier or documented video-to-driver mapping in path or filename.,29.97,300,300,10.01001,720,1280,True,,train
d_25,data/raw/SUST Driver Drowsiness Dataset/drowsiness/d_25.mp4,.mp4,drowsy,directory:drowsiness,,No subject identifier or documented video-to-driver mapping in path or filename.,30.0,300,300,10.0,720,1280,True,,train
d_250,data/raw/SUST Driver Drowsiness Dataset/drowsiness/d_250.mp4,.mp4,drowsy,directory:drowsiness,,No subject identifier or documented video-to-driver mapping in path or filename.,29.97,300,300,10.01001,720,1280,True,,train
d_254,data/raw/SUST Driver Drowsiness Dataset/drowsiness/d_254.mp4,.mp4,drowsy,directory:drowsiness,,No subject identifier or documented video-to-driver mapping in path or filename.,29.97,300,300,10.01001,720,1280,True,,train
d_255,data/raw/SUST Driver Drowsiness Dataset/drowsiness/d_255.mp4,.mp4,drowsy,directory:drowsiness,,No subject identifier or documented video-to-driver mapping in path or filename.,29.97,300,300,10.01001,720,1280,True,,train
d_257,data/raw/SUST Driver Drowsiness Dataset/drowsiness/d_257.mp4,.mp4,drowsy,directory:drowsiness,,No subject identifier or documented video-to-driver mapping in path or filename.,29.97,300,300,10.01001,720,1280,True,,train
d_260,data/raw/SUST Driver Drowsiness Dataset/drowsiness/d_260.mp4,.mp4,drowsy,directory:drowsiness,,No subject identifier or documented video-to-driver mapping in path or filename.,29.97,300,300,10.01001,720,1280,True,,train
d_261,data/raw/SUST Driver Drowsiness Dataset/drowsiness/d_261.mp4,.mp4,drowsy,directory:drowsiness,,No subject identifier or documented video-to-driver mapping in path or filename.,29.97,300,300,10.01001,720,1280,True,,train
d_262,data/raw/SUST Driver Drowsiness Dataset/drowsiness/d_262.mp4,.mp4,drowsy,directory:drowsiness,,No subject identifier or documented video-to-driver mapping in path or filename.,29.97,300,300,10.01001,720,1280,True,,train
d_263,data/raw/SUST Driver Drowsiness Dataset/drowsiness/d_263.mp4,.mp4,drowsy,directory:drowsiness,,No subject identifier or documented video-to-driver mapping in path or filename.,29.97,300,300,10.01001,720,1280,True,,train
d_264,data/raw/SUST Driver Drowsiness Dataset/drowsiness/d_264.mp4,.mp4,drowsy,directory:drowsiness,,No subject identifier or documented video-to-driver mapping in path or filename.,29.97,300,300,10.01001,720,1280,True,,train
d_265,data/raw/SUST Driver Drowsiness Dataset/drowsiness/d_265.mp4,.mp4,drowsy,directory:drowsiness,,No subject identifier or documented video-to-driver mapping in path or filename.,29.97,300,300,10.01001,720,1280,True,,train
d_266,data/raw/SUST Driver Drowsiness Dataset/drowsiness/d_266.mp4,.mp4,drowsy,directory:drowsiness,,No subject identifier or documented video-to-driver mapping in path or filename.,29.97,300,300,10.01001,720,1280,True,,train
d_267,data/raw/SUST Driver Drowsiness Dataset/drowsiness/d_267.mp4,.mp4,drowsy,directory:drowsiness,,No subject identifier or documented video-to-driver mapping in path or filename.,29.97,300,300,10.01001,720,1280,True,,train
d_268,data/raw/SUST Driver Drowsiness Dataset/drowsiness/d_268.mp4,.mp4,drowsy,directory:drowsiness,,No subject identifier or documented video-to-driver mapping in path or filename.,29.97,300,300,10.01001,720,1280,True,,train
d_269,data/raw/SUST Driver Drowsiness Dataset/drowsiness/d_269.mp4,.mp4,drowsy,directory:drowsiness,,No subject identifier or documented video-to-driver mapping in path or filename.,29.97,300,300,10.01001,720,1280,True,,train
d_270,data/raw/SUST Driver Drowsiness Dataset/drowsiness/d_270.mp4,.mp4,drowsy,directory:drowsiness,,No subject identifier or documented video-to-driver mapping in path or filename.,29.97,300,300,10.01001,720,1280,True,,train
d_271,data/raw/SUST Driver Drowsiness Dataset/drowsiness/d_271.mp4,.mp4,drowsy,directory:drowsiness,,No subject identifier or documented video-to-driver mapping in path or filename.,29.97,300,300,10.01001,720,1280,True,,train
d_272,data/raw/SUST Driver Drowsiness Dataset/drowsiness/d_272.mp4,.mp4,drowsy,directory:drowsiness,,No subject identifier or documented video-to-driver mapping in path or filename.,29.97,300,300,10.01001,720,1280,True,,train
d_273,data/raw/SUST Driver Drowsiness Dataset/drowsiness/d_273.mp4,.mp4,drowsy,directory:drowsiness,,No subject identifier or documented video-to-driver mapping in path or filename.,29.97,300,300,10.01001,720,1280,True,,train
d_274,data/raw/SUST Driver Drowsiness Dataset/drowsiness/d_274.mp4,.mp4,drowsy,directory:drowsiness,,No subject identifier or documented video-to-driver mapping in path or filename.,29.97,300,300,10.01001,720,1280,True,,train
d_276,data/raw/SUST Driver Drowsiness Dataset/drowsiness/d_276.mp4,.mp4,drowsy,directory:drowsiness,,No subject identifier or documented video-to-driver mapping in path or filename.,29.95,300,300,10.016694,720,1280,True,,train
d_277,data/raw/SUST Driver Drowsiness Dataset/drowsiness/d_277.mp4,.mp4,drowsy,directory:drowsiness,,No subject identifier or documented video-to-driver mapping in path or filename.,29.95,300,300,10.016694,720,1280,True,,train
d_278,data/raw/SUST Driver Drowsiness Dataset/drowsiness/d_278.mp4,.mp4,drowsy,directory:drowsiness,,No subject identifier or documented video-to-driver mapping in path or filename.,29.95,300,300,10.016694,720,1280,True,,train
d_279,data/raw/SUST Driver Drowsiness Dataset/drowsiness/d_279.mp4,.mp4,drowsy,directory:drowsiness,,No subject identifier or documented video-to-driver mapping in path or filename.,29.95,300,300,10.016694,720,1280,True,,train
d_28,data/raw/SUST Driver Drowsiness Dataset/drowsiness/d_28.mp4,.mp4,drowsy,directory:drowsiness,,No subject identifier or documented video-to-driver mapping in path or filename.,30.0,300,300,10.0,720,1280,True,,train
d_281,data/raw/SUST Driver Drowsiness Dataset/drowsiness/d_281.mp4,.mp4,drowsy,directory:drowsiness,,No subject identifier or documented video-to-driver mapping in path or filename.,29.95,300,300,10.016694,720,1280,True,,train
d_282,data/raw/SUST Driver Drowsiness Dataset/drowsiness/d_282.mp4,.mp4,drowsy,directory:drowsiness,,No subject identifier or documented video-to-driver mapping in path or filename.,29.95,300,300,10.016694,720,1280,True,,train
d_284,data/raw/SUST Driver Drowsiness Dataset/drowsiness/d_284.mp4,.mp4,drowsy,directory:drowsiness,,No subject identifier or documented video-to-driver mapping in path or filename.,29.83,299,299,10.023466,720,1280,True,,train
d_285,data/raw/SUST Driver Drowsiness Dataset/drowsiness/d_285.mp4,.mp4,drowsy,directory:drowsiness,,No subject identifier or documented video-to-driver mapping in path or filename.,29.83,299,299,10.023466,720,1280,True,,train
d_286,data/raw/SUST Driver Drowsiness Dataset/drowsiness/d_286.mp4,.mp4,drowsy,directory:drowsiness,,No subject identifier or documented video-to-driver mapping in path or filename.,29.83,299,299,10.023466,720,1280,True,,train
d_287,data/raw/SUST Driver Drowsiness Dataset/drowsiness/d_287.mp4,.mp4,drowsy,directory:drowsiness,,No subject identifier or documented video-to-driver mapping in path or filename.,29.83,299,299,10.023466,720,1280,True,,train
d_288,data/raw/SUST Driver Drowsiness Dataset/drowsiness/d_288.mp4,.mp4,drowsy,directory:drowsiness,,No subject identifier or documented video-to-driver mapping in path or filename.,29.83,299,299,10.023466,720,1280,True,,train
d_289,data/raw/SUST Driver Drowsiness Dataset/drowsiness/d_289.mp4,.mp4,drowsy,directory:drowsiness,,No subject identifier or documented video-to-driver mapping in path or filename.,29.83,299,299,10.023466,720,1280,True,,train
d_29,data/raw/SUST Driver Drowsiness Dataset/drowsiness/d_29.mp4,.mp4,drowsy,directory:drowsiness,,No subject identifier or documented video-to-driver mapping in path or filename.,30.0,300,300,10.0,720,1280,True,,train
d_290,data/raw/SUST Driver Drowsiness Dataset/drowsiness/d_290.mp4,.mp4,drowsy,directory:drowsiness,,No subject identifier or documented video-to-driver mapping in path or filename.,29.83,299,299,10.023466,720,1280,True,,train
d_291,data/raw/SUST Driver Drowsiness Dataset/drowsiness/d_291.mp4,.mp4,drowsy,directory:drowsiness,,No subject identifier or documented video-to-driver mapping in path or filename.,29.83,299,299,10.023466,720,1280,True,,train
d_292,data/raw/SUST Driver Drowsiness Dataset/drowsiness/d_292.mp4,.mp4,drowsy,directory:drowsiness,,No subject identifier or documented video-to-driver mapping in path or filename.,29.83,299,299,10.023466,720,1280,True,,train
d_294,data/raw/SUST Driver Drowsiness Dataset/drowsiness/d_294.mp4,.mp4,drowsy,directory:drowsiness,,No subject identifier or documented video-to-driver mapping in path or filename.,29.83,299,299,10.023466,720,1280,True,,train
d_296,data/raw/SUST Driver Drowsiness Dataset/drowsiness/d_296.mp4,.mp4,drowsy,directory:drowsiness,,No subject identifier or documented video-to-driver mapping in path or filename.,29.83,299,299,10.023466,720,1280,True,,train
d_297,data/raw/SUST Driver Drowsiness Dataset/drowsiness/d_297.mp4,.mp4,drowsy,directory:drowsiness,,No subject identifier or documented video-to-driver mapping in path or filename.,29.83,299,299,10.023466,720,1280,True,,train
d_298,data/raw/SUST Driver Drowsiness Dataset/drowsiness/d_298.mp4,.mp4,drowsy,directory:drowsiness,,No subject identifier or documented video-to-driver mapping in path or filename.,29.83,299,299,10.023466,720,1280,True,,train
d_299,data/raw/SUST Driver Drowsiness Dataset/drowsiness/d_299.mp4,.mp4,drowsy,directory:drowsiness,,No subject identifier or documented video-to-driver mapping in path or filename.,29.83,299,299,10.023466,720,1280,True,,train
d_30,data/raw/SUST Driver Drowsiness Dataset/drowsiness/d_30.mp4,.mp4,drowsy,directory:drowsiness,,No subject identifier or documented video-to-driver mapping in path or filename.,30.0,300,300,10.0,720,1280,True,,train
d_300,data/raw/SUST Driver Drowsiness Dataset/drowsiness/d_300.mp4,.mp4,drowsy,directory:drowsiness,,No subject identifier or documented video-to-driver mapping in path or filename.,29.83,299,299,10.023466,720,1280,True,,train
d_301,data/raw/SUST Driver Drowsiness Dataset/drowsiness/d_301.mp4,.mp4,drowsy,directory:drowsiness,,No subject identifier or documented video-to-driver mapping in path or filename.,29.83,299,299,10.023466,720,1280,True,,train
d_304,data/raw/SUST Driver Drowsiness Dataset/drowsiness/d_304.mp4,.mp4,drowsy,directory:drowsiness,,No subject identifier or documented video-to-driver mapping in path or filename.,29.83,299,299,10.023466,720,1280,True,,train
d_305,data/raw/SUST Driver Drowsiness Dataset/drowsiness/d_305.mp4,.mp4,drowsy,directory:drowsiness,,No subject identifier or documented video-to-driver mapping in path or filename.,29.83,299,299,10.023466,720,1280,True,,train
d_308,data/raw/SUST Driver Drowsiness Dataset/drowsiness/d_308.mp4,.mp4,drowsy,directory:drowsiness,,No subject identifier or documented video-to-driver mapping in path or filename.,29.83,299,299,10.023466,720,1280,True,,train
d_309,data/raw/SUST Driver Drowsiness Dataset/drowsiness/d_309.mp4,.mp4,drowsy,directory:drowsiness,,No subject identifier or documented video-to-driver mapping in path or filename.,29.83,299,299,10.023466,720,1280,True,,train
d_310,data/raw/SUST Driver Drowsiness Dataset/drowsiness/d_310.mp4,.mp4,drowsy,directory:drowsiness,,No subject identifier or documented video-to-driver mapping in path or filename.,29.83,299,299,10.023466,720,1280,True,,train
d_311,data/raw/SUST Driver Drowsiness Dataset/drowsiness/d_311.mp4,.mp4,drowsy,directory:drowsiness,,No subject identifier or documented video-to-driver mapping in path or filename.,29.83,299,299,10.023466,720,1280,True,,train
d_312,data/raw/SUST Driver Drowsiness Dataset/drowsiness/d_312.mp4,.mp4,drowsy,directory:drowsiness,,No subject identifier or documented video-to-driver mapping in path or filename.,29.83,299,299,10.023466,720,1280,True,,train
d_313,data/raw/SUST Driver Drowsiness Dataset/drowsiness/d_313.mp4,.mp4,drowsy,directory:drowsiness,,No subject identifier or documented video-to-driver mapping in path or filename.,29.83,299,299,10.023466,720,1280,True,,train
d_315,data/raw/SUST Driver Drowsiness Dataset/drowsiness/d_315.mp4,.mp4,drowsy,directory:drowsiness,,No subject identifier or documented video-to-driver mapping in path or filename.,29.83,299,299,10.023466,720,1280,True,,train
d_316,data/raw/SUST Driver Drowsiness Dataset/drowsiness/d_316.mp4,.mp4,drowsy,directory:drowsiness,,No subject identifier or documented video-to-driver mapping in path or filename.,29.83,299,299,10.023466,720,1280,True,,train
d_317,data/raw/SUST Driver Drowsiness Dataset/drowsiness/d_317.mp4,.mp4,drowsy,directory:drowsiness,,No subject identifier or documented video-to-driver mapping in path or filename.,29.83,299,299,10.023466,720,1280,True,,train
d_318,data/raw/SUST Driver Drowsiness Dataset/drowsiness/d_318.mp4,.mp4,drowsy,directory:drowsiness,,No subject identifier or documented video-to-driver mapping in path or filename.,29.83,299,299,10.023466,720,1280,True,,train
d_32,data/raw/SUST Driver Drowsiness Dataset/drowsiness/d_32.mp4,.mp4,drowsy,directory:drowsiness,,No subject identifier or documented video-to-driver mapping in path or filename.,30.0,300,300,10.0,720,1280,True,,train
d_321,data/raw/SUST Driver Drowsiness Dataset/drowsiness/d_321.mp4,.mp4,drowsy,directory:drowsiness,,No subject identifier or documented video-to-driver mapping in path or filename.,29.83,299,299,10.023466,720,1280,True,,train
d_325,data/raw/SUST Driver Drowsiness Dataset/drowsiness/d_325.mp4,.mp4,drowsy,directory:drowsiness,,No subject identifier or documented video-to-driver mapping in path or filename.,29.83,299,299,10.023466,720,1280,True,,train
d_327,data/raw/SUST Driver Drowsiness Dataset/drowsiness/d_327.mp4,.mp4,drowsy,directory:drowsiness,,No subject identifier or documented video-to-driver mapping in path or filename.,29.83,299,299,10.023466,720,1280,True,,train
d_328,data/raw/SUST Driver Drowsiness Dataset/drowsiness/d_328.mp4,.mp4,drowsy,directory:drowsiness,,No subject identifier or documented video-to-driver mapping in path or filename.,29.83,299,299,10.023466,720,1280,True,,train
d_329,data/raw/SUST Driver Drowsiness Dataset/drowsiness/d_329.mp4,.mp4,drowsy,directory:drowsiness,,No subject identifier or documented video-to-driver mapping in path or filename.,29.83,299,299,10.023466,720,1280,True,,train
d_330,data/raw/SUST Driver Drowsiness Dataset/drowsiness/d_330.mp4,.mp4,drowsy,directory:drowsiness,,No subject identifier or documented video-to-driver mapping in path or filename.,29.83,299,299,10.023466,720,1280,True,,train
d_333,data/raw/SUST Driver Drowsiness Dataset/drowsiness/d_333.mp4,.mp4,drowsy,directory:drowsiness,,No subject identifier or documented video-to-driver mapping in path or filename.,29.83,299,299,10.023466,720,1280,True,,train
d_334,data/raw/SUST Driver Drowsiness Dataset/drowsiness/d_334.mp4,.mp4,drowsy,directory:drowsiness,,No subject identifier or documented video-to-driver mapping in path or filename.,29.83,299,299,10.023466,720,1280,True,,train
d_335,data/raw/SUST Driver Drowsiness Dataset/drowsiness/d_335.mp4,.mp4,drowsy,directory:drowsiness,,No subject identifier or documented video-to-driver mapping in path or filename.,29.83,299,299,10.023466,720,1280,True,,train
d_337,data/raw/SUST Driver Drowsiness Dataset/drowsiness/d_337.mp4,.mp4,drowsy,directory:drowsiness,,No subject identifier or documented video-to-driver mapping in path or filename.,29.83,299,299,10.023466,720,1280,True,,train
d_338,data/raw/SUST Driver Drowsiness Dataset/drowsiness/d_338.mp4,.mp4,drowsy,directory:drowsiness,,No subject identifier or documented video-to-driver mapping in path or filename.,29.83,299,299,10.023466,720,1280,True,,train
d_339,data/raw/SUST Driver Drowsiness Dataset/drowsiness/d_339.mp4,.mp4,drowsy,directory:drowsiness,,No subject identifier or documented video-to-driver mapping in path or filename.,29.83,299,299,10.023466,720,1280,True,,train
d_340,data/raw/SUST Driver Drowsiness Dataset/drowsiness/d_340.mp4,.mp4,drowsy,directory:drowsiness,,No subject identifier or documented video-to-driver mapping in path or filename.,29.83,299,299,10.023466,720,1280,True,,train
d_343,data/raw/SUST Driver Drowsiness Dataset/drowsiness/d_343.mp4,.mp4,drowsy,directory:drowsiness,,No subject identifier or documented video-to-driver mapping in path or filename.,29.83,299,299,10.023466,720,1280,True,,train
d_344,data/raw/SUST Driver Drowsiness Dataset/drowsiness/d_344.mp4,.mp4,drowsy,directory:drowsiness,,No subject identifier or documented video-to-driver mapping in path or filename.,30.0,300,300,10.0,720,1280,True,,train
d_345,data/raw/SUST Driver Drowsiness Dataset/drowsiness/d_345.mp4,.mp4,drowsy,directory:drowsiness,,No subject identifier or documented video-to-driver mapping in path or filename.,30.0,300,300,10.0,720,1280,True,,train
d_346,data/raw/SUST Driver Drowsiness Dataset/drowsiness/d_346.mp4,.mp4,drowsy,directory:drowsiness,,No subject identifier or documented video-to-driver mapping in path or filename.,30.0,300,300,10.0,720,1280,True,,train
d_347,data/raw/SUST Driver Drowsiness Dataset/drowsiness/d_347.mp4,.mp4,drowsy,directory:drowsiness,,No subject identifier or documented video-to-driver mapping in path or filename.,30.0,300,300,10.0,720,1280,True,,train
d_348,data/raw/SUST Driver Drowsiness Dataset/drowsiness/d_348.mp4,.mp4,drowsy,directory:drowsiness,,No subject identifier or documented video-to-driver mapping in path or filename.,30.0,300,300,10.0,720,1280,True,,train
d_35,data/raw/SUST Driver Drowsiness Dataset/drowsiness/d_35.mp4,.mp4,drowsy,directory:drowsiness,,No subject identifier or documented video-to-driver mapping in path or filename.,30.0,300,300,10.0,720,1280,True,,train
d_351,data/raw/SUST Driver Drowsiness Dataset/drowsiness/d_351.mp4,.mp4,drowsy,directory:drowsiness,,No subject identifier or documented video-to-driver mapping in path or filename.,30.0,300,300,10.0,720,1280,True,,train
d_352,data/raw/SUST Driver Drowsiness Dataset/drowsiness/d_352.mp4,.mp4,drowsy,directory:drowsiness,,No subject identifier or documented video-to-driver mapping in path or filename.,30.0,300,300,10.0,720,1280,True,,train
d_353,data/raw/SUST Driver Drowsiness Dataset/drowsiness/d_353.mp4,.mp4,drowsy,directory:drowsiness,,No subject identifier or documented video-to-driver mapping in path or filename.,30.0,300,300,10.0,720,1280,True,,train
d_354,data/raw/SUST Driver Drowsiness Dataset/drowsiness/d_354.mp4,.mp4,drowsy,directory:drowsiness,,No subject identifier or documented video-to-driver mapping in path or filename.,30.0,300,300,10.0,720,1280,True,,train
d_355,data/raw/SUST Driver Drowsiness Dataset/drowsiness/d_355.mp4,.mp4,drowsy,directory:drowsiness,,No subject identifier or documented video-to-driver mapping in path or filename.,30.0,300,300,10.0,720,1280,True,,train
d_356,data/raw/SUST Driver Drowsiness Dataset/drowsiness/d_356.mp4,.mp4,drowsy,directory:drowsiness,,No subject identifier or documented video-to-driver mapping in path or filename.,30.0,300,300,10.0,720,1280,True,,train
d_357,data/raw/SUST Driver Drowsiness Dataset/drowsiness/d_357.mp4,.mp4,drowsy,directory:drowsiness,,No subject identifier or documented video-to-driver mapping in path or filename.,30.0,300,300,10.0,720,1280,True,,train
d_358,data/raw/SUST Driver Drowsiness Dataset/drowsiness/d_358.mp4,.mp4,drowsy,directory:drowsiness,,No subject identifier or documented video-to-driver mapping in path or filename.,30.0,300,300,10.0,720,1280,True,,train
d_359,data/raw/SUST Driver Drowsiness Dataset/drowsiness/d_359.mp4,.mp4,drowsy,directory:drowsiness,,No subject identifier or documented video-to-driver mapping in path or filename.,30.0,300,300,10.0,720,1280,True,,train
d_36,data/raw/SUST Driver Drowsiness Dataset/drowsiness/d_36.mp4,.mp4,drowsy,directory:drowsiness,,No subject identifier or documented video-to-driver mapping in path or filename.,30.0,300,300,10.0,720,1280,True,,train
d_360,data/raw/SUST Driver Drowsiness Dataset/drowsiness/d_360.mp4,.mp4,drowsy,directory:drowsiness,,No subject identifier or documented video-to-driver mapping in path or filename.,30.0,300,300,10.0,720,1280,True,,train
d_363,data/raw/SUST Driver Drowsiness Dataset/drowsiness/d_363.mp4,.mp4,drowsy,directory:drowsiness,,No subject identifier or documented video-to-driver mapping in path or filename.,30.0,300,300,10.0,720,1280,True,,train
d_364,data/raw/SUST Driver Drowsiness Dataset/drowsiness/d_364.mp4,.mp4,drowsy,directory:drowsiness,,No subject identifier or documented video-to-driver mapping in path or filename.,30.0,300,300,10.0,720,1280,True,,train
d_365,data/raw/SUST Driver Drowsiness Dataset/drowsiness/d_365.mp4,.mp4,drowsy,directory:drowsiness,,No subject identifier or documented video-to-driver mapping in path or filename.,30.0,300,300,10.0,720,1280,True,,train
d_367,data/raw/SUST Driver Drowsiness Dataset/drowsiness/d_367.mp4,.mp4,drowsy,directory:drowsiness,,No subject identifier or documented video-to-driver mapping in path or filename.,30.0,300,300,10.0,720,1280,True,,train
d_368,data/raw/SUST Driver Drowsiness Dataset/drowsiness/d_368.mp4,.mp4,drowsy,directory:drowsiness,,No subject identifier or documented video-to-driver mapping in path or filename.,30.0,300,300,10.0,720,1280,True,,train
d_369,data/raw/SUST Driver Drowsiness Dataset/drowsiness/d_369.mp4,.mp4,drowsy,directory:drowsiness,,No subject identifier or documented video-to-driver mapping in path or filename.,30.0,300,300,10.0,720,1280,True,,train
d_37,data/raw/SUST Driver Drowsiness Dataset/drowsiness/d_37.mp4,.mp4,drowsy,directory:drowsiness,,No subject identifier or documented video-to-driver mapping in path or filename.,30.0,300,300,10.0,720,1280,True,,train
d_373,data/raw/SUST Driver Drowsiness Dataset/drowsiness/d_373.mp4,.mp4,drowsy,directory:drowsiness,,No subject identifier or documented video-to-driver mapping in path or filename.,30.0,300,300,10.0,720,1280,True,,train
d_374,data/raw/SUST Driver Drowsiness Dataset/drowsiness/d_374.mp4,.mp4,drowsy,directory:drowsiness,,No subject identifier or documented video-to-driver mapping in path or filename.,30.0,300,300,10.0,720,1280,True,,train
d_376,data/raw/SUST Driver Drowsiness Dataset/drowsiness/d_376.mp4,.mp4,drowsy,directory:drowsiness,,No subject identifier or documented video-to-driver mapping in path or filename.,30.0,300,300,10.0,720,1280,True,,train
d_379,data/raw/SUST Driver Drowsiness Dataset/drowsiness/d_379.mp4,.mp4,drowsy,directory:drowsiness,,No subject identifier or documented video-to-driver mapping in path or filename.,30.0,300,300,10.0,720,1280,True,,train
d_381,data/raw/SUST Driver Drowsiness Dataset/drowsiness/d_381.mp4,.mp4,drowsy,directory:drowsiness,,No subject identifier or documented video-to-driver mapping in path or filename.,30.0,300,300,10.0,720,1280,True,,train
d_382,data/raw/SUST Driver Drowsiness Dataset/drowsiness/d_382.mp4,.mp4,drowsy,directory:drowsiness,,No subject identifier or documented video-to-driver mapping in path or filename.,30.0,300,300,10.0,720,1280,True,,train
d_383,data/raw/SUST Driver Drowsiness Dataset/drowsiness/d_383.mp4,.mp4,drowsy,directory:drowsiness,,No subject identifier or documented video-to-driver mapping in path or filename.,30.0,300,300,10.0,720,1280,True,,train
d_388,data/raw/SUST Driver Drowsiness Dataset/drowsiness/d_388.mp4,.mp4,drowsy,directory:drowsiness,,No subject identifier or documented video-to-driver mapping in path or filename.,30.0,300,300,10.0,720,1280,True,,train
d_389,data/raw/SUST Driver Drowsiness Dataset/drowsiness/d_389.mp4,.mp4,drowsy,directory:drowsiness,,No subject identifier or documented video-to-driver mapping in path or filename.,30.0,300,300,10.0,720,1280,True,,train
d_39,data/raw/SUST Driver Drowsiness Dataset/drowsiness/d_39.mp4,.mp4,drowsy,directory:drowsiness,,No subject identifier or documented video-to-driver mapping in path or filename.,30.0,300,300,10.0,720,1280,True,,train
d_390,data/raw/SUST Driver Drowsiness Dataset/drowsiness/d_390.mp4,.mp4,drowsy,directory:drowsiness,,No subject identifier or documented video-to-driver mapping in path or filename.,30.0,300,300,10.0,720,1280,True,,train
d_392,data/raw/SUST Driver Drowsiness Dataset/drowsiness/d_392.mp4,.mp4,drowsy,directory:drowsiness,,No subject identifier or documented video-to-driver mapping in path or filename.,30.0,300,300,10.0,720,1280,True,,train
d_394,data/raw/SUST Driver Drowsiness Dataset/drowsiness/d_394.mp4,.mp4,drowsy,directory:drowsiness,,No subject identifier or documented video-to-driver mapping in path or filename.,30.0,300,300,10.0,720,1280,True,,train
d_395,data/raw/SUST Driver Drowsiness Dataset/drowsiness/d_395.mp4,.mp4,drowsy,directory:drowsiness,,No subject identifier or documented video-to-driver mapping in path or filename.,30.0,300,300,10.0,720,1280,True,,train
d_397,data/raw/SUST Driver Drowsiness Dataset/drowsiness/d_397.mp4,.mp4,drowsy,directory:drowsiness,,No subject identifier or documented video-to-driver mapping in path or filename.,30.0,300,300,10.0,720,1280,True,,train
d_398,data/raw/SUST Driver Drowsiness Dataset/drowsiness/d_398.mp4,.mp4,drowsy,directory:drowsiness,,No subject identifier or documented video-to-driver mapping in path or filename.,30.0,300,300,10.0,720,1280,True,,train
d_399,data/raw/SUST Driver Drowsiness Dataset/drowsiness/d_399.mp4,.mp4,drowsy,directory:drowsiness,,No subject identifier or documented video-to-driver mapping in path or filename.,30.0,300,300,10.0,720,1280,True,,train
d_4,data/raw/SUST Driver Drowsiness Dataset/drowsiness/d_4.mp4,.mp4,drowsy,directory:drowsiness,,No subject identifier or documented video-to-driver mapping in path or filename.,30.0,300,300,10.0,720,1280,True,,train
d_400,data/raw/SUST Driver Drowsiness Dataset/drowsiness/d_400.mp4,.mp4,drowsy,directory:drowsiness,,No subject identifier or documented video-to-driver mapping in path or filename.,30.0,300,300,10.0,720,1280,True,,train
d_402,data/raw/SUST Driver Drowsiness Dataset/drowsiness/d_402.mp4,.mp4,drowsy,directory:drowsiness,,No subject identifier or documented video-to-driver mapping in path or filename.,30.0,300,300,10.0,720,1280,True,,train
d_403,data/raw/SUST Driver Drowsiness Dataset/drowsiness/d_403.mp4,.mp4,drowsy,directory:drowsiness,,No subject identifier or documented video-to-driver mapping in path or filename.,30.0,300,300,10.0,720,1280,True,,train
d_404,data/raw/SUST Driver Drowsiness Dataset/drowsiness/d_404.mp4,.mp4,drowsy,directory:drowsiness,,No subject identifier or documented video-to-driver mapping in path or filename.,30.0,300,300,10.0,720,1280,True,,train
d_405,data/raw/SUST Driver Drowsiness Dataset/drowsiness/d_405.mp4,.mp4,drowsy,directory:drowsiness,,No subject identifier or documented video-to-driver mapping in path or filename.,30.0,300,300,10.0,720,1280,True,,train
d_406,data/raw/SUST Driver Drowsiness Dataset/drowsiness/d_406.mp4,.mp4,drowsy,directory:drowsiness,,No subject identifier or documented video-to-driver mapping in path or filename.,30.0,300,300,10.0,720,1280,True,,train
d_407,data/raw/SUST Driver Drowsiness Dataset/drowsiness/d_407.mp4,.mp4,drowsy,directory:drowsiness,,No subject identifier or documented video-to-driver mapping in path or filename.,30.0,300,300,10.0,720,1280,True,,train
d_409,data/raw/SUST Driver Drowsiness Dataset/drowsiness/d_409.mp4,.mp4,drowsy,directory:drowsiness,,No subject identifier or documented video-to-driver mapping in path or filename.,30.0,300,300,10.0,720,1280,True,,train
d_41,data/raw/SUST Driver Drowsiness Dataset/drowsiness/d_41.mp4,.mp4,drowsy,directory:drowsiness,,No subject identifier or documented video-to-driver mapping in path or filename.,30.0,300,300,10.0,720,1280,True,,train
d_410,data/raw/SUST Driver Drowsiness Dataset/drowsiness/d_410.mp4,.mp4,drowsy,directory:drowsiness,,No subject identifier or documented video-to-driver mapping in path or filename.,30.0,300,300,10.0,720,1280,True,,train
d_412,data/raw/SUST Driver Drowsiness Dataset/drowsiness/d_412.mp4,.mp4,drowsy,directory:drowsiness,,No subject identifier or documented video-to-driver mapping in path or filename.,30.0,300,300,10.0,720,1280,True,,train
d_415,data/raw/SUST Driver Drowsiness Dataset/drowsiness/d_415.mp4,.mp4,drowsy,directory:drowsiness,,No subject identifier or documented video-to-driver mapping in path or filename.,30.0,300,300,10.0,720,1280,True,,train
d_416,data/raw/SUST Driver Drowsiness Dataset/drowsiness/d_416.mp4,.mp4,drowsy,directory:drowsiness,,No subject identifier or documented video-to-driver mapping in path or filename.,30.0,300,300,10.0,720,1280,True,,train
d_417,data/raw/SUST Driver Drowsiness Dataset/drowsiness/d_417.mp4,.mp4,drowsy,directory:drowsiness,,No subject identifier or documented video-to-driver mapping in path or filename.,30.0,300,300,10.0,720,1280,True,,train
d_418,data/raw/SUST Driver Drowsiness Dataset/drowsiness/d_418.mp4,.mp4,drowsy,directory:drowsiness,,No subject identifier or documented video-to-driver mapping in path or filename.,30.0,300,300,10.0,720,1280,True,,train
d_419,data/raw/SUST Driver Drowsiness Dataset/drowsiness/d_419.mp4,.mp4,drowsy,directory:drowsiness,,No subject identifier or documented video-to-driver mapping in path or filename.,30.0,300,300,10.0,720,1280,True,,train
d_420,data/raw/SUST Driver Drowsiness Dataset/drowsiness/d_420.mp4,.mp4,drowsy,directory:drowsiness,,No subject identifier or documented video-to-driver mapping in path or filename.,30.0,300,300,10.0,720,1280,True,,train
d_421,data/raw/SUST Driver Drowsiness Dataset/drowsiness/d_421.mp4,.mp4,drowsy,directory:drowsiness,,No subject identifier or documented video-to-driver mapping in path or filename.,30.0,300,300,10.0,720,1280,True,,train
d_422,data/raw/SUST Driver Drowsiness Dataset/drowsiness/d_422.mp4,.mp4,drowsy,directory:drowsiness,,No subject identifier or documented video-to-driver mapping in path or filename.,30.0,300,300,10.0,720,1280,True,,train
d_423,data/raw/SUST Driver Drowsiness Dataset/drowsiness/d_423.mp4,.mp4,drowsy,directory:drowsiness,,No subject identifier or documented video-to-driver mapping in path or filename.,30.0,300,300,10.0,720,1280,True,,train
d_424,data/raw/SUST Driver Drowsiness Dataset/drowsiness/d_424.mp4,.mp4,drowsy,directory:drowsiness,,No subject identifier or documented video-to-driver mapping in path or filename.,30.0,300,300,10.0,720,1280,True,,train
d_425,data/raw/SUST Driver Drowsiness Dataset/drowsiness/d_425.mp4,.mp4,drowsy,directory:drowsiness,,No subject identifier or documented video-to-driver mapping in path or filename.,30.0,300,300,10.0,720,1280,True,,train
d_426,data/raw/SUST Driver Drowsiness Dataset/drowsiness/d_426.mp4,.mp4,drowsy,directory:drowsiness,,No subject identifier or documented video-to-driver mapping in path or filename.,30.0,300,300,10.0,720,1280,True,,train
d_427,data/raw/SUST Driver Drowsiness Dataset/drowsiness/d_427.mp4,.mp4,drowsy,directory:drowsiness,,No subject identifier or documented video-to-driver mapping in path or filename.,30.0,300,300,10.0,720,1280,True,,train
d_428,data/raw/SUST Driver Drowsiness Dataset/drowsiness/d_428.mp4,.mp4,drowsy,directory:drowsiness,,No subject identifier or documented video-to-driver mapping in path or filename.,30.0,300,300,10.0,720,1280,True,,train
d_429,data/raw/SUST Driver Drowsiness Dataset/drowsiness/d_429.mp4,.mp4,drowsy,directory:drowsiness,,No subject identifier or documented video-to-driver mapping in path or filename.,30.0,300,300,10.0,720,1280,True,,train
d_43,data/raw/SUST Driver Drowsiness Dataset/drowsiness/d_43.mp4,.mp4,drowsy,directory:drowsiness,,No subject identifier or documented video-to-driver mapping in path or filename.,30.0,300,300,10.0,720,1280,True,,train
d_431,data/raw/SUST Driver Drowsiness Dataset/drowsiness/d_431.mp4,.mp4,drowsy,directory:drowsiness,,No subject identifier or documented video-to-driver mapping in path or filename.,30.0,300,300,10.0,720,1280,True,,train
d_432,data/raw/SUST Driver Drowsiness Dataset/drowsiness/d_432.mp4,.mp4,drowsy,directory:drowsiness,,No subject identifier or documented video-to-driver mapping in path or filename.,30.0,300,300,10.0,720,1280,True,,train
d_434,data/raw/SUST Driver Drowsiness Dataset/drowsiness/d_434.mp4,.mp4,drowsy,directory:drowsiness,,No subject identifier or documented video-to-driver mapping in path or filename.,30.0,300,300,10.0,720,1280,True,,train
d_436,data/raw/SUST Driver Drowsiness Dataset/drowsiness/d_436.mp4,.mp4,drowsy,directory:drowsiness,,No subject identifier or documented video-to-driver mapping in path or filename.,30.0,300,300,10.0,720,1280,True,,train
d_437,data/raw/SUST Driver Drowsiness Dataset/drowsiness/d_437.mp4,.mp4,drowsy,directory:drowsiness,,No subject identifier or documented video-to-driver mapping in path or filename.,30.0,300,300,10.0,720,1280,True,,train
d_438,data/raw/SUST Driver Drowsiness Dataset/drowsiness/d_438.mp4,.mp4,drowsy,directory:drowsiness,,No subject identifier or documented video-to-driver mapping in path or filename.,30.0,300,300,10.0,720,1280,True,,train
d_439,data/raw/SUST Driver Drowsiness Dataset/drowsiness/d_439.mp4,.mp4,drowsy,directory:drowsiness,,No subject identifier or documented video-to-driver mapping in path or filename.,30.0,300,300,10.0,720,1280,True,,train
d_440,data/raw/SUST Driver Drowsiness Dataset/drowsiness/d_440.mp4,.mp4,drowsy,directory:drowsiness,,No subject identifier or documented video-to-driver mapping in path or filename.,30.0,300,300,10.0,720,1280,True,,train
d_441,data/raw/SUST Driver Drowsiness Dataset/drowsiness/d_441.mp4,.mp4,drowsy,directory:drowsiness,,No subject identifier or documented video-to-driver mapping in path or filename.,30.0,300,300,10.0,720,1280,True,,train
d_442,data/raw/SUST Driver Drowsiness Dataset/drowsiness/d_442.mp4,.mp4,drowsy,directory:drowsiness,,No subject identifier or documented video-to-driver mapping in path or filename.,30.0,300,300,10.0,720,1280,True,,train
d_443,data/raw/SUST Driver Drowsiness Dataset/drowsiness/d_443.mp4,.mp4,drowsy,directory:drowsiness,,No subject identifier or documented video-to-driver mapping in path or filename.,30.0,300,300,10.0,720,1280,True,,train
d_445,data/raw/SUST Driver Drowsiness Dataset/drowsiness/d_445.mp4,.mp4,drowsy,directory:drowsiness,,No subject identifier or documented video-to-driver mapping in path or filename.,25.0,250,250,10.0,720,1280,True,,train
d_446,data/raw/SUST Driver Drowsiness Dataset/drowsiness/d_446.mp4,.mp4,drowsy,directory:drowsiness,,No subject identifier or documented video-to-driver mapping in path or filename.,25.0,250,250,10.0,720,1280,True,,train
d_447,data/raw/SUST Driver Drowsiness Dataset/drowsiness/d_447.mp4,.mp4,drowsy,directory:drowsiness,,No subject identifier or documented video-to-driver mapping in path or filename.,25.0,250,250,10.0,720,1280,True,,train
d_448,data/raw/SUST Driver Drowsiness Dataset/drowsiness/d_448.mp4,.mp4,drowsy,directory:drowsiness,,No subject identifier or documented video-to-driver mapping in path or filename.,25.0,250,250,10.0,720,1280,True,,train
d_449,data/raw/SUST Driver Drowsiness Dataset/drowsiness/d_449.mp4,.mp4,drowsy,directory:drowsiness,,No subject identifier or documented video-to-driver mapping in path or filename.,25.0,250,250,10.0,720,1280,True,,train
d_45,data/raw/SUST Driver Drowsiness Dataset/drowsiness/d_45.mp4,.mp4,drowsy,directory:drowsiness,,No subject identifier or documented video-to-driver mapping in path or filename.,30.0,300,300,10.0,720,1280,True,,train
d_451,data/raw/SUST Driver Drowsiness Dataset/drowsiness/d_451.mp4,.mp4,drowsy,directory:drowsiness,,No subject identifier or documented video-to-driver mapping in path or filename.,25.0,250,250,10.0,720,1280,True,,train
d_452,data/raw/SUST Driver Drowsiness Dataset/drowsiness/d_452.mp4,.mp4,drowsy,directory:drowsiness,,No subject identifier or documented video-to-driver mapping in path or filename.,25.0,250,250,10.0,720,1280,True,,train
d_456,data/raw/SUST Driver Drowsiness Dataset/drowsiness/d_456.mp4,.mp4,drowsy,directory:drowsiness,,No subject identifier or documented video-to-driver mapping in path or filename.,25.0,250,250,10.0,720,1280,True,,train
d_457,data/raw/SUST Driver Drowsiness Dataset/drowsiness/d_457.mp4,.mp4,drowsy,directory:drowsiness,,No subject identifier or documented video-to-driver mapping in path or filename.,25.0,250,250,10.0,720,1280,True,,train
d_458,data/raw/SUST Driver Drowsiness Dataset/drowsiness/d_458.mp4,.mp4,drowsy,directory:drowsiness,,No subject identifier or documented video-to-driver mapping in path or filename.,25.0,250,250,10.0,720,1280,True,,train
d_459,data/raw/SUST Driver Drowsiness Dataset/drowsiness/d_459.mp4,.mp4,drowsy,directory:drowsiness,,No subject identifier or documented video-to-driver mapping in path or filename.,25.0,250,250,10.0,720,1280,True,,train
d_46,data/raw/SUST Driver Drowsiness Dataset/drowsiness/d_46.mp4,.mp4,drowsy,directory:drowsiness,,No subject identifier or documented video-to-driver mapping in path or filename.,29.97,300,300,10.01001,720,1280,True,,train
d_460,data/raw/SUST Driver Drowsiness Dataset/drowsiness/d_460.mp4,.mp4,drowsy,directory:drowsiness,,No subject identifier or documented video-to-driver mapping in path or filename.,25.0,250,250,10.0,720,1280,True,,train
d_461,data/raw/SUST Driver Drowsiness Dataset/drowsiness/d_461.mp4,.mp4,drowsy,directory:drowsiness,,No subject identifier or documented video-to-driver mapping in path or filename.,25.0,250,250,10.0,720,1280,True,,train
d_463,data/raw/SUST Driver Drowsiness Dataset/drowsiness/d_463.mp4,.mp4,drowsy,directory:drowsiness,,No subject identifier or documented video-to-driver mapping in path or filename.,25.0,250,250,10.0,720,1280,True,,train
d_465,data/raw/SUST Driver Drowsiness Dataset/drowsiness/d_465.mp4,.mp4,drowsy,directory:drowsiness,,No subject identifier or documented video-to-driver mapping in path or filename.,25.0,250,250,10.0,720,1280,True,,train
d_466,data/raw/SUST Driver Drowsiness Dataset/drowsiness/d_466.mp4,.mp4,drowsy,directory:drowsiness,,No subject identifier or documented video-to-driver mapping in path or filename.,25.0,250,250,10.0,720,1280,True,,train
d_467,data/raw/SUST Driver Drowsiness Dataset/drowsiness/d_467.mp4,.mp4,drowsy,directory:drowsiness,,No subject identifier or documented video-to-driver mapping in path or filename.,25.0,250,250,10.0,720,1280,True,,train
d_468,data/raw/SUST Driver Drowsiness Dataset/drowsiness/d_468.mp4,.mp4,drowsy,directory:drowsiness,,No subject identifier or documented video-to-driver mapping in path or filename.,25.0,250,250,10.0,720,1280,True,,train
d_469,data/raw/SUST Driver Drowsiness Dataset/drowsiness/d_469.mp4,.mp4,drowsy,directory:drowsiness,,No subject identifier or documented video-to-driver mapping in path or filename.,25.0,250,250,10.0,720,1280,True,,train
d_470,data/raw/SUST Driver Drowsiness Dataset/drowsiness/d_470.mp4,.mp4,drowsy,directory:drowsiness,,No subject identifier or documented video-to-driver mapping in path or filename.,25.0,250,250,10.0,720,1280,True,,train
d_471,data/raw/SUST Driver Drowsiness Dataset/drowsiness/d_471.mp4,.mp4,drowsy,directory:drowsiness,,No subject identifier or documented video-to-driver mapping in path or filename.,25.0,250,250,10.0,720,1280,True,,train
d_472,data/raw/SUST Driver Drowsiness Dataset/drowsiness/d_472.mp4,.mp4,drowsy,directory:drowsiness,,No subject identifier or documented video-to-driver mapping in path or filename.,25.0,250,250,10.0,720,1280,True,,train
d_473,data/raw/SUST Driver Drowsiness Dataset/drowsiness/d_473.mp4,.mp4,drowsy,directory:drowsiness,,No subject identifier or documented video-to-driver mapping in path or filename.,25.0,250,250,10.0,720,1280,True,,train
d_474,data/raw/SUST Driver Drowsiness Dataset/drowsiness/d_474.mp4,.mp4,drowsy,directory:drowsiness,,No subject identifier or documented video-to-driver mapping in path or filename.,25.0,250,250,10.0,720,1280,True,,train
d_475,data/raw/SUST Driver Drowsiness Dataset/drowsiness/d_475.mp4,.mp4,drowsy,directory:drowsiness,,No subject identifier or documented video-to-driver mapping in path or filename.,25.0,250,250,10.0,720,1280,True,,train
d_477,data/raw/SUST Driver Drowsiness Dataset/drowsiness/d_477.mp4,.mp4,drowsy,directory:drowsiness,,No subject identifier or documented video-to-driver mapping in path or filename.,25.0,250,250,10.0,720,1280,True,,train
d_480,data/raw/SUST Driver Drowsiness Dataset/drowsiness/d_480.mp4,.mp4,drowsy,directory:drowsiness,,No subject identifier or documented video-to-driver mapping in path or filename.,25.0,250,250,10.0,720,1280,True,,train
d_481,data/raw/SUST Driver Drowsiness Dataset/drowsiness/d_481.mp4,.mp4,drowsy,directory:drowsiness,,No subject identifier or documented video-to-driver mapping in path or filename.,25.0,250,250,10.0,720,1280,True,,train
d_483,data/raw/SUST Driver Drowsiness Dataset/drowsiness/d_483.mp4,.mp4,drowsy,directory:drowsiness,,No subject identifier or documented video-to-driver mapping in path or filename.,25.0,250,250,10.0,720,1280,True,,train
d_484,data/raw/SUST Driver Drowsiness Dataset/drowsiness/d_484.mp4,.mp4,drowsy,directory:drowsiness,,No subject identifier or documented video-to-driver mapping in path or filename.,25.0,250,250,10.0,720,1280,True,,train
d_486,data/raw/SUST Driver Drowsiness Dataset/drowsiness/d_486.mp4,.mp4,drowsy,directory:drowsiness,,No subject identifier or documented video-to-driver mapping in path or filename.,25.0,250,250,10.0,720,1280,True,,train
d_488,data/raw/SUST Driver Drowsiness Dataset/drowsiness/d_488.mp4,.mp4,drowsy,directory:drowsiness,,No subject identifier or documented video-to-driver mapping in path or filename.,25.0,250,250,10.0,720,1280,True,,train
d_49,data/raw/SUST Driver Drowsiness Dataset/drowsiness/d_49.mp4,.mp4,drowsy,directory:drowsiness,,No subject identifier or documented video-to-driver mapping in path or filename.,29.97,300,300,10.01001,720,1280,True,,train
d_490,data/raw/SUST Driver Drowsiness Dataset/drowsiness/d_490.mp4,.mp4,drowsy,directory:drowsiness,,No subject identifier or documented video-to-driver mapping in path or filename.,25.0,250,250,10.0,720,1280,True,,train
d_492,data/raw/SUST Driver Drowsiness Dataset/drowsiness/d_492.mp4,.mp4,drowsy,directory:drowsiness,,No subject identifier or documented video-to-driver mapping in path or filename.,30.0,300,300,10.0,720,1280,True,,train
d_493,data/raw/SUST Driver Drowsiness Dataset/drowsiness/d_493.mp4,.mp4,drowsy,directory:drowsiness,,No subject identifier or documented video-to-driver mapping in path or filename.,30.0,300,300,10.0,720,1280,True,,train
d_495,data/raw/SUST Driver Drowsiness Dataset/drowsiness/d_495.mp4,.mp4,drowsy,directory:drowsiness,,No subject identifier or documented video-to-driver mapping in path or filename.,30.0,300,300,10.0,720,1280,True,,train
d_496,data/raw/SUST Driver Drowsiness Dataset/drowsiness/d_496.mp4,.mp4,drowsy,directory:drowsiness,,No subject identifier or documented video-to-driver mapping in path or filename.,30.0,300,300,10.0,720,1280,True,,train
d_499,data/raw/SUST Driver Drowsiness Dataset/drowsiness/d_499.mp4,.mp4,drowsy,directory:drowsiness,,No subject identifier or documented video-to-driver mapping in path or filename.,30.0,300,300,10.0,720,1280,True,,train
d_5,data/raw/SUST Driver Drowsiness Dataset/drowsiness/d_5.mp4,.mp4,drowsy,directory:drowsiness,,No subject identifier or documented video-to-driver mapping in path or filename.,30.0,300,300,10.0,720,1280,True,,train
d_50,data/raw/SUST Driver Drowsiness Dataset/drowsiness/d_50.mp4,.mp4,drowsy,directory:drowsiness,,No subject identifier or documented video-to-driver mapping in path or filename.,29.97,300,300,10.01001,720,1280,True,,train
d_500,data/raw/SUST Driver Drowsiness Dataset/drowsiness/d_500.mp4,.mp4,drowsy,directory:drowsiness,,No subject identifier or documented video-to-driver mapping in path or filename.,30.0,300,300,10.0,720,1280,True,,train
d_501,data/raw/SUST Driver Drowsiness Dataset/drowsiness/d_501.mp4,.mp4,drowsy,directory:drowsiness,,No subject identifier or documented video-to-driver mapping in path or filename.,30.0,300,300,10.0,720,1280,True,,train
d_502,data/raw/SUST Driver Drowsiness Dataset/drowsiness/d_502.mp4,.mp4,drowsy,directory:drowsiness,,No subject identifier or documented video-to-driver mapping in path or filename.,30.0,300,300,10.0,720,1280,True,,train
d_503,data/raw/SUST Driver Drowsiness Dataset/drowsiness/d_503.mp4,.mp4,drowsy,directory:drowsiness,,No subject identifier or documented video-to-driver mapping in path or filename.,30.0,300,300,10.0,720,1280,True,,train
d_505,data/raw/SUST Driver Drowsiness Dataset/drowsiness/d_505.mp4,.mp4,drowsy,directory:drowsiness,,No subject identifier or documented video-to-driver mapping in path or filename.,30.0,300,300,10.0,720,1280,True,,train
d_506,data/raw/SUST Driver Drowsiness Dataset/drowsiness/d_506.mp4,.mp4,drowsy,directory:drowsiness,,No subject identifier or documented video-to-driver mapping in path or filename.,30.0,300,300,10.0,720,1280,True,,train
d_508,data/raw/SUST Driver Drowsiness Dataset/drowsiness/d_508.mp4,.mp4,drowsy,directory:drowsiness,,No subject identifier or documented video-to-driver mapping in path or filename.,30.0,300,300,10.0,720,1280,True,,train
d_509,data/raw/SUST Driver Drowsiness Dataset/drowsiness/d_509.mp4,.mp4,drowsy,directory:drowsiness,,No subject identifier or documented video-to-driver mapping in path or filename.,30.0,300,300,10.0,720,1280,True,,train
d_510,data/raw/SUST Driver Drowsiness Dataset/drowsiness/d_510.mp4,.mp4,drowsy,directory:drowsiness,,No subject identifier or documented video-to-driver mapping in path or filename.,30.0,300,300,10.0,720,1280,True,,train
d_513,data/raw/SUST Driver Drowsiness Dataset/drowsiness/d_513.mp4,.mp4,drowsy,directory:drowsiness,,No subject identifier or documented video-to-driver mapping in path or filename.,30.0,300,300,10.0,720,1280,True,,train
d_516,data/raw/SUST Driver Drowsiness Dataset/drowsiness/d_516.mp4,.mp4,drowsy,directory:drowsiness,,No subject identifier or documented video-to-driver mapping in path or filename.,30.0,300,300,10.0,720,1280,True,,train
d_518,data/raw/SUST Driver Drowsiness Dataset/drowsiness/d_518.mp4,.mp4,drowsy,directory:drowsiness,,No subject identifier or documented video-to-driver mapping in path or filename.,30.0,300,300,10.0,720,1280,True,,train
d_52,data/raw/SUST Driver Drowsiness Dataset/drowsiness/d_52.mp4,.mp4,drowsy,directory:drowsiness,,No subject identifier or documented video-to-driver mapping in path or filename.,29.97,300,300,10.01001,720,1280,True,,train
d_520,data/raw/SUST Driver Drowsiness Dataset/drowsiness/d_520.mp4,.mp4,drowsy,directory:drowsiness,,No subject identifier or documented video-to-driver mapping in path or filename.,30.0,300,300,10.0,720,1280,True,,train
d_521,data/raw/SUST Driver Drowsiness Dataset/drowsiness/d_521.mp4,.mp4,drowsy,directory:drowsiness,,No subject identifier or documented video-to-driver mapping in path or filename.,30.0,300,300,10.0,720,1280,True,,train
d_523,data/raw/SUST Driver Drowsiness Dataset/drowsiness/d_523.mp4,.mp4,drowsy,directory:drowsiness,,No subject identifier or documented video-to-driver mapping in path or filename.,30.0,300,300,10.0,720,1280,True,,train
d_524,data/raw/SUST Driver Drowsiness Dataset/drowsiness/d_524.mp4,.mp4,drowsy,directory:drowsiness,,No subject identifier or documented video-to-driver mapping in path or filename.,30.0,300,300,10.0,720,1280,True,,train
d_526,data/raw/SUST Driver Drowsiness Dataset/drowsiness/d_526.mp4,.mp4,drowsy,directory:drowsiness,,No subject identifier or documented video-to-driver mapping in path or filename.,30.0,300,300,10.0,720,1280,True,,train
d_527,data/raw/SUST Driver Drowsiness Dataset/drowsiness/d_527.mp4,.mp4,drowsy,directory:drowsiness,,No subject identifier or documented video-to-driver mapping in path or filename.,30.0,300,300,10.0,720,1280,True,,train
d_53,data/raw/SUST Driver Drowsiness Dataset/drowsiness/d_53.mp4,.mp4,drowsy,directory:drowsiness,,No subject identifier or documented video-to-driver mapping in path or filename.,29.97,300,300,10.01001,720,1280,True,,train
d_530,data/raw/SUST Driver Drowsiness Dataset/drowsiness/d_530.mp4,.mp4,drowsy,directory:drowsiness,,No subject identifier or documented video-to-driver mapping in path or filename.,30.0,300,300,10.0,720,1280,True,,train
d_531,data/raw/SUST Driver Drowsiness Dataset/drowsiness/d_531.mp4,.mp4,drowsy,directory:drowsiness,,No subject identifier or documented video-to-driver mapping in path or filename.,30.0,300,300,10.0,720,1280,True,,train
d_532,data/raw/SUST Driver Drowsiness Dataset/drowsiness/d_532.mp4,.mp4,drowsy,directory:drowsiness,,No subject identifier or documented video-to-driver mapping in path or filename.,30.0,300,300,10.0,720,1280,True,,train
d_534,data/raw/SUST Driver Drowsiness Dataset/drowsiness/d_534.mp4,.mp4,drowsy,directory:drowsiness,,No subject identifier or documented video-to-driver mapping in path or filename.,30.0,300,300,10.0,720,1280,True,,train
d_535,data/raw/SUST Driver Drowsiness Dataset/drowsiness/d_535.mp4,.mp4,drowsy,directory:drowsiness,,No subject identifier or documented video-to-driver mapping in path or filename.,30.0,300,300,10.0,720,1280,True,,train
d_536,data/raw/SUST Driver Drowsiness Dataset/drowsiness/d_536.mp4,.mp4,drowsy,directory:drowsiness,,No subject identifier or documented video-to-driver mapping in path or filename.,30.0,300,300,10.0,720,1280,True,,train
d_538,data/raw/SUST Driver Drowsiness Dataset/drowsiness/d_538.mp4,.mp4,drowsy,directory:drowsiness,,No subject identifier or documented video-to-driver mapping in path or filename.,30.0,300,300,10.0,720,1280,True,,train
d_54,data/raw/SUST Driver Drowsiness Dataset/drowsiness/d_54.mp4,.mp4,drowsy,directory:drowsiness,,No subject identifier or documented video-to-driver mapping in path or filename.,29.97,300,300,10.01001,720,1280,True,,train
d_541,data/raw/SUST Driver Drowsiness Dataset/drowsiness/d_541.mp4,.mp4,drowsy,directory:drowsiness,,No subject identifier or documented video-to-driver mapping in path or filename.,30.0,300,300,10.0,720,1280,True,,train
d_542,data/raw/SUST Driver Drowsiness Dataset/drowsiness/d_542.mp4,.mp4,drowsy,directory:drowsiness,,No subject identifier or documented video-to-driver mapping in path or filename.,30.0,300,300,10.0,720,1280,True,,train
d_543,data/raw/SUST Driver Drowsiness Dataset/drowsiness/d_543.mp4,.mp4,drowsy,directory:drowsiness,,No subject identifier or documented video-to-driver mapping in path or filename.,30.0,300,300,10.0,720,1280,True,,train
d_545,data/raw/SUST Driver Drowsiness Dataset/drowsiness/d_545.mp4,.mp4,drowsy,directory:drowsiness,,No subject identifier or documented video-to-driver mapping in path or filename.,30.0,300,300,10.0,720,1280,True,,train
d_547,data/raw/SUST Driver Drowsiness Dataset/drowsiness/d_547.mp4,.mp4,drowsy,directory:drowsiness,,No subject identifier or documented video-to-driver mapping in path or filename.,30.0,300,300,10.0,720,1280,True,,train
d_549,data/raw/SUST Driver Drowsiness Dataset/drowsiness/d_549.mp4,.mp4,drowsy,directory:drowsiness,,No subject identifier or documented video-to-driver mapping in path or filename.,30.0,300,300,10.0,720,1280,True,,train
d_553,data/raw/SUST Driver Drowsiness Dataset/drowsiness/d_553.mp4,.mp4,drowsy,directory:drowsiness,,No subject identifier or documented video-to-driver mapping in path or filename.,30.0,300,300,10.0,720,1280,True,,train
d_554,data/raw/SUST Driver Drowsiness Dataset/drowsiness/d_554.mp4,.mp4,drowsy,directory:drowsiness,,No subject identifier or documented video-to-driver mapping in path or filename.,30.0,300,300,10.0,720,1280,True,,train
d_555,data/raw/SUST Driver Drowsiness Dataset/drowsiness/d_555.mp4,.mp4,drowsy,directory:drowsiness,,No subject identifier or documented video-to-driver mapping in path or filename.,30.0,300,300,10.0,720,1280,True,,train
d_556,data/raw/SUST Driver Drowsiness Dataset/drowsiness/d_556.mp4,.mp4,drowsy,directory:drowsiness,,No subject identifier or documented video-to-driver mapping in path or filename.,30.0,300,300,10.0,720,1280,True,,train
d_557,data/raw/SUST Driver Drowsiness Dataset/drowsiness/d_557.mp4,.mp4,drowsy,directory:drowsiness,,No subject identifier or documented video-to-driver mapping in path or filename.,30.0,300,300,10.0,720,1280,True,,train
d_559,data/raw/SUST Driver Drowsiness Dataset/drowsiness/d_559.mp4,.mp4,drowsy,directory:drowsiness,,No subject identifier or documented video-to-driver mapping in path or filename.,30.0,300,300,10.0,720,1280,True,,train
d_56,data/raw/SUST Driver Drowsiness Dataset/drowsiness/d_56.mp4,.mp4,drowsy,directory:drowsiness,,No subject identifier or documented video-to-driver mapping in path or filename.,29.97,300,300,10.01001,720,1280,True,,train
d_560,data/raw/SUST Driver Drowsiness Dataset/drowsiness/d_560.mp4,.mp4,drowsy,directory:drowsiness,,No subject identifier or documented video-to-driver mapping in path or filename.,30.0,300,300,10.0,720,1280,True,,train
d_561,data/raw/SUST Driver Drowsiness Dataset/drowsiness/d_561.mp4,.mp4,drowsy,directory:drowsiness,,No subject identifier or documented video-to-driver mapping in path or filename.,30.0,300,300,10.0,720,1280,True,,train
d_563,data/raw/SUST Driver Drowsiness Dataset/drowsiness/d_563.mp4,.mp4,drowsy,directory:drowsiness,,No subject identifier or documented video-to-driver mapping in path or filename.,30.0,300,300,10.0,720,1280,True,,train
d_564,data/raw/SUST Driver Drowsiness Dataset/drowsiness/d_564.mp4,.mp4,drowsy,directory:drowsiness,,No subject identifier or documented video-to-driver mapping in path or filename.,30.0,300,300,10.0,720,1280,True,,train
d_565,data/raw/SUST Driver Drowsiness Dataset/drowsiness/d_565.mp4,.mp4,drowsy,directory:drowsiness,,No subject identifier or documented video-to-driver mapping in path or filename.,30.0,300,300,10.0,720,1280,True,,train
d_566,data/raw/SUST Driver Drowsiness Dataset/drowsiness/d_566.mp4,.mp4,drowsy,directory:drowsiness,,No subject identifier or documented video-to-driver mapping in path or filename.,30.0,300,300,10.0,720,1280,True,,train
d_567,data/raw/SUST Driver Drowsiness Dataset/drowsiness/d_567.mp4,.mp4,drowsy,directory:drowsiness,,No subject identifier or documented video-to-driver mapping in path or filename.,30.0,300,300,10.0,720,1280,True,,train
d_568,data/raw/SUST Driver Drowsiness Dataset/drowsiness/d_568.mp4,.mp4,drowsy,directory:drowsiness,,No subject identifier or documented video-to-driver mapping in path or filename.,30.0,300,300,10.0,720,1280,True,,train
d_569,data/raw/SUST Driver Drowsiness Dataset/drowsiness/d_569.mp4,.mp4,drowsy,directory:drowsiness,,No subject identifier or documented video-to-driver mapping in path or filename.,30.0,300,300,10.0,720,1280,True,,train
d_57,data/raw/SUST Driver Drowsiness Dataset/drowsiness/d_57.mp4,.mp4,drowsy,directory:drowsiness,,No subject identifier or documented video-to-driver mapping in path or filename.,29.97,300,300,10.01001,720,1280,True,,train
d_570,data/raw/SUST Driver Drowsiness Dataset/drowsiness/d_570.mp4,.mp4,drowsy,directory:drowsiness,,No subject identifier or documented video-to-driver mapping in path or filename.,25.0,250,250,10.0,720,1280,True,,train
d_571,data/raw/SUST Driver Drowsiness Dataset/drowsiness/d_571.mp4,.mp4,drowsy,directory:drowsiness,,No subject identifier or documented video-to-driver mapping in path or filename.,25.0,250,250,10.0,720,1280,True,,train
d_572,data/raw/SUST Driver Drowsiness Dataset/drowsiness/d_572.mp4,.mp4,drowsy,directory:drowsiness,,No subject identifier or documented video-to-driver mapping in path or filename.,25.0,250,250,10.0,720,1280,True,,train
d_578,data/raw/SUST Driver Drowsiness Dataset/drowsiness/d_578.mp4,.mp4,drowsy,directory:drowsiness,,No subject identifier or documented video-to-driver mapping in path or filename.,25.0,250,250,10.0,720,1280,True,,train
d_58,data/raw/SUST Driver Drowsiness Dataset/drowsiness/d_58.mp4,.mp4,drowsy,directory:drowsiness,,No subject identifier or documented video-to-driver mapping in path or filename.,29.97,300,300,10.01001,720,1280,True,,train
d_580,data/raw/SUST Driver Drowsiness Dataset/drowsiness/d_580.mp4,.mp4,drowsy,directory:drowsiness,,No subject identifier or documented video-to-driver mapping in path or filename.,25.0,250,250,10.0,720,1280,True,,train
d_581,data/raw/SUST Driver Drowsiness Dataset/drowsiness/d_581.mp4,.mp4,drowsy,directory:drowsiness,,No subject identifier or documented video-to-driver mapping in path or filename.,25.0,250,250,10.0,720,1280,True,,train
d_583,data/raw/SUST Driver Drowsiness Dataset/drowsiness/d_583.mp4,.mp4,drowsy,directory:drowsiness,,No subject identifier or documented video-to-driver mapping in path or filename.,25.0,250,250,10.0,720,1280,True,,train
d_584,data/raw/SUST Driver Drowsiness Dataset/drowsiness/d_584.mp4,.mp4,drowsy,directory:drowsiness,,No subject identifier or documented video-to-driver mapping in path or filename.,25.0,250,250,10.0,720,1280,True,,train
d_586,data/raw/SUST Driver Drowsiness Dataset/drowsiness/d_586.mp4,.mp4,drowsy,directory:drowsiness,,No subject identifier or documented video-to-driver mapping in path or filename.,25.0,250,250,10.0,720,1280,True,,train
d_587,data/raw/SUST Driver Drowsiness Dataset/drowsiness/d_587.mp4,.mp4,drowsy,directory:drowsiness,,No subject identifier or documented video-to-driver mapping in path or filename.,25.0,250,250,10.0,720,1280,True,,train
d_588,data/raw/SUST Driver Drowsiness Dataset/drowsiness/d_588.mp4,.mp4,drowsy,directory:drowsiness,,No subject identifier or documented video-to-driver mapping in path or filename.,25.0,250,250,10.0,720,1280,True,,train
d_589,data/raw/SUST Driver Drowsiness Dataset/drowsiness/d_589.mp4,.mp4,drowsy,directory:drowsiness,,No subject identifier or documented video-to-driver mapping in path or filename.,25.0,250,250,10.0,720,1280,True,,train
d_59,data/raw/SUST Driver Drowsiness Dataset/drowsiness/d_59.mp4,.mp4,drowsy,directory:drowsiness,,No subject identifier or documented video-to-driver mapping in path or filename.,29.97,300,300,10.01001,720,1280,True,,train
d_590,data/raw/SUST Driver Drowsiness Dataset/drowsiness/d_590.mp4,.mp4,drowsy,directory:drowsiness,,No subject identifier or documented video-to-driver mapping in path or filename.,25.0,250,250,10.0,720,1280,True,,train
d_591,data/raw/SUST Driver Drowsiness Dataset/drowsiness/d_591.mp4,.mp4,drowsy,directory:drowsiness,,No subject identifier or documented video-to-driver mapping in path or filename.,25.0,250,250,10.0,720,1280,True,,train
d_598,data/raw/SUST Driver Drowsiness Dataset/drowsiness/d_598.mp4,.mp4,drowsy,directory:drowsiness,,No subject identifier or documented video-to-driver mapping in path or filename.,25.0,250,250,10.0,720,1280,True,,train
d_599,data/raw/SUST Driver Drowsiness Dataset/drowsiness/d_599.mp4,.mp4,drowsy,directory:drowsiness,,No subject identifier or documented video-to-driver mapping in path or filename.,25.0,250,250,10.0,720,1280,True,,train
d_6,data/raw/SUST Driver Drowsiness Dataset/drowsiness/d_6.mp4,.mp4,drowsy,directory:drowsiness,,No subject identifier or documented video-to-driver mapping in path or filename.,30.0,300,300,10.0,720,1280,True,,train
d_601,data/raw/SUST Driver Drowsiness Dataset/drowsiness/d_601.mp4,.mp4,drowsy,directory:drowsiness,,No subject identifier or documented video-to-driver mapping in path or filename.,25.0,250,250,10.0,720,1280,True,,train
d_602,data/raw/SUST Driver Drowsiness Dataset/drowsiness/d_602.mp4,.mp4,drowsy,directory:drowsiness,,No subject identifier or documented video-to-driver mapping in path or filename.,25.0,250,250,10.0,720,1280,True,,train
d_604,data/raw/SUST Driver Drowsiness Dataset/drowsiness/d_604.mp4,.mp4,drowsy,directory:drowsiness,,No subject identifier or documented video-to-driver mapping in path or filename.,29.97,300,300,10.01001,720,1280,True,,train
d_605,data/raw/SUST Driver Drowsiness Dataset/drowsiness/d_605.mp4,.mp4,drowsy,directory:drowsiness,,No subject identifier or documented video-to-driver mapping in path or filename.,29.97,300,300,10.01001,720,1280,True,,train
d_607,data/raw/SUST Driver Drowsiness Dataset/drowsiness/d_607.mp4,.mp4,drowsy,directory:drowsiness,,No subject identifier or documented video-to-driver mapping in path or filename.,29.97,300,300,10.01001,720,1280,True,,train
d_608,data/raw/SUST Driver Drowsiness Dataset/drowsiness/d_608.mp4,.mp4,drowsy,directory:drowsiness,,No subject identifier or documented video-to-driver mapping in path or filename.,29.97,300,300,10.01001,720,1280,True,,train
d_61,data/raw/SUST Driver Drowsiness Dataset/drowsiness/d_61.mp4,.mp4,drowsy,directory:drowsiness,,No subject identifier or documented video-to-driver mapping in path or filename.,29.97,300,300,10.01001,720,1280,True,,train
d_611,data/raw/SUST Driver Drowsiness Dataset/drowsiness/d_611.mp4,.mp4,drowsy,directory:drowsiness,,No subject identifier or documented video-to-driver mapping in path or filename.,29.97,300,300,10.01001,720,1280,True,,train
d_612,data/raw/SUST Driver Drowsiness Dataset/drowsiness/d_612.mp4,.mp4,drowsy,directory:drowsiness,,No subject identifier or documented video-to-driver mapping in path or filename.,29.97,300,300,10.01001,720,1280,True,,train
d_614,data/raw/SUST Driver Drowsiness Dataset/drowsiness/d_614.mp4,.mp4,drowsy,directory:drowsiness,,No subject identifier or documented video-to-driver mapping in path or filename.,29.97,300,300,10.01001,720,1280,True,,train
d_615,data/raw/SUST Driver Drowsiness Dataset/drowsiness/d_615.mp4,.mp4,drowsy,directory:drowsiness,,No subject identifier or documented video-to-driver mapping in path or filename.,29.97,300,300,10.01001,720,1280,True,,train
d_616,data/raw/SUST Driver Drowsiness Dataset/drowsiness/d_616.mp4,.mp4,drowsy,directory:drowsiness,,No subject identifier or documented video-to-driver mapping in path or filename.,29.97,300,300,10.01001,720,1280,True,,train
d_617,data/raw/SUST Driver Drowsiness Dataset/drowsiness/d_617.mp4,.mp4,drowsy,directory:drowsiness,,No subject identifier or documented video-to-driver mapping in path or filename.,29.97,300,300,10.01001,720,1280,True,,train
d_62,data/raw/SUST Driver Drowsiness Dataset/drowsiness/d_62.mp4,.mp4,drowsy,directory:drowsiness,,No subject identifier or documented video-to-driver mapping in path or filename.,29.97,300,300,10.01001,720,1280,True,,train
d_620,data/raw/SUST Driver Drowsiness Dataset/drowsiness/d_620.mp4,.mp4,drowsy,directory:drowsiness,,No subject identifier or documented video-to-driver mapping in path or filename.,29.97,300,300,10.01001,720,1280,True,,train
d_621,data/raw/SUST Driver Drowsiness Dataset/drowsiness/d_621.mp4,.mp4,drowsy,directory:drowsiness,,No subject identifier or documented video-to-driver mapping in path or filename.,30.0,300,300,10.0,720,1280,True,,train
d_622,data/raw/SUST Driver Drowsiness Dataset/drowsiness/d_622.mp4,.mp4,drowsy,directory:drowsiness,,No subject identifier or documented video-to-driver mapping in path or filename.,29.97,300,300,10.01001,720,1280,True,,train
d_623,data/raw/SUST Driver Drowsiness Dataset/drowsiness/d_623.mp4,.mp4,drowsy,directory:drowsiness,,No subject identifier or documented video-to-driver mapping in path or filename.,29.97,300,300,10.01001,720,1280,True,,train
d_625,data/raw/SUST Driver Drowsiness Dataset/drowsiness/d_625.mp4,.mp4,drowsy,directory:drowsiness,,No subject identifier or documented video-to-driver mapping in path or filename.,29.97,300,300,10.01001,720,1280,True,,train
d_626,data/raw/SUST Driver Drowsiness Dataset/drowsiness/d_626.mp4,.mp4,drowsy,directory:drowsiness,,No subject identifier or documented video-to-driver mapping in path or filename.,30.0,300,300,10.0,720,1280,True,,train
d_628,data/raw/SUST Driver Drowsiness Dataset/drowsiness/d_628.mp4,.mp4,drowsy,directory:drowsiness,,No subject identifier or documented video-to-driver mapping in path or filename.,29.97,300,300,10.01001,720,1280,True,,train
d_629,data/raw/SUST Driver Drowsiness Dataset/drowsiness/d_629.mp4,.mp4,drowsy,directory:drowsiness,,No subject identifier or documented video-to-driver mapping in path or filename.,29.97,300,300,10.01001,720,1280,True,,train
d_63,data/raw/SUST Driver Drowsiness Dataset/drowsiness/d_63.mp4,.mp4,drowsy,directory:drowsiness,,No subject identifier or documented video-to-driver mapping in path or filename.,29.97,300,300,10.01001,720,1280,True,,train
d_632,data/raw/SUST Driver Drowsiness Dataset/drowsiness/d_632.mp4,.mp4,drowsy,directory:drowsiness,,No subject identifier or documented video-to-driver mapping in path or filename.,29.97,300,300,10.01001,720,1280,True,,train
d_633,data/raw/SUST Driver Drowsiness Dataset/drowsiness/d_633.mp4,.mp4,drowsy,directory:drowsiness,,No subject identifier or documented video-to-driver mapping in path or filename.,29.97,300,300,10.01001,720,1280,True,,train
d_635,data/raw/SUST Driver Drowsiness Dataset/drowsiness/d_635.mp4,.mp4,drowsy,directory:drowsiness,,No subject identifier or documented video-to-driver mapping in path or filename.,29.97,300,300,10.01001,720,1280,True,,train
d_637,data/raw/SUST Driver Drowsiness Dataset/drowsiness/d_637.mp4,.mp4,drowsy,directory:drowsiness,,No subject identifier or documented video-to-driver mapping in path or filename.,29.97,300,300,10.01001,720,1280,True,,train
d_638,data/raw/SUST Driver Drowsiness Dataset/drowsiness/d_638.mp4,.mp4,drowsy,directory:drowsiness,,No subject identifier or documented video-to-driver mapping in path or filename.,29.97,300,300,10.01001,720,1280,True,,train
d_639,data/raw/SUST Driver Drowsiness Dataset/drowsiness/d_639.mp4,.mp4,drowsy,directory:drowsiness,,No subject identifier or documented video-to-driver mapping in path or filename.,29.97,300,300,10.01001,720,1280,True,,train
d_64,data/raw/SUST Driver Drowsiness Dataset/drowsiness/d_64.mp4,.mp4,drowsy,directory:drowsiness,,No subject identifier or documented video-to-driver mapping in path or filename.,29.97,300,300,10.01001,720,1280,True,,train
d_640,data/raw/SUST Driver Drowsiness Dataset/drowsiness/d_640.mp4,.mp4,drowsy,directory:drowsiness,,No subject identifier or documented video-to-driver mapping in path or filename.,29.97,300,300,10.01001,720,1280,True,,train
d_643,data/raw/SUST Driver Drowsiness Dataset/drowsiness/d_643.mp4,.mp4,drowsy,directory:drowsiness,,No subject identifier or documented video-to-driver mapping in path or filename.,29.97,300,300,10.01001,720,1280,True,,train
d_644,data/raw/SUST Driver Drowsiness Dataset/drowsiness/d_644.mp4,.mp4,drowsy,directory:drowsiness,,No subject identifier or documented video-to-driver mapping in path or filename.,29.97,300,300,10.01001,720,1280,True,,train
d_645,data/raw/SUST Driver Drowsiness Dataset/drowsiness/d_645.mp4,.mp4,drowsy,directory:drowsiness,,No subject identifier or documented video-to-driver mapping in path or filename.,29.97,300,300,10.01001,720,1280,True,,train
d_646,data/raw/SUST Driver Drowsiness Dataset/drowsiness/d_646.mp4,.mp4,drowsy,directory:drowsiness,,No subject identifier or documented video-to-driver mapping in path or filename.,29.97,300,300,10.01001,720,1280,True,,train
d_647,data/raw/SUST Driver Drowsiness Dataset/drowsiness/d_647.mp4,.mp4,drowsy,directory:drowsiness,,No subject identifier or documented video-to-driver mapping in path or filename.,29.97,300,300,10.01001,720,1280,True,,train
d_648,data/raw/SUST Driver Drowsiness Dataset/drowsiness/d_648.mp4,.mp4,drowsy,directory:drowsiness,,No subject identifier or documented video-to-driver mapping in path or filename.,29.97,300,300,10.01001,720,1280,True,,train
d_649,data/raw/SUST Driver Drowsiness Dataset/drowsiness/d_649.mp4,.mp4,drowsy,directory:drowsiness,,No subject identifier or documented video-to-driver mapping in path or filename.,29.97,300,300,10.01001,720,1280,True,,train
d_65,data/raw/SUST Driver Drowsiness Dataset/drowsiness/d_65.mp4,.mp4,drowsy,directory:drowsiness,,No subject identifier or documented video-to-driver mapping in path or filename.,29.97,300,300,10.01001,720,1280,True,,train
d_651,data/raw/SUST Driver Drowsiness Dataset/drowsiness/d_651.mp4,.mp4,drowsy,directory:drowsiness,,No subject identifier or documented video-to-driver mapping in path or filename.,29.97,300,300,10.01001,720,1280,True,,train
d_652,data/raw/SUST Driver Drowsiness Dataset/drowsiness/d_652.mp4,.mp4,drowsy,directory:drowsiness,,No subject identifier or documented video-to-driver mapping in path or filename.,29.97,300,300,10.01001,720,1280,True,,train
d_654,data/raw/SUST Driver Drowsiness Dataset/drowsiness/d_654.mp4,.mp4,drowsy,directory:drowsiness,,No subject identifier or documented video-to-driver mapping in path or filename.,29.97,300,300,10.01001,720,1280,True,,train
d_655,data/raw/SUST Driver Drowsiness Dataset/drowsiness/d_655.mp4,.mp4,drowsy,directory:drowsiness,,No subject identifier or documented video-to-driver mapping in path or filename.,29.97,300,300,10.01001,720,1280,True,,train
d_659,data/raw/SUST Driver Drowsiness Dataset/drowsiness/d_659.mp4,.mp4,drowsy,directory:drowsiness,,No subject identifier or documented video-to-driver mapping in path or filename.,29.97,300,300,10.01001,720,1280,True,,train
d_66,data/raw/SUST Driver Drowsiness Dataset/drowsiness/d_66.mp4,.mp4,drowsy,directory:drowsiness,,No subject identifier or documented video-to-driver mapping in path or filename.,29.97,300,300,10.01001,720,1280,True,,train
d_660,data/raw/SUST Driver Drowsiness Dataset/drowsiness/d_660.mp4,.mp4,drowsy,directory:drowsiness,,No subject identifier or documented video-to-driver mapping in path or filename.,29.97,300,300,10.01001,720,1280,True,,train
d_661,data/raw/SUST Driver Drowsiness Dataset/drowsiness/d_661.mp4,.mp4,drowsy,directory:drowsiness,,No subject identifier or documented video-to-driver mapping in path or filename.,29.97,300,300,10.01001,720,1280,True,,train
d_662,data/raw/SUST Driver Drowsiness Dataset/drowsiness/d_662.mp4,.mp4,drowsy,directory:drowsiness,,No subject identifier or documented video-to-driver mapping in path or filename.,29.97,300,300,10.01001,720,1280,True,,train
d_663,data/raw/SUST Driver Drowsiness Dataset/drowsiness/d_663.mp4,.mp4,drowsy,directory:drowsiness,,No subject identifier or documented video-to-driver mapping in path or filename.,29.97,300,300,10.01001,720,1280,True,,train
d_669,data/raw/SUST Driver Drowsiness Dataset/drowsiness/d_669.mp4,.mp4,drowsy,directory:drowsiness,,No subject identifier or documented video-to-driver mapping in path or filename.,29.97,300,300,10.01001,720,1280,True,,train
d_67,data/raw/SUST Driver Drowsiness Dataset/drowsiness/d_67.mp4,.mp4,drowsy,directory:drowsiness,,No subject identifier or documented video-to-driver mapping in path or filename.,29.97,300,300,10.01001,720,1280,True,,train
d_670,data/raw/SUST Driver Drowsiness Dataset/drowsiness/d_670.mp4,.mp4,drowsy,directory:drowsiness,,No subject identifier or documented video-to-driver mapping in path or filename.,29.97,300,300,10.01001,720,1280,True,,train
d_671,data/raw/SUST Driver Drowsiness Dataset/drowsiness/d_671.mp4,.mp4,drowsy,directory:drowsiness,,No subject identifier or documented video-to-driver mapping in path or filename.,29.97,300,300,10.01001,720,1280,True,,train
d_672,data/raw/SUST Driver Drowsiness Dataset/drowsiness/d_672.mp4,.mp4,drowsy,directory:drowsiness,,No subject identifier or documented video-to-driver mapping in path or filename.,29.97,300,300,10.01001,720,1280,True,,train
d_673,data/raw/SUST Driver Drowsiness Dataset/drowsiness/d_673.mp4,.mp4,drowsy,directory:drowsiness,,No subject identifier or documented video-to-driver mapping in path or filename.,29.97,300,300,10.01001,720,1280,True,,train
d_674,data/raw/SUST Driver Drowsiness Dataset/drowsiness/d_674.mp4,.mp4,drowsy,directory:drowsiness,,No subject identifier or documented video-to-driver mapping in path or filename.,29.97,300,300,10.01001,720,1280,True,,train
d_675,data/raw/SUST Driver Drowsiness Dataset/drowsiness/d_675.mp4,.mp4,drowsy,directory:drowsiness,,No subject identifier or documented video-to-driver mapping in path or filename.,29.97,300,300,10.01001,720,1280,True,,train
d_676,data/raw/SUST Driver Drowsiness Dataset/drowsiness/d_676.mp4,.mp4,drowsy,directory:drowsiness,,No subject identifier or documented video-to-driver mapping in path or filename.,29.97,300,300,10.01001,720,1280,True,,train
d_677,data/raw/SUST Driver Drowsiness Dataset/drowsiness/d_677.mp4,.mp4,drowsy,directory:drowsiness,,No subject identifier or documented video-to-driver mapping in path or filename.,29.97,300,300,10.01001,720,1280,True,,train
d_678,data/raw/SUST Driver Drowsiness Dataset/drowsiness/d_678.mp4,.mp4,drowsy,directory:drowsiness,,No subject identifier or documented video-to-driver mapping in path or filename.,29.97,300,300,10.01001,720,1280,True,,train
d_679,data/raw/SUST Driver Drowsiness Dataset/drowsiness/d_679.mp4,.mp4,drowsy,directory:drowsiness,,No subject identifier or documented video-to-driver mapping in path or filename.,29.97,300,300,10.01001,720,1280,True,,train
d_68,data/raw/SUST Driver Drowsiness Dataset/drowsiness/d_68.mp4,.mp4,drowsy,directory:drowsiness,,No subject identifier or documented video-to-driver mapping in path or filename.,29.97,300,300,10.01001,720,1280,True,,train
d_680,data/raw/SUST Driver Drowsiness Dataset/drowsiness/d_680.mp4,.mp4,drowsy,directory:drowsiness,,No subject identifier or documented video-to-driver mapping in path or filename.,29.97,300,300,10.01001,720,1280,True,,train
d_681,data/raw/SUST Driver Drowsiness Dataset/drowsiness/d_681.mp4,.mp4,drowsy,directory:drowsiness,,No subject identifier or documented video-to-driver mapping in path or filename.,29.97,300,300,10.01001,720,1280,True,,train
d_683,data/raw/SUST Driver Drowsiness Dataset/drowsiness/d_683.mp4,.mp4,drowsy,directory:drowsiness,,No subject identifier or documented video-to-driver mapping in path or filename.,29.97,300,300,10.01001,720,1280,True,,train
d_685,data/raw/SUST Driver Drowsiness Dataset/drowsiness/d_685.mp4,.mp4,drowsy,directory:drowsiness,,No subject identifier or documented video-to-driver mapping in path or filename.,29.97,300,300,10.01001,720,1280,True,,train
d_686,data/raw/SUST Driver Drowsiness Dataset/drowsiness/d_686.mp4,.mp4,drowsy,directory:drowsiness,,No subject identifier or documented video-to-driver mapping in path or filename.,29.97,300,300,10.01001,720,1280,True,,train
d_687,data/raw/SUST Driver Drowsiness Dataset/drowsiness/d_687.mp4,.mp4,drowsy,directory:drowsiness,,No subject identifier or documented video-to-driver mapping in path or filename.,29.97,300,300,10.01001,720,1280,True,,train
d_689,data/raw/SUST Driver Drowsiness Dataset/drowsiness/d_689.mp4,.mp4,drowsy,directory:drowsiness,,No subject identifier or documented video-to-driver mapping in path or filename.,30.0,300,300,10.0,720,1280,True,,train
d_690,data/raw/SUST Driver Drowsiness Dataset/drowsiness/d_690.mp4,.mp4,drowsy,directory:drowsiness,,No subject identifier or documented video-to-driver mapping in path or filename.,30.0,300,300,10.0,720,1280,True,,train
d_691,data/raw/SUST Driver Drowsiness Dataset/drowsiness/d_691.mp4,.mp4,drowsy,directory:drowsiness,,No subject identifier or documented video-to-driver mapping in path or filename.,30.0,300,300,10.0,720,1280,True,,train
d_692,data/raw/SUST Driver Drowsiness Dataset/drowsiness/d_692.mp4,.mp4,drowsy,directory:drowsiness,,No subject identifier or documented video-to-driver mapping in path or filename.,30.0,300,300,10.0,720,1280,True,,train
d_693,data/raw/SUST Driver Drowsiness Dataset/drowsiness/d_693.mp4,.mp4,drowsy,directory:drowsiness,,No subject identifier or documented video-to-driver mapping in path or filename.,30.0,300,300,10.0,720,1280,True,,train
d_694,data/raw/SUST Driver Drowsiness Dataset/drowsiness/d_694.mp4,.mp4,drowsy,directory:drowsiness,,No subject identifier or documented video-to-driver mapping in path or filename.,30.0,300,300,10.0,720,1280,True,,train
d_695,data/raw/SUST Driver Drowsiness Dataset/drowsiness/d_695.mp4,.mp4,drowsy,directory:drowsiness,,No subject identifier or documented video-to-driver mapping in path or filename.,30.0,300,300,10.0,720,1280,True,,train
d_698,data/raw/SUST Driver Drowsiness Dataset/drowsiness/d_698.mp4,.mp4,drowsy,directory:drowsiness,,No subject identifier or documented video-to-driver mapping in path or filename.,30.0,300,300,10.0,720,1280,True,,train
d_699,data/raw/SUST Driver Drowsiness Dataset/drowsiness/d_699.mp4,.mp4,drowsy,directory:drowsiness,,No subject identifier or documented video-to-driver mapping in path or filename.,30.0,300,300,10.0,720,1280,True,,train
d_7,data/raw/SUST Driver Drowsiness Dataset/drowsiness/d_7.mp4,.mp4,drowsy,directory:drowsiness,,No subject identifier or documented video-to-driver mapping in path or filename.,30.0,300,300,10.0,720,1280,True,,train
d_70,data/raw/SUST Driver Drowsiness Dataset/drowsiness/d_70.mp4,.mp4,drowsy,directory:drowsiness,,No subject identifier or documented video-to-driver mapping in path or filename.,29.97,300,300,10.01001,720,1280,True,,train
d_702,data/raw/SUST Driver Drowsiness Dataset/drowsiness/d_702.mp4,.mp4,drowsy,directory:drowsiness,,No subject identifier or documented video-to-driver mapping in path or filename.,30.0,300,300,10.0,720,1280,True,,train
d_703,data/raw/SUST Driver Drowsiness Dataset/drowsiness/d_703.mp4,.mp4,drowsy,directory:drowsiness,,No subject identifier or documented video-to-driver mapping in path or filename.,30.0,300,300,10.0,720,1280,True,,train
d_704,data/raw/SUST Driver Drowsiness Dataset/drowsiness/d_704.mp4,.mp4,drowsy,directory:drowsiness,,No subject identifier or documented video-to-driver mapping in path or filename.,30.0,300,300,10.0,720,1280,True,,train
d_706,data/raw/SUST Driver Drowsiness Dataset/drowsiness/d_706.mp4,.mp4,drowsy,directory:drowsiness,,No subject identifier or documented video-to-driver mapping in path or filename.,30.0,300,300,10.0,720,1280,True,,train
d_707,data/raw/SUST Driver Drowsiness Dataset/drowsiness/d_707.mp4,.mp4,drowsy,directory:drowsiness,,No subject identifier or documented video-to-driver mapping in path or filename.,30.0,300,300,10.0,720,1280,True,,train
d_708,data/raw/SUST Driver Drowsiness Dataset/drowsiness/d_708.mp4,.mp4,drowsy,directory:drowsiness,,No subject identifier or documented video-to-driver mapping in path or filename.,30.0,300,300,10.0,720,1280,True,,train
d_709,data/raw/SUST Driver Drowsiness Dataset/drowsiness/d_709.mp4,.mp4,drowsy,directory:drowsiness,,No subject identifier or documented video-to-driver mapping in path or filename.,30.0,300,300,10.0,720,1280,True,,train
d_711,data/raw/SUST Driver Drowsiness Dataset/drowsiness/d_711.mp4,.mp4,drowsy,directory:drowsiness,,No subject identifier or documented video-to-driver mapping in path or filename.,30.0,300,300,10.0,720,1280,True,,train
d_713,data/raw/SUST Driver Drowsiness Dataset/drowsiness/d_713.mp4,.mp4,drowsy,directory:drowsiness,,No subject identifier or documented video-to-driver mapping in path or filename.,30.0,300,300,10.0,720,1280,True,,train
d_714,data/raw/SUST Driver Drowsiness Dataset/drowsiness/d_714.mp4,.mp4,drowsy,directory:drowsiness,,No subject identifier or documented video-to-driver mapping in path or filename.,30.0,300,300,10.0,720,1280,True,,train
d_715,data/raw/SUST Driver Drowsiness Dataset/drowsiness/d_715.mp4,.mp4,drowsy,directory:drowsiness,,No subject identifier or documented video-to-driver mapping in path or filename.,30.0,300,300,10.0,720,1280,True,,train
d_716,data/raw/SUST Driver Drowsiness Dataset/drowsiness/d_716.mp4,.mp4,drowsy,directory:drowsiness,,No subject identifier or documented video-to-driver mapping in path or filename.,30.0,300,300,10.0,720,1280,True,,train
d_718,data/raw/SUST Driver Drowsiness Dataset/drowsiness/d_718.mp4,.mp4,drowsy,directory:drowsiness,,No subject identifier or documented video-to-driver mapping in path or filename.,30.0,300,300,10.0,720,1280,True,,train
d_719,data/raw/SUST Driver Drowsiness Dataset/drowsiness/d_719.mp4,.mp4,drowsy,directory:drowsiness,,No subject identifier or documented video-to-driver mapping in path or filename.,30.0,300,300,10.0,720,1280,True,,train
d_72,data/raw/SUST Driver Drowsiness Dataset/drowsiness/d_72.mp4,.mp4,drowsy,directory:drowsiness,,No subject identifier or documented video-to-driver mapping in path or filename.,29.97,300,300,10.01001,720,1280,True,,train
d_720,data/raw/SUST Driver Drowsiness Dataset/drowsiness/d_720.mp4,.mp4,drowsy,directory:drowsiness,,No subject identifier or documented video-to-driver mapping in path or filename.,30.0,300,300,10.0,720,1280,True,,train
d_722,data/raw/SUST Driver Drowsiness Dataset/drowsiness/d_722.mp4,.mp4,drowsy,directory:drowsiness,,No subject identifier or documented video-to-driver mapping in path or filename.,30.0,300,300,10.0,720,1280,True,,train
d_723,data/raw/SUST Driver Drowsiness Dataset/drowsiness/d_723.mp4,.mp4,drowsy,directory:drowsiness,,No subject identifier or documented video-to-driver mapping in path or filename.,30.0,300,300,10.0,720,1280,True,,train
d_724,data/raw/SUST Driver Drowsiness Dataset/drowsiness/d_724.mp4,.mp4,drowsy,directory:drowsiness,,No subject identifier or documented video-to-driver mapping in path or filename.,30.0,300,300,10.0,720,1280,True,,train
d_725,data/raw/SUST Driver Drowsiness Dataset/drowsiness/d_725.mp4,.mp4,drowsy,directory:drowsiness,,No subject identifier or documented video-to-driver mapping in path or filename.,30.0,300,300,10.0,720,1280,True,,train
d_726,data/raw/SUST Driver Drowsiness Dataset/drowsiness/d_726.mp4,.mp4,drowsy,directory:drowsiness,,No subject identifier or documented video-to-driver mapping in path or filename.,30.0,300,300,10.0,720,1280,True,,train
d_727,data/raw/SUST Driver Drowsiness Dataset/drowsiness/d_727.mp4,.mp4,drowsy,directory:drowsiness,,No subject identifier or documented video-to-driver mapping in path or filename.,30.0,300,300,10.0,720,1280,True,,train
d_728,data/raw/SUST Driver Drowsiness Dataset/drowsiness/d_728.mp4,.mp4,drowsy,directory:drowsiness,,No subject identifier or documented video-to-driver mapping in path or filename.,30.0,300,300,10.0,720,1280,True,,train
d_729,data/raw/SUST Driver Drowsiness Dataset/drowsiness/d_729.mp4,.mp4,drowsy,directory:drowsiness,,No subject identifier or documented video-to-driver mapping in path or filename.,30.0,300,300,10.0,720,1280,True,,train
d_73,data/raw/SUST Driver Drowsiness Dataset/drowsiness/d_73.mp4,.mp4,drowsy,directory:drowsiness,,No subject identifier or documented video-to-driver mapping in path or filename.,29.97,300,300,10.01001,720,1280,True,,train
d_730,data/raw/SUST Driver Drowsiness Dataset/drowsiness/d_730.mp4,.mp4,drowsy,directory:drowsiness,,No subject identifier or documented video-to-driver mapping in path or filename.,30.0,300,300,10.0,720,1280,True,,train
d_731,data/raw/SUST Driver Drowsiness Dataset/drowsiness/d_731.mp4,.mp4,drowsy,directory:drowsiness,,No subject identifier or documented video-to-driver mapping in path or filename.,30.0,300,300,10.0,720,1280,True,,train
d_732,data/raw/SUST Driver Drowsiness Dataset/drowsiness/d_732.mp4,.mp4,drowsy,directory:drowsiness,,No subject identifier or documented video-to-driver mapping in path or filename.,30.0,300,300,10.0,720,1280,True,,train
d_735,data/raw/SUST Driver Drowsiness Dataset/drowsiness/d_735.mp4,.mp4,drowsy,directory:drowsiness,,No subject identifier or documented video-to-driver mapping in path or filename.,30.0,300,300,10.0,720,1280,True,,train
d_736,data/raw/SUST Driver Drowsiness Dataset/drowsiness/d_736.mp4,.mp4,drowsy,directory:drowsiness,,No subject identifier or documented video-to-driver mapping in path or filename.,25.0,250,250,10.0,720,1280,True,,train
d_737,data/raw/SUST Driver Drowsiness Dataset/drowsiness/d_737.mp4,.mp4,drowsy,directory:drowsiness,,No subject identifier or documented video-to-driver mapping in path or filename.,25.0,250,250,10.0,720,1280,True,,train
d_738,data/raw/SUST Driver Drowsiness Dataset/drowsiness/d_738.mp4,.mp4,drowsy,directory:drowsiness,,No subject identifier or documented video-to-driver mapping in path or filename.,25.0,250,250,10.0,720,1280,True,,train
d_739,data/raw/SUST Driver Drowsiness Dataset/drowsiness/d_739.mp4,.mp4,drowsy,directory:drowsiness,,No subject identifier or documented video-to-driver mapping in path or filename.,25.0,250,250,10.0,720,1280,True,,train
d_74,data/raw/SUST Driver Drowsiness Dataset/drowsiness/d_74.mp4,.mp4,drowsy,directory:drowsiness,,No subject identifier or documented video-to-driver mapping in path or filename.,29.97,300,300,10.01001,720,1280,True,,train
d_741,data/raw/SUST Driver Drowsiness Dataset/drowsiness/d_741.mp4,.mp4,drowsy,directory:drowsiness,,No subject identifier or documented video-to-driver mapping in path or filename.,25.0,250,250,10.0,720,1280,True,,train
d_742,data/raw/SUST Driver Drowsiness Dataset/drowsiness/d_742.mp4,.mp4,drowsy,directory:drowsiness,,No subject identifier or documented video-to-driver mapping in path or filename.,25.0,250,250,10.0,720,1280,True,,train
d_744,data/raw/SUST Driver Drowsiness Dataset/drowsiness/d_744.mp4,.mp4,drowsy,directory:drowsiness,,No subject identifier or documented video-to-driver mapping in path or filename.,25.0,250,250,10.0,720,1280,True,,train
d_746,data/raw/SUST Driver Drowsiness Dataset/drowsiness/d_746.mp4,.mp4,drowsy,directory:drowsiness,,No subject identifier or documented video-to-driver mapping in path or filename.,25.0,250,250,10.0,720,1280,True,,train
d_748,data/raw/SUST Driver Drowsiness Dataset/drowsiness/d_748.mp4,.mp4,drowsy,directory:drowsiness,,No subject identifier or documented video-to-driver mapping in path or filename.,25.0,250,250,10.0,720,1280,True,,train
d_75,data/raw/SUST Driver Drowsiness Dataset/drowsiness/d_75.mp4,.mp4,drowsy,directory:drowsiness,,No subject identifier or documented video-to-driver mapping in path or filename.,29.97,300,300,10.01001,720,1280,True,,train
d_754,data/raw/SUST Driver Drowsiness Dataset/drowsiness/d_754.mp4,.mp4,drowsy,directory:drowsiness,,No subject identifier or documented video-to-driver mapping in path or filename.,25.0,250,250,10.0,720,1280,True,,train
d_755,data/raw/SUST Driver Drowsiness Dataset/drowsiness/d_755.mp4,.mp4,drowsy,directory:drowsiness,,No subject identifier or documented video-to-driver mapping in path or filename.,25.0,250,250,10.0,720,1280,True,,train
d_757,data/raw/SUST Driver Drowsiness Dataset/drowsiness/d_757.mp4,.mp4,drowsy,directory:drowsiness,,No subject identifier or documented video-to-driver mapping in path or filename.,25.0,250,250,10.0,720,1280,True,,train
d_758,data/raw/SUST Driver Drowsiness Dataset/drowsiness/d_758.mp4,.mp4,drowsy,directory:drowsiness,,No subject identifier or documented video-to-driver mapping in path or filename.,25.0,250,250,10.0,720,1280,True,,train
d_759,data/raw/SUST Driver Drowsiness Dataset/drowsiness/d_759.mp4,.mp4,drowsy,directory:drowsiness,,No subject identifier or documented video-to-driver mapping in path or filename.,25.0,250,250,10.0,720,1280,True,,train
d_76,data/raw/SUST Driver Drowsiness Dataset/drowsiness/d_76.mp4,.mp4,drowsy,directory:drowsiness,,No subject identifier or documented video-to-driver mapping in path or filename.,29.97,300,300,10.01001,720,1280,True,,train
d_762,data/raw/SUST Driver Drowsiness Dataset/drowsiness/d_762.mp4,.mp4,drowsy,directory:drowsiness,,No subject identifier or documented video-to-driver mapping in path or filename.,25.0,250,250,10.0,720,1280,True,,train
d_763,data/raw/SUST Driver Drowsiness Dataset/drowsiness/d_763.mp4,.mp4,drowsy,directory:drowsiness,,No subject identifier or documented video-to-driver mapping in path or filename.,25.0,250,250,10.0,720,1280,True,,train
d_764,data/raw/SUST Driver Drowsiness Dataset/drowsiness/d_764.mp4,.mp4,drowsy,directory:drowsiness,,No subject identifier or documented video-to-driver mapping in path or filename.,25.0,250,250,10.0,720,1280,True,,train
d_765,data/raw/SUST Driver Drowsiness Dataset/drowsiness/d_765.mp4,.mp4,drowsy,directory:drowsiness,,No subject identifier or documented video-to-driver mapping in path or filename.,25.0,250,250,10.0,720,1280,True,,train
d_767,data/raw/SUST Driver Drowsiness Dataset/drowsiness/d_767.mp4,.mp4,drowsy,directory:drowsiness,,No subject identifier or documented video-to-driver mapping in path or filename.,25.0,250,250,10.0,720,1280,True,,train
d_768,data/raw/SUST Driver Drowsiness Dataset/drowsiness/d_768.mp4,.mp4,drowsy,directory:drowsiness,,No subject identifier or documented video-to-driver mapping in path or filename.,25.0,250,250,10.0,720,1280,True,,train
d_769,data/raw/SUST Driver Drowsiness Dataset/drowsiness/d_769.mp4,.mp4,drowsy,directory:drowsiness,,No subject identifier or documented video-to-driver mapping in path or filename.,25.0,250,250,10.0,720,1280,True,,train
d_770,data/raw/SUST Driver Drowsiness Dataset/drowsiness/d_770.mp4,.mp4,drowsy,directory:drowsiness,,No subject identifier or documented video-to-driver mapping in path or filename.,25.0,250,250,10.0,720,1280,True,,train
d_773,data/raw/SUST Driver Drowsiness Dataset/drowsiness/d_773.mp4,.mp4,drowsy,directory:drowsiness,,No subject identifier or documented video-to-driver mapping in path or filename.,25.0,250,250,10.0,720,1280,True,,train
d_774,data/raw/SUST Driver Drowsiness Dataset/drowsiness/d_774.mp4,.mp4,drowsy,directory:drowsiness,,No subject identifier or documented video-to-driver mapping in path or filename.,25.0,250,250,10.0,720,1280,True,,train
d_777,data/raw/SUST Driver Drowsiness Dataset/drowsiness/d_777.mp4,.mp4,drowsy,directory:drowsiness,,No subject identifier or documented video-to-driver mapping in path or filename.,25.0,250,250,10.0,720,1280,True,,train
d_778,data/raw/SUST Driver Drowsiness Dataset/drowsiness/d_778.mp4,.mp4,drowsy,directory:drowsiness,,No subject identifier or documented video-to-driver mapping in path or filename.,25.0,250,250,10.0,720,1280,True,,train
d_779,data/raw/SUST Driver Drowsiness Dataset/drowsiness/d_779.mp4,.mp4,drowsy,directory:drowsiness,,No subject identifier or documented video-to-driver mapping in path or filename.,25.0,250,250,10.0,720,1280,True,,train
d_78,data/raw/SUST Driver Drowsiness Dataset/drowsiness/d_78.mp4,.mp4,drowsy,directory:drowsiness,,No subject identifier or documented video-to-driver mapping in path or filename.,29.97,300,300,10.01001,720,1280,True,,train
d_780,data/raw/SUST Driver Drowsiness Dataset/drowsiness/d_780.mp4,.mp4,drowsy,directory:drowsiness,,No subject identifier or documented video-to-driver mapping in path or filename.,25.0,250,250,10.0,720,1280,True,,train
d_781,data/raw/SUST Driver Drowsiness Dataset/drowsiness/d_781.mp4,.mp4,drowsy,directory:drowsiness,,No subject identifier or documented video-to-driver mapping in path or filename.,25.0,250,250,10.0,720,1280,True,,train
d_782,data/raw/SUST Driver Drowsiness Dataset/drowsiness/d_782.mp4,.mp4,drowsy,directory:drowsiness,,No subject identifier or documented video-to-driver mapping in path or filename.,25.0,250,250,10.0,720,1280,True,,train
d_783,data/raw/SUST Driver Drowsiness Dataset/drowsiness/d_783.mp4,.mp4,drowsy,directory:drowsiness,,No subject identifier or documented video-to-driver mapping in path or filename.,25.0,250,250,10.0,720,1280,True,,train
d_787,data/raw/SUST Driver Drowsiness Dataset/drowsiness/d_787.mp4,.mp4,drowsy,directory:drowsiness,,No subject identifier or documented video-to-driver mapping in path or filename.,30.01,301,301,10.02999,720,1280,True,,train
d_79,data/raw/SUST Driver Drowsiness Dataset/drowsiness/d_79.mp4,.mp4,drowsy,directory:drowsiness,,No subject identifier or documented video-to-driver mapping in path or filename.,29.97,300,300,10.01001,720,1280,True,,train
d_790,data/raw/SUST Driver Drowsiness Dataset/drowsiness/d_790.mp4,.mp4,drowsy,directory:drowsiness,,No subject identifier or documented video-to-driver mapping in path or filename.,30.01,301,301,10.02999,720,1280,True,,train
d_791,data/raw/SUST Driver Drowsiness Dataset/drowsiness/d_791.mp4,.mp4,drowsy,directory:drowsiness,,No subject identifier or documented video-to-driver mapping in path or filename.,30.01,301,301,10.02999,720,1280,True,,train
d_792,data/raw/SUST Driver Drowsiness Dataset/drowsiness/d_792.mp4,.mp4,drowsy,directory:drowsiness,,No subject identifier or documented video-to-driver mapping in path or filename.,30.01,301,301,10.02999,720,1280,True,,train
d_793,data/raw/SUST Driver Drowsiness Dataset/drowsiness/d_793.mp4,.mp4,drowsy,directory:drowsiness,,No subject identifier or documented video-to-driver mapping in path or filename.,30.01,301,301,10.02999,720,1280,True,,train
d_794,data/raw/SUST Driver Drowsiness Dataset/drowsiness/d_794.mp4,.mp4,drowsy,directory:drowsiness,,No subject identifier or documented video-to-driver mapping in path or filename.,30.01,301,301,10.02999,720,1280,True,,train
d_795,data/raw/SUST Driver Drowsiness Dataset/drowsiness/d_795.mp4,.mp4,drowsy,directory:drowsiness,,No subject identifier or documented video-to-driver mapping in path or filename.,30.01,301,301,10.02999,720,1280,True,,train
d_798,data/raw/SUST Driver Drowsiness Dataset/drowsiness/d_798.mp4,.mp4,drowsy,directory:drowsiness,,No subject identifier or documented video-to-driver mapping in path or filename.,30.01,301,301,10.02999,720,1280,True,,train
d_799,data/raw/SUST Driver Drowsiness Dataset/drowsiness/d_799.mp4,.mp4,drowsy,directory:drowsiness,,No subject identifier or documented video-to-driver mapping in path or filename.,30.01,301,301,10.02999,720,1280,True,,train
d_8,data/raw/SUST Driver Drowsiness Dataset/drowsiness/d_8.mp4,.mp4,drowsy,directory:drowsiness,,No subject identifier or documented video-to-driver mapping in path or filename.,30.0,300,300,10.0,720,1280,True,,train
d_80,data/raw/SUST Driver Drowsiness Dataset/drowsiness/d_80.mp4,.mp4,drowsy,directory:drowsiness,,No subject identifier or documented video-to-driver mapping in path or filename.,29.97,300,300,10.01001,720,1280,True,,train
d_801,data/raw/SUST Driver Drowsiness Dataset/drowsiness/d_801.mp4,.mp4,drowsy,directory:drowsiness,,No subject identifier or documented video-to-driver mapping in path or filename.,30.01,301,301,10.02999,720,1280,True,,train
d_803,data/raw/SUST Driver Drowsiness Dataset/drowsiness/d_803.mp4,.mp4,drowsy,directory:drowsiness,,No subject identifier or documented video-to-driver mapping in path or filename.,30.01,301,301,10.02999,720,1280,True,,train
d_804,data/raw/SUST Driver Drowsiness Dataset/drowsiness/d_804.mp4,.mp4,drowsy,directory:drowsiness,,No subject identifier or documented video-to-driver mapping in path or filename.,30.01,301,301,10.02999,720,1280,True,,train
d_805,data/raw/SUST Driver Drowsiness Dataset/drowsiness/d_805.mp4,.mp4,drowsy,directory:drowsiness,,No subject identifier or documented video-to-driver mapping in path or filename.,30.01,301,301,10.02999,720,1280,True,,train
d_806,data/raw/SUST Driver Drowsiness Dataset/drowsiness/d_806.mp4,.mp4,drowsy,directory:drowsiness,,No subject identifier or documented video-to-driver mapping in path or filename.,30.01,301,301,10.02999,720,1280,True,,train
d_808,data/raw/SUST Driver Drowsiness Dataset/drowsiness/d_808.mp4,.mp4,drowsy,directory:drowsiness,,No subject identifier or documented video-to-driver mapping in path or filename.,30.01,301,301,10.02999,720,1280,True,,train
d_809,data/raw/SUST Driver Drowsiness Dataset/drowsiness/d_809.mp4,.mp4,drowsy,directory:drowsiness,,No subject identifier or documented video-to-driver mapping in path or filename.,30.01,301,301,10.02999,720,1280,True,,train
d_81,data/raw/SUST Driver Drowsiness Dataset/drowsiness/d_81.mp4,.mp4,drowsy,directory:drowsiness,,No subject identifier or documented video-to-driver mapping in path or filename.,29.97,300,300,10.01001,720,1280,True,,train
d_810,data/raw/SUST Driver Drowsiness Dataset/drowsiness/d_810.mp4,.mp4,drowsy,directory:drowsiness,,No subject identifier or documented video-to-driver mapping in path or filename.,30.01,301,301,10.02999,720,1280,True,,train
d_811,data/raw/SUST Driver Drowsiness Dataset/drowsiness/d_811.mp4,.mp4,drowsy,directory:drowsiness,,No subject identifier or documented video-to-driver mapping in path or filename.,30.01,301,301,10.02999,720,1280,True,,train
d_814,data/raw/SUST Driver Drowsiness Dataset/drowsiness/d_814.mp4,.mp4,drowsy,directory:drowsiness,,No subject identifier or documented video-to-driver mapping in path or filename.,30.01,301,301,10.02999,720,1280,True,,train
d_816,data/raw/SUST Driver Drowsiness Dataset/drowsiness/d_816.mp4,.mp4,drowsy,directory:drowsiness,,No subject identifier or documented video-to-driver mapping in path or filename.,30.01,301,301,10.02999,720,1280,True,,train
d_817,data/raw/SUST Driver Drowsiness Dataset/drowsiness/d_817.mp4,.mp4,drowsy,directory:drowsiness,,No subject identifier or documented video-to-driver mapping in path or filename.,30.01,301,301,10.02999,720,1280,True,,train
d_818,data/raw/SUST Driver Drowsiness Dataset/drowsiness/d_818.mp4,.mp4,drowsy,directory:drowsiness,,No subject identifier or documented video-to-driver mapping in path or filename.,30.01,301,301,10.02999,720,1280,True,,train
d_819,data/raw/SUST Driver Drowsiness Dataset/drowsiness/d_819.mp4,.mp4,drowsy,directory:drowsiness,,No subject identifier or documented video-to-driver mapping in path or filename.,30.01,301,301,10.02999,720,1280,True,,train
d_820,data/raw/SUST Driver Drowsiness Dataset/drowsiness/d_820.mp4,.mp4,drowsy,directory:drowsiness,,No subject identifier or documented video-to-driver mapping in path or filename.,30.01,301,301,10.02999,720,1280,True,,train
d_822,data/raw/SUST Driver Drowsiness Dataset/drowsiness/d_822.mp4,.mp4,drowsy,directory:drowsiness,,No subject identifier or documented video-to-driver mapping in path or filename.,30.01,301,301,10.02999,720,1280,True,,train
d_825,data/raw/SUST Driver Drowsiness Dataset/drowsiness/d_825.mp4,.mp4,drowsy,directory:drowsiness,,No subject identifier or documented video-to-driver mapping in path or filename.,30.01,301,301,10.02999,720,1280,True,,train
d_827,data/raw/SUST Driver Drowsiness Dataset/drowsiness/d_827.mp4,.mp4,drowsy,directory:drowsiness,,No subject identifier or documented video-to-driver mapping in path or filename.,30.01,301,301,10.02999,720,1280,True,,train
d_828,data/raw/SUST Driver Drowsiness Dataset/drowsiness/d_828.mp4,.mp4,drowsy,directory:drowsiness,,No subject identifier or documented video-to-driver mapping in path or filename.,30.01,301,301,10.02999,720,1280,True,,train
d_829,data/raw/SUST Driver Drowsiness Dataset/drowsiness/d_829.mp4,.mp4,drowsy,directory:drowsiness,,No subject identifier or documented video-to-driver mapping in path or filename.,30.01,301,301,10.02999,720,1280,True,,train
d_83,data/raw/SUST Driver Drowsiness Dataset/drowsiness/d_83.mp4,.mp4,drowsy,directory:drowsiness,,No subject identifier or documented video-to-driver mapping in path or filename.,29.97,300,300,10.01001,720,1280,True,,train
d_830,data/raw/SUST Driver Drowsiness Dataset/drowsiness/d_830.mp4,.mp4,drowsy,directory:drowsiness,,No subject identifier or documented video-to-driver mapping in path or filename.,30.01,301,301,10.02999,720,1280,True,,train
d_832,data/raw/SUST Driver Drowsiness Dataset/drowsiness/d_832.mp4,.mp4,drowsy,directory:drowsiness,,No subject identifier or documented video-to-driver mapping in path or filename.,30.01,301,301,10.02999,720,1280,True,,train
d_833,data/raw/SUST Driver Drowsiness Dataset/drowsiness/d_833.mp4,.mp4,drowsy,directory:drowsiness,,No subject identifier or documented video-to-driver mapping in path or filename.,30.01,301,301,10.02999,720,1280,True,,train
d_836,data/raw/SUST Driver Drowsiness Dataset/drowsiness/d_836.mp4,.mp4,drowsy,directory:drowsiness,,No subject identifier or documented video-to-driver mapping in path or filename.,30.01,301,301,10.02999,720,1280,True,,train
d_837,data/raw/SUST Driver Drowsiness Dataset/drowsiness/d_837.mp4,.mp4,drowsy,directory:drowsiness,,No subject identifier or documented video-to-driver mapping in path or filename.,30.01,301,301,10.02999,720,1280,True,,train
d_838,data/raw/SUST Driver Drowsiness Dataset/drowsiness/d_838.mp4,.mp4,drowsy,directory:drowsiness,,No subject identifier or documented video-to-driver mapping in path or filename.,30.01,301,301,10.02999,720,1280,True,,train
d_84,data/raw/SUST Driver Drowsiness Dataset/drowsiness/d_84.mp4,.mp4,drowsy,directory:drowsiness,,No subject identifier or documented video-to-driver mapping in path or filename.,29.97,300,300,10.01001,720,1280,True,,train
d_840,data/raw/SUST Driver Drowsiness Dataset/drowsiness/d_840.mp4,.mp4,drowsy,directory:drowsiness,,No subject identifier or documented video-to-driver mapping in path or filename.,30.01,301,301,10.02999,720,1280,True,,train
d_841,data/raw/SUST Driver Drowsiness Dataset/drowsiness/d_841.mp4,.mp4,drowsy,directory:drowsiness,,No subject identifier or documented video-to-driver mapping in path or filename.,30.01,301,301,10.02999,720,1280,True,,train
d_844,data/raw/SUST Driver Drowsiness Dataset/drowsiness/d_844.mp4,.mp4,drowsy,directory:drowsiness,,No subject identifier or documented video-to-driver mapping in path or filename.,30.01,301,301,10.02999,720,1280,True,,train
d_845,data/raw/SUST Driver Drowsiness Dataset/drowsiness/d_845.mp4,.mp4,drowsy,directory:drowsiness,,No subject identifier or documented video-to-driver mapping in path or filename.,30.0,300,300,10.0,720,1280,True,,train
d_846,data/raw/SUST Driver Drowsiness Dataset/drowsiness/d_846.mp4,.mp4,drowsy,directory:drowsiness,,No subject identifier or documented video-to-driver mapping in path or filename.,30.0,300,300,10.0,720,1280,True,,train
d_847,data/raw/SUST Driver Drowsiness Dataset/drowsiness/d_847.mp4,.mp4,drowsy,directory:drowsiness,,No subject identifier or documented video-to-driver mapping in path or filename.,30.0,300,300,10.0,720,1280,True,,train
d_85,data/raw/SUST Driver Drowsiness Dataset/drowsiness/d_85.mp4,.mp4,drowsy,directory:drowsiness,,No subject identifier or documented video-to-driver mapping in path or filename.,29.97,300,300,10.01001,720,1280,True,,train
d_850,data/raw/SUST Driver Drowsiness Dataset/drowsiness/d_850.mp4,.mp4,drowsy,directory:drowsiness,,No subject identifier or documented video-to-driver mapping in path or filename.,30.0,300,300,10.0,720,1280,True,,train
d_851,data/raw/SUST Driver Drowsiness Dataset/drowsiness/d_851.mp4,.mp4,drowsy,directory:drowsiness,,No subject identifier or documented video-to-driver mapping in path or filename.,30.0,300,300,10.0,720,1280,True,,train
d_853,data/raw/SUST Driver Drowsiness Dataset/drowsiness/d_853.mp4,.mp4,drowsy,directory:drowsiness,,No subject identifier or documented video-to-driver mapping in path or filename.,30.0,300,300,10.0,720,1280,True,,train
d_854,data/raw/SUST Driver Drowsiness Dataset/drowsiness/d_854.mp4,.mp4,drowsy,directory:drowsiness,,No subject identifier or documented video-to-driver mapping in path or filename.,30.0,300,300,10.0,720,1280,True,,train
d_855,data/raw/SUST Driver Drowsiness Dataset/drowsiness/d_855.mp4,.mp4,drowsy,directory:drowsiness,,No subject identifier or documented video-to-driver mapping in path or filename.,30.0,300,300,10.0,720,1280,True,,train
d_856,data/raw/SUST Driver Drowsiness Dataset/drowsiness/d_856.mp4,.mp4,drowsy,directory:drowsiness,,No subject identifier or documented video-to-driver mapping in path or filename.,30.0,300,300,10.0,720,1280,True,,train
d_858,data/raw/SUST Driver Drowsiness Dataset/drowsiness/d_858.mp4,.mp4,drowsy,directory:drowsiness,,No subject identifier or documented video-to-driver mapping in path or filename.,30.0,300,300,10.0,720,1280,True,,train
d_860,data/raw/SUST Driver Drowsiness Dataset/drowsiness/d_860.mp4,.mp4,drowsy,directory:drowsiness,,No subject identifier or documented video-to-driver mapping in path or filename.,30.0,300,300,10.0,720,1280,True,,train
d_861,data/raw/SUST Driver Drowsiness Dataset/drowsiness/d_861.mp4,.mp4,drowsy,directory:drowsiness,,No subject identifier or documented video-to-driver mapping in path or filename.,30.0,300,300,10.0,720,1280,True,,train
d_862,data/raw/SUST Driver Drowsiness Dataset/drowsiness/d_862.mp4,.mp4,drowsy,directory:drowsiness,,No subject identifier or documented video-to-driver mapping in path or filename.,30.0,300,300,10.0,720,1280,True,,train
d_863,data/raw/SUST Driver Drowsiness Dataset/drowsiness/d_863.mp4,.mp4,drowsy,directory:drowsiness,,No subject identifier or documented video-to-driver mapping in path or filename.,30.0,300,300,10.0,720,1280,True,,train
d_864,data/raw/SUST Driver Drowsiness Dataset/drowsiness/d_864.mp4,.mp4,drowsy,directory:drowsiness,,No subject identifier or documented video-to-driver mapping in path or filename.,30.0,300,300,10.0,720,1280,True,,train
d_865,data/raw/SUST Driver Drowsiness Dataset/drowsiness/d_865.mp4,.mp4,drowsy,directory:drowsiness,,No subject identifier or documented video-to-driver mapping in path or filename.,30.0,300,300,10.0,720,1280,True,,train
d_866,data/raw/SUST Driver Drowsiness Dataset/drowsiness/d_866.mp4,.mp4,drowsy,directory:drowsiness,,No subject identifier or documented video-to-driver mapping in path or filename.,30.0,300,300,10.0,720,1280,True,,train
d_867,data/raw/SUST Driver Drowsiness Dataset/drowsiness/d_867.mp4,.mp4,drowsy,directory:drowsiness,,No subject identifier or documented video-to-driver mapping in path or filename.,30.0,300,300,10.0,720,1280,True,,train
d_869,data/raw/SUST Driver Drowsiness Dataset/drowsiness/d_869.mp4,.mp4,drowsy,directory:drowsiness,,No subject identifier or documented video-to-driver mapping in path or filename.,30.0,300,300,10.0,720,1280,True,,train
d_87,data/raw/SUST Driver Drowsiness Dataset/drowsiness/d_87.mp4,.mp4,drowsy,directory:drowsiness,,No subject identifier or documented video-to-driver mapping in path or filename.,29.97,300,300,10.01001,720,1280,True,,train
d_870,data/raw/SUST Driver Drowsiness Dataset/drowsiness/d_870.mp4,.mp4,drowsy,directory:drowsiness,,No subject identifier or documented video-to-driver mapping in path or filename.,30.0,300,300,10.0,720,1280,True,,train
d_871,data/raw/SUST Driver Drowsiness Dataset/drowsiness/d_871.mp4,.mp4,drowsy,directory:drowsiness,,No subject identifier or documented video-to-driver mapping in path or filename.,30.0,300,300,10.0,720,1280,True,,train
d_872,data/raw/SUST Driver Drowsiness Dataset/drowsiness/d_872.mp4,.mp4,drowsy,directory:drowsiness,,No subject identifier or documented video-to-driver mapping in path or filename.,30.0,300,300,10.0,720,1280,True,,train
d_873,data/raw/SUST Driver Drowsiness Dataset/drowsiness/d_873.mp4,.mp4,drowsy,directory:drowsiness,,No subject identifier or documented video-to-driver mapping in path or filename.,30.0,300,300,10.0,720,1280,True,,train
d_874,data/raw/SUST Driver Drowsiness Dataset/drowsiness/d_874.mp4,.mp4,drowsy,directory:drowsiness,,No subject identifier or documented video-to-driver mapping in path or filename.,30.0,300,300,10.0,720,1280,True,,train
d_875,data/raw/SUST Driver Drowsiness Dataset/drowsiness/d_875.mp4,.mp4,drowsy,directory:drowsiness,,No subject identifier or documented video-to-driver mapping in path or filename.,30.0,300,300,10.0,720,1280,True,,train
d_876,data/raw/SUST Driver Drowsiness Dataset/drowsiness/d_876.mp4,.mp4,drowsy,directory:drowsiness,,No subject identifier or documented video-to-driver mapping in path or filename.,30.0,300,300,10.0,720,1280,True,,train
d_878,data/raw/SUST Driver Drowsiness Dataset/drowsiness/d_878.mp4,.mp4,drowsy,directory:drowsiness,,No subject identifier or documented video-to-driver mapping in path or filename.,30.0,300,300,10.0,720,1280,True,,train
d_88,data/raw/SUST Driver Drowsiness Dataset/drowsiness/d_88.mp4,.mp4,drowsy,directory:drowsiness,,No subject identifier or documented video-to-driver mapping in path or filename.,29.97,300,300,10.01001,720,1280,True,,train
d_880,data/raw/SUST Driver Drowsiness Dataset/drowsiness/d_880.mp4,.mp4,drowsy,directory:drowsiness,,No subject identifier or documented video-to-driver mapping in path or filename.,30.0,300,300,10.0,720,1280,True,,train
d_882,data/raw/SUST Driver Drowsiness Dataset/drowsiness/d_882.mp4,.mp4,drowsy,directory:drowsiness,,No subject identifier or documented video-to-driver mapping in path or filename.,30.0,300,300,10.0,720,1280,True,,train
d_884,data/raw/SUST Driver Drowsiness Dataset/drowsiness/d_884.mp4,.mp4,drowsy,directory:drowsiness,,No subject identifier or documented video-to-driver mapping in path or filename.,30.0,300,300,10.0,720,1280,True,,train
d_885,data/raw/SUST Driver Drowsiness Dataset/drowsiness/d_885.mp4,.mp4,drowsy,directory:drowsiness,,No subject identifier or documented video-to-driver mapping in path or filename.,30.0,300,300,10.0,720,1280,True,,train
d_886,data/raw/SUST Driver Drowsiness Dataset/drowsiness/d_886.mp4,.mp4,drowsy,directory:drowsiness,,No subject identifier or documented video-to-driver mapping in path or filename.,30.0,300,300,10.0,720,1280,True,,train
d_887,data/raw/SUST Driver Drowsiness Dataset/drowsiness/d_887.mp4,.mp4,drowsy,directory:drowsiness,,No subject identifier or documented video-to-driver mapping in path or filename.,30.0,300,300,10.0,720,1280,True,,train
d_888,data/raw/SUST Driver Drowsiness Dataset/drowsiness/d_888.mp4,.mp4,drowsy,directory:drowsiness,,No subject identifier or documented video-to-driver mapping in path or filename.,30.0,300,300,10.0,720,1280,True,,train
d_89,data/raw/SUST Driver Drowsiness Dataset/drowsiness/d_89.mp4,.mp4,drowsy,directory:drowsiness,,No subject identifier or documented video-to-driver mapping in path or filename.,29.97,300,300,10.01001,720,1280,True,,train
d_890,data/raw/SUST Driver Drowsiness Dataset/drowsiness/d_890.mp4,.mp4,drowsy,directory:drowsiness,,No subject identifier or documented video-to-driver mapping in path or filename.,30.0,300,300,10.0,720,1280,True,,train
d_891,data/raw/SUST Driver Drowsiness Dataset/drowsiness/d_891.mp4,.mp4,drowsy,directory:drowsiness,,No subject identifier or documented video-to-driver mapping in path or filename.,30.0,300,300,10.0,720,1280,True,,train
d_893,data/raw/SUST Driver Drowsiness Dataset/drowsiness/d_893.mp4,.mp4,drowsy,directory:drowsiness,,No subject identifier or documented video-to-driver mapping in path or filename.,30.0,300,300,10.0,720,1280,True,,train
d_894,data/raw/SUST Driver Drowsiness Dataset/drowsiness/d_894.mp4,.mp4,drowsy,directory:drowsiness,,No subject identifier or documented video-to-driver mapping in path or filename.,30.0,300,300,10.0,720,1280,True,,train
d_897,data/raw/SUST Driver Drowsiness Dataset/drowsiness/d_897.mp4,.mp4,drowsy,directory:drowsiness,,No subject identifier or documented video-to-driver mapping in path or filename.,30.0,300,300,10.0,720,1280,True,,train
d_898,data/raw/SUST Driver Drowsiness Dataset/drowsiness/d_898.mp4,.mp4,drowsy,directory:drowsiness,,No subject identifier or documented video-to-driver mapping in path or filename.,30.0,300,300,10.0,720,1280,True,,train
d_899,data/raw/SUST Driver Drowsiness Dataset/drowsiness/d_899.mp4,.mp4,drowsy,directory:drowsiness,,No subject identifier or documented video-to-driver mapping in path or filename.,29.92,300,300,10.026738,720,1280,True,,train
d_9,data/raw/SUST Driver Drowsiness Dataset/drowsiness/d_9.mp4,.mp4,drowsy,directory:drowsiness,,No subject identifier or documented video-to-driver mapping in path or filename.,30.0,300,300,10.0,720,1280,True,,train
d_90,data/raw/SUST Driver Drowsiness Dataset/drowsiness/d_90.mp4,.mp4,drowsy,directory:drowsiness,,No subject identifier or documented video-to-driver mapping in path or filename.,29.97,300,300,10.01001,720,1280,True,,train
d_900,data/raw/SUST Driver Drowsiness Dataset/drowsiness/d_900.mp4,.mp4,drowsy,directory:drowsiness,,No subject identifier or documented video-to-driver mapping in path or filename.,29.92,300,300,10.026738,720,1280,True,,train
d_901,data/raw/SUST Driver Drowsiness Dataset/drowsiness/d_901.mp4,.mp4,drowsy,directory:drowsiness,,No subject identifier or documented video-to-driver mapping in path or filename.,29.92,300,300,10.026738,720,1280,True,,train
d_902,data/raw/SUST Driver Drowsiness Dataset/drowsiness/d_902.mp4,.mp4,drowsy,directory:drowsiness,,No subject identifier or documented video-to-driver mapping in path or filename.,29.92,300,300,10.026738,720,1280,True,,train
d_904,data/raw/SUST Driver Drowsiness Dataset/drowsiness/d_904.mp4,.mp4,drowsy,directory:drowsiness,,No subject identifier or documented video-to-driver mapping in path or filename.,29.92,300,300,10.026738,720,1280,True,,train
d_905,data/raw/SUST Driver Drowsiness Dataset/drowsiness/d_905.mp4,.mp4,drowsy,directory:drowsiness,,No subject identifier or documented video-to-driver mapping in path or filename.,29.92,300,300,10.026738,720,1280,True,,train
d_906,data/raw/SUST Driver Drowsiness Dataset/drowsiness/d_906.mp4,.mp4,drowsy,directory:drowsiness,,No subject identifier or documented video-to-driver mapping in path or filename.,29.92,300,300,10.026738,720,1280,True,,train
d_907,data/raw/SUST Driver Drowsiness Dataset/drowsiness/d_907.mp4,.mp4,drowsy,directory:drowsiness,,No subject identifier or documented video-to-driver mapping in path or filename.,29.92,300,300,10.026738,720,1280,True,,train
d_909,data/raw/SUST Driver Drowsiness Dataset/drowsiness/d_909.mp4,.mp4,drowsy,directory:drowsiness,,No subject identifier or documented video-to-driver mapping in path or filename.,29.92,300,300,10.026738,720,1280,True,,train
d_912,data/raw/SUST Driver Drowsiness Dataset/drowsiness/d_912.mp4,.mp4,drowsy,directory:drowsiness,,No subject identifier or documented video-to-driver mapping in path or filename.,29.92,300,300,10.026738,720,1280,True,,train
d_913,data/raw/SUST Driver Drowsiness Dataset/drowsiness/d_913.mp4,.mp4,drowsy,directory:drowsiness,,No subject identifier or documented video-to-driver mapping in path or filename.,29.92,300,300,10.026738,720,1280,True,,train
d_914,data/raw/SUST Driver Drowsiness Dataset/drowsiness/d_914.mp4,.mp4,drowsy,directory:drowsiness,,No subject identifier or documented video-to-driver mapping in path or filename.,29.92,300,300,10.026738,720,1280,True,,train
d_916,data/raw/SUST Driver Drowsiness Dataset/drowsiness/d_916.mp4,.mp4,drowsy,directory:drowsiness,,No subject identifier or documented video-to-driver mapping in path or filename.,29.92,300,300,10.026738,720,1280,True,,train
d_918,data/raw/SUST Driver Drowsiness Dataset/drowsiness/d_918.mp4,.mp4,drowsy,directory:drowsiness,,No subject identifier or documented video-to-driver mapping in path or filename.,29.92,300,300,10.026738,720,1280,True,,train
d_919,data/raw/SUST Driver Drowsiness Dataset/drowsiness/d_919.mp4,.mp4,drowsy,directory:drowsiness,,No subject identifier or documented video-to-driver mapping in path or filename.,29.92,300,300,10.026738,720,1280,True,,train
d_92,data/raw/SUST Driver Drowsiness Dataset/drowsiness/d_92.mp4,.mp4,drowsy,directory:drowsiness,,No subject identifier or documented video-to-driver mapping in path or filename.,29.97,300,300,10.01001,720,1280,True,,train
d_921,data/raw/SUST Driver Drowsiness Dataset/drowsiness/d_921.mp4,.mp4,drowsy,directory:drowsiness,,No subject identifier or documented video-to-driver mapping in path or filename.,29.92,300,300,10.026738,720,1280,True,,train
d_922,data/raw/SUST Driver Drowsiness Dataset/drowsiness/d_922.mp4,.mp4,drowsy,directory:drowsiness,,No subject identifier or documented video-to-driver mapping in path or filename.,29.92,300,300,10.026738,720,1280,True,,train
d_923,data/raw/SUST Driver Drowsiness Dataset/drowsiness/d_923.mp4,.mp4,drowsy,directory:drowsiness,,No subject identifier or documented video-to-driver mapping in path or filename.,29.92,300,300,10.026738,720,1280,True,,train
d_925,data/raw/SUST Driver Drowsiness Dataset/drowsiness/d_925.mp4,.mp4,drowsy,directory:drowsiness,,No subject identifier or documented video-to-driver mapping in path or filename.,29.92,300,300,10.026738,720,1280,True,,train
d_926,data/raw/SUST Driver Drowsiness Dataset/drowsiness/d_926.mp4,.mp4,drowsy,directory:drowsiness,,No subject identifier or documented video-to-driver mapping in path or filename.,29.92,300,300,10.026738,720,1280,True,,train
d_927,data/raw/SUST Driver Drowsiness Dataset/drowsiness/d_927.mp4,.mp4,drowsy,directory:drowsiness,,No subject identifier or documented video-to-driver mapping in path or filename.,29.92,300,300,10.026738,720,1280,True,,train
d_928,data/raw/SUST Driver Drowsiness Dataset/drowsiness/d_928.mp4,.mp4,drowsy,directory:drowsiness,,No subject identifier or documented video-to-driver mapping in path or filename.,29.92,300,300,10.026738,720,1280,True,,train
d_93,data/raw/SUST Driver Drowsiness Dataset/drowsiness/d_93.mp4,.mp4,drowsy,directory:drowsiness,,No subject identifier or documented video-to-driver mapping in path or filename.,29.97,300,300,10.01001,720,1280,True,,train
d_930,data/raw/SUST Driver Drowsiness Dataset/drowsiness/d_930.mp4,.mp4,drowsy,directory:drowsiness,,No subject identifier or documented video-to-driver mapping in path or filename.,29.92,300,300,10.026738,720,1280,True,,train
d_931,data/raw/SUST Driver Drowsiness Dataset/drowsiness/d_931.mp4,.mp4,drowsy,directory:drowsiness,,No subject identifier or documented video-to-driver mapping in path or filename.,29.92,300,300,10.026738,720,1280,True,,train
d_932,data/raw/SUST Driver Drowsiness Dataset/drowsiness/d_932.mp4,.mp4,drowsy,directory:drowsiness,,No subject identifier or documented video-to-driver mapping in path or filename.,29.92,300,300,10.026738,720,1280,True,,train
d_934,data/raw/SUST Driver Drowsiness Dataset/drowsiness/d_934.mp4,.mp4,drowsy,directory:drowsiness,,No subject identifier or documented video-to-driver mapping in path or filename.,29.92,300,300,10.026738,720,1280,True,,train
d_935,data/raw/SUST Driver Drowsiness Dataset/drowsiness/d_935.mp4,.mp4,drowsy,directory:drowsiness,,No subject identifier or documented video-to-driver mapping in path or filename.,29.92,300,300,10.026738,720,1280,True,,train
d_936,data/raw/SUST Driver Drowsiness Dataset/drowsiness/d_936.mp4,.mp4,drowsy,directory:drowsiness,,No subject identifier or documented video-to-driver mapping in path or filename.,29.92,300,300,10.026738,720,1280,True,,train
d_938,data/raw/SUST Driver Drowsiness Dataset/drowsiness/d_938.mp4,.mp4,drowsy,directory:drowsiness,,No subject identifier or documented video-to-driver mapping in path or filename.,29.92,300,300,10.026738,720,1280,True,,train
d_939,data/raw/SUST Driver Drowsiness Dataset/drowsiness/d_939.mp4,.mp4,drowsy,directory:drowsiness,,No subject identifier or documented video-to-driver mapping in path or filename.,29.92,300,300,10.026738,720,1280,True,,train
d_94,data/raw/SUST Driver Drowsiness Dataset/drowsiness/d_94.mp4,.mp4,drowsy,directory:drowsiness,,No subject identifier or documented video-to-driver mapping in path or filename.,29.97,300,300,10.01001,720,1280,True,,train
d_941,data/raw/SUST Driver Drowsiness Dataset/drowsiness/d_941.mp4,.mp4,drowsy,directory:drowsiness,,No subject identifier or documented video-to-driver mapping in path or filename.,29.92,300,300,10.026738,720,1280,True,,train
d_942,data/raw/SUST Driver Drowsiness Dataset/drowsiness/d_942.mp4,.mp4,drowsy,directory:drowsiness,,No subject identifier or documented video-to-driver mapping in path or filename.,29.92,300,300,10.026738,720,1280,True,,train
d_943,data/raw/SUST Driver Drowsiness Dataset/drowsiness/d_943.mp4,.mp4,drowsy,directory:drowsiness,,No subject identifier or documented video-to-driver mapping in path or filename.,29.92,300,300,10.026738,720,1280,True,,train
d_944,data/raw/SUST Driver Drowsiness Dataset/drowsiness/d_944.mp4,.mp4,drowsy,directory:drowsiness,,No subject identifier or documented video-to-driver mapping in path or filename.,29.92,300,300,10.026738,720,1280,True,,train
d_945,data/raw/SUST Driver Drowsiness Dataset/drowsiness/d_945.mp4,.mp4,drowsy,directory:drowsiness,,No subject identifier or documented video-to-driver mapping in path or filename.,29.92,300,300,10.026738,720,1280,True,,train
d_946,data/raw/SUST Driver Drowsiness Dataset/drowsiness/d_946.mp4,.mp4,drowsy,directory:drowsiness,,No subject identifier or documented video-to-driver mapping in path or filename.,29.92,300,300,10.026738,720,1280,True,,train
d_947,data/raw/SUST Driver Drowsiness Dataset/drowsiness/d_947.mp4,.mp4,drowsy,directory:drowsiness,,No subject identifier or documented video-to-driver mapping in path or filename.,29.92,300,300,10.026738,720,1280,True,,train
d_948,data/raw/SUST Driver Drowsiness Dataset/drowsiness/d_948.mp4,.mp4,drowsy,directory:drowsiness,,No subject identifier or documented video-to-driver mapping in path or filename.,29.92,300,300,10.026738,720,1280,True,,train
d_949,data/raw/SUST Driver Drowsiness Dataset/drowsiness/d_949.mp4,.mp4,drowsy,directory:drowsiness,,No subject identifier or documented video-to-driver mapping in path or filename.,29.92,300,300,10.026738,720,1280,True,,train
d_95,data/raw/SUST Driver Drowsiness Dataset/drowsiness/d_95.mp4,.mp4,drowsy,directory:drowsiness,,No subject identifier or documented video-to-driver mapping in path or filename.,29.97,300,300,10.01001,720,1280,True,,train
d_951,data/raw/SUST Driver Drowsiness Dataset/drowsiness/d_951.mp4,.mp4,drowsy,directory:drowsiness,,No subject identifier or documented video-to-driver mapping in path or filename.,29.92,300,300,10.026738,720,1280,True,,train
d_952,data/raw/SUST Driver Drowsiness Dataset/drowsiness/d_952.mp4,.mp4,drowsy,directory:drowsiness,,No subject identifier or documented video-to-driver mapping in path or filename.,29.92,300,300,10.026738,720,1280,True,,train
d_954,data/raw/SUST Driver Drowsiness Dataset/drowsiness/d_954.mp4,.mp4,drowsy,directory:drowsiness,,No subject identifier or documented video-to-driver mapping in path or filename.,29.92,300,300,10.026738,720,1280,True,,train
d_955,data/raw/SUST Driver Drowsiness Dataset/drowsiness/d_955.mp4,.mp4,drowsy,directory:drowsiness,,No subject identifier or documented video-to-driver mapping in path or filename.,29.92,300,300,10.026738,720,1280,True,,train
d_956,data/raw/SUST Driver Drowsiness Dataset/drowsiness/d_956.mp4,.mp4,drowsy,directory:drowsiness,,No subject identifier or documented video-to-driver mapping in path or filename.,60.0,600,600,10.0,720,1280,True,,train
d_957,data/raw/SUST Driver Drowsiness Dataset/drowsiness/d_957.mp4,.mp4,drowsy,directory:drowsiness,,No subject identifier or documented video-to-driver mapping in path or filename.,60.0,600,600,10.0,720,1280,True,,train
d_959,data/raw/SUST Driver Drowsiness Dataset/drowsiness/d_959.mp4,.mp4,drowsy,directory:drowsiness,,No subject identifier or documented video-to-driver mapping in path or filename.,60.0,600,600,10.0,720,1280,True,,train
d_96,data/raw/SUST Driver Drowsiness Dataset/drowsiness/d_96.mp4,.mp4,drowsy,directory:drowsiness,,No subject identifier or documented video-to-driver mapping in path or filename.,25.0,250,250,10.0,720,1280,True,,train
d_960,data/raw/SUST Driver Drowsiness Dataset/drowsiness/d_960.mp4,.mp4,drowsy,directory:drowsiness,,No subject identifier or documented video-to-driver mapping in path or filename.,60.0,600,600,10.0,720,1280,True,,train
d_961,data/raw/SUST Driver Drowsiness Dataset/drowsiness/d_961.mp4,.mp4,drowsy,directory:drowsiness,,No subject identifier or documented video-to-driver mapping in path or filename.,60.0,600,600,10.0,720,1280,True,,train
d_962,data/raw/SUST Driver Drowsiness Dataset/drowsiness/d_962.mp4,.mp4,drowsy,directory:drowsiness,,No subject identifier or documented video-to-driver mapping in path or filename.,60.0,600,600,10.0,720,1280,True,,train
d_963,data/raw/SUST Driver Drowsiness Dataset/drowsiness/d_963.mp4,.mp4,drowsy,directory:drowsiness,,No subject identifier or documented video-to-driver mapping in path or filename.,60.0,600,600,10.0,720,1280,True,,train
d_964,data/raw/SUST Driver Drowsiness Dataset/drowsiness/d_964.mp4,.mp4,drowsy,directory:drowsiness,,No subject identifier or documented video-to-driver mapping in path or filename.,60.0,600,600,10.0,720,1280,True,,train
d_967,data/raw/SUST Driver Drowsiness Dataset/drowsiness/d_967.mp4,.mp4,drowsy,directory:drowsiness,,No subject identifier or documented video-to-driver mapping in path or filename.,30.0,300,300,10.0,720,1280,True,,train
d_968,data/raw/SUST Driver Drowsiness Dataset/drowsiness/d_968.mp4,.mp4,drowsy,directory:drowsiness,,No subject identifier or documented video-to-driver mapping in path or filename.,30.0,300,300,10.0,720,1280,True,,train
d_97,data/raw/SUST Driver Drowsiness Dataset/drowsiness/d_97.mp4,.mp4,drowsy,directory:drowsiness,,No subject identifier or documented video-to-driver mapping in path or filename.,25.0,250,250,10.0,720,1280,True,,train
d_970,data/raw/SUST Driver Drowsiness Dataset/drowsiness/d_970.mp4,.mp4,drowsy,directory:drowsiness,,No subject identifier or documented video-to-driver mapping in path or filename.,30.0,300,300,10.0,720,1280,True,,train
d_971,data/raw/SUST Driver Drowsiness Dataset/drowsiness/d_971.mp4,.mp4,drowsy,directory:drowsiness,,No subject identifier or documented video-to-driver mapping in path or filename.,30.0,300,300,10.0,720,1280,True,,train
d_972,data/raw/SUST Driver Drowsiness Dataset/drowsiness/d_972.mp4,.mp4,drowsy,directory:drowsiness,,No subject identifier or documented video-to-driver mapping in path or filename.,30.0,300,300,10.0,720,1280,True,,train
d_973,data/raw/SUST Driver Drowsiness Dataset/drowsiness/d_973.mp4,.mp4,drowsy,directory:drowsiness,,No subject identifier or documented video-to-driver mapping in path or filename.,30.0,300,300,10.0,720,1280,True,,train
d_974,data/raw/SUST Driver Drowsiness Dataset/drowsiness/d_974.mp4,.mp4,drowsy,directory:drowsiness,,No subject identifier or documented video-to-driver mapping in path or filename.,30.0,300,300,10.0,720,1280,True,,train
d_975,data/raw/SUST Driver Drowsiness Dataset/drowsiness/d_975.mp4,.mp4,drowsy,directory:drowsiness,,No subject identifier or documented video-to-driver mapping in path or filename.,30.0,300,300,10.0,720,1280,True,,train
d_98,data/raw/SUST Driver Drowsiness Dataset/drowsiness/d_98.mp4,.mp4,drowsy,directory:drowsiness,,No subject identifier or documented video-to-driver mapping in path or filename.,25.0,250,250,10.0,720,1280,True,,train
d_99,data/raw/SUST Driver Drowsiness Dataset/drowsiness/d_99.mp4,.mp4,drowsy,directory:drowsiness,,No subject identifier or documented video-to-driver mapping in path or filename.,25.0,250,250,10.0,720,1280,True,,train
n_1,data/raw/SUST Driver Drowsiness Dataset/not drowsiness/n_1.mp4,.mp4,not_drowsy,directory:not drowsiness,,No subject identifier or documented video-to-driver mapping in path or filename.,30.0,300,300,10.0,720,1280,True,,train
n_10,data/raw/SUST Driver Drowsiness Dataset/not drowsiness/n_10.mp4,.mp4,not_drowsy,directory:not drowsiness,,No subject identifier or documented video-to-driver mapping in path or filename.,30.0,300,300,10.0,720,1280,True,,train
n_100,data/raw/SUST Driver Drowsiness Dataset/not drowsiness/n_100.mp4,.mp4,not_drowsy,directory:not drowsiness,,No subject identifier or documented video-to-driver mapping in path or filename.,30.0,300,300,10.0,720,1280,True,,train
n_1001,data/raw/SUST Driver Drowsiness Dataset/not drowsiness/n_1001.mp4,.mp4,not_drowsy,directory:not drowsiness,,No subject identifier or documented video-to-driver mapping in path or filename.,29.92,300,300,10.026738,720,1280,True,,train
n_1003,data/raw/SUST Driver Drowsiness Dataset/not drowsiness/n_1003.mp4,.mp4,not_drowsy,directory:not drowsiness,,No subject identifier or documented video-to-driver mapping in path or filename.,60.0,600,600,10.0,720,1280,True,,train
n_1006,data/raw/SUST Driver Drowsiness Dataset/not drowsiness/n_1006.mp4,.mp4,not_drowsy,directory:not drowsiness,,No subject identifier or documented video-to-driver mapping in path or filename.,60.0,600,600,10.0,720,1280,True,,train
n_1007,data/raw/SUST Driver Drowsiness Dataset/not drowsiness/n_1007.mp4,.mp4,not_drowsy,directory:not drowsiness,,No subject identifier or documented video-to-driver mapping in path or filename.,60.0,600,600,10.0,720,1280,True,,train
n_1008,data/raw/SUST Driver Drowsiness Dataset/not drowsiness/n_1008.mp4,.mp4,not_drowsy,directory:not drowsiness,,No subject identifier or documented video-to-driver mapping in path or filename.,60.0,600,600,10.0,720,1280,True,,train
n_1009,data/raw/SUST Driver Drowsiness Dataset/not drowsiness/n_1009.mp4,.mp4,not_drowsy,directory:not drowsiness,,No subject identifier or documented video-to-driver mapping in path or filename.,60.0,600,600,10.0,720,1280,True,,train
n_101,data/raw/SUST Driver Drowsiness Dataset/not drowsiness/n_101.mp4,.mp4,not_drowsy,directory:not drowsiness,,No subject identifier or documented video-to-driver mapping in path or filename.,30.0,300,300,10.0,720,1280,True,,train
n_1010,data/raw/SUST Driver Drowsiness Dataset/not drowsiness/n_1010.mp4,.mp4,not_drowsy,directory:not drowsiness,,No subject identifier or documented video-to-driver mapping in path or filename.,60.0,600,600,10.0,720,1280,True,,train
n_1012,data/raw/SUST Driver Drowsiness Dataset/not drowsiness/n_1012.mp4,.mp4,not_drowsy,directory:not drowsiness,,No subject identifier or documented video-to-driver mapping in path or filename.,60.0,600,600,10.0,720,1280,True,,train
n_1013,data/raw/SUST Driver Drowsiness Dataset/not drowsiness/n_1013.mp4,.mp4,not_drowsy,directory:not drowsiness,,No subject identifier or documented video-to-driver mapping in path or filename.,60.0,600,600,10.0,720,1280,True,,train
n_1016,data/raw/SUST Driver Drowsiness Dataset/not drowsiness/n_1016.mp4,.mp4,not_drowsy,directory:not drowsiness,,No subject identifier or documented video-to-driver mapping in path or filename.,60.0,600,600,10.0,720,1280,True,,train
n_1018,data/raw/SUST Driver Drowsiness Dataset/not drowsiness/n_1018.mp4,.mp4,not_drowsy,directory:not drowsiness,,No subject identifier or documented video-to-driver mapping in path or filename.,60.0,600,600,10.0,720,1280,True,,train
n_1019,data/raw/SUST Driver Drowsiness Dataset/not drowsiness/n_1019.mp4,.mp4,not_drowsy,directory:not drowsiness,,No subject identifier or documented video-to-driver mapping in path or filename.,60.0,600,600,10.0,720,1280,True,,train
n_102,data/raw/SUST Driver Drowsiness Dataset/not drowsiness/n_102.mp4,.mp4,not_drowsy,directory:not drowsiness,,No subject identifier or documented video-to-driver mapping in path or filename.,30.0,300,300,10.0,720,1280,True,,train
n_1020,data/raw/SUST Driver Drowsiness Dataset/not drowsiness/n_1020.mp4,.mp4,not_drowsy,directory:not drowsiness,,No subject identifier or documented video-to-driver mapping in path or filename.,60.0,600,600,10.0,720,1280,True,,train
n_1022,data/raw/SUST Driver Drowsiness Dataset/not drowsiness/n_1022.mp4,.mp4,not_drowsy,directory:not drowsiness,,No subject identifier or documented video-to-driver mapping in path or filename.,60.0,600,600,10.0,720,1280,True,,train
n_1023,data/raw/SUST Driver Drowsiness Dataset/not drowsiness/n_1023.mp4,.mp4,not_drowsy,directory:not drowsiness,,No subject identifier or documented video-to-driver mapping in path or filename.,60.0,600,600,10.0,720,1280,True,,train
n_1024,data/raw/SUST Driver Drowsiness Dataset/not drowsiness/n_1024.mp4,.mp4,not_drowsy,directory:not drowsiness,,No subject identifier or documented video-to-driver mapping in path or filename.,60.0,600,600,10.0,720,1280,True,,train
n_1028,data/raw/SUST Driver Drowsiness Dataset/not drowsiness/n_1028.mp4,.mp4,not_drowsy,directory:not drowsiness,,No subject identifier or documented video-to-driver mapping in path or filename.,60.0,600,600,10.0,720,1280,True,,train
n_1029,data/raw/SUST Driver Drowsiness Dataset/not drowsiness/n_1029.mp4,.mp4,not_drowsy,directory:not drowsiness,,No subject identifier or documented video-to-driver mapping in path or filename.,60.0,600,600,10.0,720,1280,True,,train
n_1030,data/raw/SUST Driver Drowsiness Dataset/not drowsiness/n_1030.mp4,.mp4,not_drowsy,directory:not drowsiness,,No subject identifier or documented video-to-driver mapping in path or filename.,60.0,600,600,10.0,720,1280,True,,train
n_1032,data/raw/SUST Driver Drowsiness Dataset/not drowsiness/n_1032.mp4,.mp4,not_drowsy,directory:not drowsiness,,No subject identifier or documented video-to-driver mapping in path or filename.,60.0,600,600,10.0,720,1280,True,,train
n_1033,data/raw/SUST Driver Drowsiness Dataset/not drowsiness/n_1033.mp4,.mp4,not_drowsy,directory:not drowsiness,,No subject identifier or documented video-to-driver mapping in path or filename.,60.0,600,600,10.0,720,1280,True,,train
n_1034,data/raw/SUST Driver Drowsiness Dataset/not drowsiness/n_1034.mp4,.mp4,not_drowsy,directory:not drowsiness,,No subject identifier or documented video-to-driver mapping in path or filename.,60.0,600,600,10.0,720,1280,True,,train
n_1035,data/raw/SUST Driver Drowsiness Dataset/not drowsiness/n_1035.mp4,.mp4,not_drowsy,directory:not drowsiness,,No subject identifier or documented video-to-driver mapping in path or filename.,60.0,600,600,10.0,720,1280,True,,train
n_1036,data/raw/SUST Driver Drowsiness Dataset/not drowsiness/n_1036.mp4,.mp4,not_drowsy,directory:not drowsiness,,No subject identifier or documented video-to-driver mapping in path or filename.,60.0,600,600,10.0,720,1280,True,,train
n_1037,data/raw/SUST Driver Drowsiness Dataset/not drowsiness/n_1037.mp4,.mp4,not_drowsy,directory:not drowsiness,,No subject identifier or documented video-to-driver mapping in path or filename.,60.0,600,600,10.0,720,1280,True,,train
n_1038,data/raw/SUST Driver Drowsiness Dataset/not drowsiness/n_1038.mp4,.mp4,not_drowsy,directory:not drowsiness,,No subject identifier or documented video-to-driver mapping in path or filename.,60.0,600,600,10.0,720,1280,True,,train
n_1039,data/raw/SUST Driver Drowsiness Dataset/not drowsiness/n_1039.mp4,.mp4,not_drowsy,directory:not drowsiness,,No subject identifier or documented video-to-driver mapping in path or filename.,60.0,600,600,10.0,720,1280,True,,train
n_104,data/raw/SUST Driver Drowsiness Dataset/not drowsiness/n_104.mp4,.mp4,not_drowsy,directory:not drowsiness,,No subject identifier or documented video-to-driver mapping in path or filename.,30.0,300,300,10.0,720,1280,True,,train
n_1040,data/raw/SUST Driver Drowsiness Dataset/not drowsiness/n_1040.mp4,.mp4,not_drowsy,directory:not drowsiness,,No subject identifier or documented video-to-driver mapping in path or filename.,60.0,600,600,10.0,720,1280,True,,train
n_1041,data/raw/SUST Driver Drowsiness Dataset/not drowsiness/n_1041.mp4,.mp4,not_drowsy,directory:not drowsiness,,No subject identifier or documented video-to-driver mapping in path or filename.,60.0,600,600,10.0,720,1280,True,,train
n_1042,data/raw/SUST Driver Drowsiness Dataset/not drowsiness/n_1042.mp4,.mp4,not_drowsy,directory:not drowsiness,,No subject identifier or documented video-to-driver mapping in path or filename.,60.0,600,600,10.0,720,1280,True,,train
n_1043,data/raw/SUST Driver Drowsiness Dataset/not drowsiness/n_1043.mp4,.mp4,not_drowsy,directory:not drowsiness,,No subject identifier or documented video-to-driver mapping in path or filename.,60.0,600,600,10.0,720,1280,True,,train
n_1044,data/raw/SUST Driver Drowsiness Dataset/not drowsiness/n_1044.mp4,.mp4,not_drowsy,directory:not drowsiness,,No subject identifier or documented video-to-driver mapping in path or filename.,60.0,600,600,10.0,720,1280,True,,train
n_1045,data/raw/SUST Driver Drowsiness Dataset/not drowsiness/n_1045.mp4,.mp4,not_drowsy,directory:not drowsiness,,No subject identifier or documented video-to-driver mapping in path or filename.,60.0,600,600,10.0,720,1280,True,,train
n_1046,data/raw/SUST Driver Drowsiness Dataset/not drowsiness/n_1046.mp4,.mp4,not_drowsy,directory:not drowsiness,,No subject identifier or documented video-to-driver mapping in path or filename.,60.0,600,600,10.0,720,1280,True,,train
n_1047,data/raw/SUST Driver Drowsiness Dataset/not drowsiness/n_1047.mp4,.mp4,not_drowsy,directory:not drowsiness,,No subject identifier or documented video-to-driver mapping in path or filename.,60.0,600,600,10.0,720,1280,True,,train
n_1048,data/raw/SUST Driver Drowsiness Dataset/not drowsiness/n_1048.mp4,.mp4,not_drowsy,directory:not drowsiness,,No subject identifier or documented video-to-driver mapping in path or filename.,60.0,600,600,10.0,720,1280,True,,train
n_1049,data/raw/SUST Driver Drowsiness Dataset/not drowsiness/n_1049.mp4,.mp4,not_drowsy,directory:not drowsiness,,No subject identifier or documented video-to-driver mapping in path or filename.,60.0,600,600,10.0,720,1280,True,,train
n_105,data/raw/SUST Driver Drowsiness Dataset/not drowsiness/n_105.mp4,.mp4,not_drowsy,directory:not drowsiness,,No subject identifier or documented video-to-driver mapping in path or filename.,30.0,300,300,10.0,720,1280,True,,train
n_1050,data/raw/SUST Driver Drowsiness Dataset/not drowsiness/n_1050.mp4,.mp4,not_drowsy,directory:not drowsiness,,No subject identifier or documented video-to-driver mapping in path or filename.,60.0,600,600,10.0,720,1280,True,,train
n_1051,data/raw/SUST Driver Drowsiness Dataset/not drowsiness/n_1051.mp4,.mp4,not_drowsy,directory:not drowsiness,,No subject identifier or documented video-to-driver mapping in path or filename.,60.0,600,600,10.0,720,1280,True,,train
n_1052,data/raw/SUST Driver Drowsiness Dataset/not drowsiness/n_1052.mp4,.mp4,not_drowsy,directory:not drowsiness,,No subject identifier or documented video-to-driver mapping in path or filename.,60.0,600,600,10.0,720,1280,True,,train
n_1053,data/raw/SUST Driver Drowsiness Dataset/not drowsiness/n_1053.mp4,.mp4,not_drowsy,directory:not drowsiness,,No subject identifier or documented video-to-driver mapping in path or filename.,60.0,600,600,10.0,720,1280,True,,train
n_1054,data/raw/SUST Driver Drowsiness Dataset/not drowsiness/n_1054.mp4,.mp4,not_drowsy,directory:not drowsiness,,No subject identifier or documented video-to-driver mapping in path or filename.,30.0,300,300,10.0,720,1280,True,,train
n_1055,data/raw/SUST Driver Drowsiness Dataset/not drowsiness/n_1055.mp4,.mp4,not_drowsy,directory:not drowsiness,,No subject identifier or documented video-to-driver mapping in path or filename.,30.0,300,300,10.0,720,1280,True,,train
n_1056,data/raw/SUST Driver Drowsiness Dataset/not drowsiness/n_1056.mp4,.mp4,not_drowsy,directory:not drowsiness,,No subject identifier or documented video-to-driver mapping in path or filename.,30.0,300,300,10.0,720,1280,True,,train
n_1057,data/raw/SUST Driver Drowsiness Dataset/not drowsiness/n_1057.mp4,.mp4,not_drowsy,directory:not drowsiness,,No subject identifier or documented video-to-driver mapping in path or filename.,30.0,300,300,10.0,720,1280,True,,train
n_1059,data/raw/SUST Driver Drowsiness Dataset/not drowsiness/n_1059.mp4,.mp4,not_drowsy,directory:not drowsiness,,No subject identifier or documented video-to-driver mapping in path or filename.,30.0,300,300,10.0,720,1280,True,,train
n_1061,data/raw/SUST Driver Drowsiness Dataset/not drowsiness/n_1061.mp4,.mp4,not_drowsy,directory:not drowsiness,,No subject identifier or documented video-to-driver mapping in path or filename.,30.0,300,300,10.0,720,1280,True,,train
n_1062,data/raw/SUST Driver Drowsiness Dataset/not drowsiness/n_1062.mp4,.mp4,not_drowsy,directory:not drowsiness,,No subject identifier or documented video-to-driver mapping in path or filename.,30.0,300,300,10.0,720,1280,True,,train
n_1064,data/raw/SUST Driver Drowsiness Dataset/not drowsiness/n_1064.mp4,.mp4,not_drowsy,directory:not drowsiness,,No subject identifier or documented video-to-driver mapping in path or filename.,30.0,300,300,10.0,720,1280,True,,train
n_1065,data/raw/SUST Driver Drowsiness Dataset/not drowsiness/n_1065.mp4,.mp4,not_drowsy,directory:not drowsiness,,No subject identifier or documented video-to-driver mapping in path or filename.,30.0,300,300,10.0,720,1280,True,,train
n_1066,data/raw/SUST Driver Drowsiness Dataset/not drowsiness/n_1066.mp4,.mp4,not_drowsy,directory:not drowsiness,,No subject identifier or documented video-to-driver mapping in path or filename.,30.0,300,300,10.0,720,1280,True,,train
n_1069,data/raw/SUST Driver Drowsiness Dataset/not drowsiness/n_1069.mp4,.mp4,not_drowsy,directory:not drowsiness,,No subject identifier or documented video-to-driver mapping in path or filename.,30.0,300,300,10.0,720,1280,True,,train
n_1070,data/raw/SUST Driver Drowsiness Dataset/not drowsiness/n_1070.mp4,.mp4,not_drowsy,directory:not drowsiness,,No subject identifier or documented video-to-driver mapping in path or filename.,30.0,300,300,10.0,720,1280,True,,train
n_1071,data/raw/SUST Driver Drowsiness Dataset/not drowsiness/n_1071.mp4,.mp4,not_drowsy,directory:not drowsiness,,No subject identifier or documented video-to-driver mapping in path or filename.,30.0,300,300,10.0,720,1280,True,,train
n_1074,data/raw/SUST Driver Drowsiness Dataset/not drowsiness/n_1074.mp4,.mp4,not_drowsy,directory:not drowsiness,,No subject identifier or documented video-to-driver mapping in path or filename.,30.0,300,300,10.0,720,1280,True,,train
n_1075,data/raw/SUST Driver Drowsiness Dataset/not drowsiness/n_1075.mp4,.mp4,not_drowsy,directory:not drowsiness,,No subject identifier or documented video-to-driver mapping in path or filename.,30.0,300,300,10.0,720,1280,True,,train
n_1076,data/raw/SUST Driver Drowsiness Dataset/not drowsiness/n_1076.mp4,.mp4,not_drowsy,directory:not drowsiness,,No subject identifier or documented video-to-driver mapping in path or filename.,30.0,300,300,10.0,720,1280,True,,train
n_1077,data/raw/SUST Driver Drowsiness Dataset/not drowsiness/n_1077.mp4,.mp4,not_drowsy,directory:not drowsiness,,No subject identifier or documented video-to-driver mapping in path or filename.,30.0,300,300,10.0,720,1280,True,,train
n_1078,data/raw/SUST Driver Drowsiness Dataset/not drowsiness/n_1078.mp4,.mp4,not_drowsy,directory:not drowsiness,,No subject identifier or documented video-to-driver mapping in path or filename.,30.0,300,300,10.0,720,1280,True,,train
n_1079,data/raw/SUST Driver Drowsiness Dataset/not drowsiness/n_1079.mp4,.mp4,not_drowsy,directory:not drowsiness,,No subject identifier or documented video-to-driver mapping in path or filename.,30.0,300,300,10.0,720,1280,True,,train
n_108,data/raw/SUST Driver Drowsiness Dataset/not drowsiness/n_108.mp4,.mp4,not_drowsy,directory:not drowsiness,,No subject identifier or documented video-to-driver mapping in path or filename.,30.0,300,300,10.0,720,1280,True,,train
n_1080,data/raw/SUST Driver Drowsiness Dataset/not drowsiness/n_1080.mp4,.mp4,not_drowsy,directory:not drowsiness,,No subject identifier or documented video-to-driver mapping in path or filename.,30.0,300,300,10.0,720,1280,True,,train
n_1082,data/raw/SUST Driver Drowsiness Dataset/not drowsiness/n_1082.mp4,.mp4,not_drowsy,directory:not drowsiness,,No subject identifier or documented video-to-driver mapping in path or filename.,30.0,300,300,10.0,720,1280,True,,train
n_1083,data/raw/SUST Driver Drowsiness Dataset/not drowsiness/n_1083.mp4,.mp4,not_drowsy,directory:not drowsiness,,No subject identifier or documented video-to-driver mapping in path or filename.,30.0,300,300,10.0,720,1280,True,,train
n_1084,data/raw/SUST Driver Drowsiness Dataset/not drowsiness/n_1084.mp4,.mp4,not_drowsy,directory:not drowsiness,,No subject identifier or documented video-to-driver mapping in path or filename.,30.0,300,300,10.0,720,1280,True,,train
n_1085,data/raw/SUST Driver Drowsiness Dataset/not drowsiness/n_1085.mp4,.mp4,not_drowsy,directory:not drowsiness,,No subject identifier or documented video-to-driver mapping in path or filename.,30.0,300,300,10.0,720,1280,True,,train
n_1087,data/raw/SUST Driver Drowsiness Dataset/not drowsiness/n_1087.mp4,.mp4,not_drowsy,directory:not drowsiness,,No subject identifier or documented video-to-driver mapping in path or filename.,30.0,300,300,10.0,720,1280,True,,train
n_1088,data/raw/SUST Driver Drowsiness Dataset/not drowsiness/n_1088.mp4,.mp4,not_drowsy,directory:not drowsiness,,No subject identifier or documented video-to-driver mapping in path or filename.,30.0,300,300,10.0,720,1280,True,,train
n_109,data/raw/SUST Driver Drowsiness Dataset/not drowsiness/n_109.mp4,.mp4,not_drowsy,directory:not drowsiness,,No subject identifier or documented video-to-driver mapping in path or filename.,30.0,300,300,10.0,720,1280,True,,train
n_1090,data/raw/SUST Driver Drowsiness Dataset/not drowsiness/n_1090.mp4,.mp4,not_drowsy,directory:not drowsiness,,No subject identifier or documented video-to-driver mapping in path or filename.,30.0,300,300,10.0,720,1280,True,,train
n_1091,data/raw/SUST Driver Drowsiness Dataset/not drowsiness/n_1091.mp4,.mp4,not_drowsy,directory:not drowsiness,,No subject identifier or documented video-to-driver mapping in path or filename.,30.0,300,300,10.0,720,1280,True,,train
n_1093,data/raw/SUST Driver Drowsiness Dataset/not drowsiness/n_1093.mp4,.mp4,not_drowsy,directory:not drowsiness,,No subject identifier or documented video-to-driver mapping in path or filename.,30.0,300,300,10.0,720,1280,True,,train
n_1096,data/raw/SUST Driver Drowsiness Dataset/not drowsiness/n_1096.mp4,.mp4,not_drowsy,directory:not drowsiness,,No subject identifier or documented video-to-driver mapping in path or filename.,30.0,300,300,10.0,720,1280,True,,train
n_1097,data/raw/SUST Driver Drowsiness Dataset/not drowsiness/n_1097.mp4,.mp4,not_drowsy,directory:not drowsiness,,No subject identifier or documented video-to-driver mapping in path or filename.,30.0,300,300,10.0,720,1280,True,,train
n_1098,data/raw/SUST Driver Drowsiness Dataset/not drowsiness/n_1098.mp4,.mp4,not_drowsy,directory:not drowsiness,,No subject identifier or documented video-to-driver mapping in path or filename.,30.0,300,300,10.0,720,1280,True,,train
n_1099,data/raw/SUST Driver Drowsiness Dataset/not drowsiness/n_1099.mp4,.mp4,not_drowsy,directory:not drowsiness,,No subject identifier or documented video-to-driver mapping in path or filename.,30.0,300,300,10.0,720,1280,True,,train
n_11,data/raw/SUST Driver Drowsiness Dataset/not drowsiness/n_11.mp4,.mp4,not_drowsy,directory:not drowsiness,,No subject identifier or documented video-to-driver mapping in path or filename.,30.0,300,300,10.0,720,1280,True,,train
n_110,data/raw/SUST Driver Drowsiness Dataset/not drowsiness/n_110.mp4,.mp4,not_drowsy,directory:not drowsiness,,No subject identifier or documented video-to-driver mapping in path or filename.,30.0,300,300,10.0,720,1280,True,,train
n_111,data/raw/SUST Driver Drowsiness Dataset/not drowsiness/n_111.mp4,.mp4,not_drowsy,directory:not drowsiness,,No subject identifier or documented video-to-driver mapping in path or filename.,30.0,300,300,10.0,720,1280,True,,train
n_113,data/raw/SUST Driver Drowsiness Dataset/not drowsiness/n_113.mp4,.mp4,not_drowsy,directory:not drowsiness,,No subject identifier or documented video-to-driver mapping in path or filename.,30.0,300,300,10.0,720,1280,True,,train
n_115,data/raw/SUST Driver Drowsiness Dataset/not drowsiness/n_115.mp4,.mp4,not_drowsy,directory:not drowsiness,,No subject identifier or documented video-to-driver mapping in path or filename.,30.0,300,300,10.0,720,1280,True,,train
n_116,data/raw/SUST Driver Drowsiness Dataset/not drowsiness/n_116.mp4,.mp4,not_drowsy,directory:not drowsiness,,No subject identifier or documented video-to-driver mapping in path or filename.,30.0,300,300,10.0,720,1280,True,,train
n_117,data/raw/SUST Driver Drowsiness Dataset/not drowsiness/n_117.mp4,.mp4,not_drowsy,directory:not drowsiness,,No subject identifier or documented video-to-driver mapping in path or filename.,30.0,300,300,10.0,720,1280,True,,train
n_118,data/raw/SUST Driver Drowsiness Dataset/not drowsiness/n_118.mp4,.mp4,not_drowsy,directory:not drowsiness,,No subject identifier or documented video-to-driver mapping in path or filename.,30.0,300,300,10.0,720,1280,True,,train
n_121,data/raw/SUST Driver Drowsiness Dataset/not drowsiness/n_121.mp4,.mp4,not_drowsy,directory:not drowsiness,,No subject identifier or documented video-to-driver mapping in path or filename.,30.0,300,300,10.0,720,1280,True,,train
n_122,data/raw/SUST Driver Drowsiness Dataset/not drowsiness/n_122.mp4,.mp4,not_drowsy,directory:not drowsiness,,No subject identifier or documented video-to-driver mapping in path or filename.,30.0,300,300,10.0,720,1280,True,,train
n_123,data/raw/SUST Driver Drowsiness Dataset/not drowsiness/n_123.mp4,.mp4,not_drowsy,directory:not drowsiness,,No subject identifier or documented video-to-driver mapping in path or filename.,30.0,300,300,10.0,720,1280,True,,train
n_124,data/raw/SUST Driver Drowsiness Dataset/not drowsiness/n_124.mp4,.mp4,not_drowsy,directory:not drowsiness,,No subject identifier or documented video-to-driver mapping in path or filename.,30.0,300,300,10.0,720,1280,True,,train
n_125,data/raw/SUST Driver Drowsiness Dataset/not drowsiness/n_125.mp4,.mp4,not_drowsy,directory:not drowsiness,,No subject identifier or documented video-to-driver mapping in path or filename.,30.0,300,300,10.0,720,1280,True,,train
n_127,data/raw/SUST Driver Drowsiness Dataset/not drowsiness/n_127.mp4,.mp4,not_drowsy,directory:not drowsiness,,No subject identifier or documented video-to-driver mapping in path or filename.,30.0,300,300,10.0,720,1280,True,,train
n_128,data/raw/SUST Driver Drowsiness Dataset/not drowsiness/n_128.mp4,.mp4,not_drowsy,directory:not drowsiness,,No subject identifier or documented video-to-driver mapping in path or filename.,30.0,300,300,10.0,720,1280,True,,train
n_13,data/raw/SUST Driver Drowsiness Dataset/not drowsiness/n_13.mp4,.mp4,not_drowsy,directory:not drowsiness,,No subject identifier or documented video-to-driver mapping in path or filename.,30.0,300,300,10.0,720,1280,True,,train
n_131,data/raw/SUST Driver Drowsiness Dataset/not drowsiness/n_131.mp4,.mp4,not_drowsy,directory:not drowsiness,,No subject identifier or documented video-to-driver mapping in path or filename.,30.0,300,300,10.0,720,1280,True,,train
n_133,data/raw/SUST Driver Drowsiness Dataset/not drowsiness/n_133.mp4,.mp4,not_drowsy,directory:not drowsiness,,No subject identifier or documented video-to-driver mapping in path or filename.,30.0,300,300,10.0,720,1280,True,,train
n_135,data/raw/SUST Driver Drowsiness Dataset/not drowsiness/n_135.mp4,.mp4,not_drowsy,directory:not drowsiness,,No subject identifier or documented video-to-driver mapping in path or filename.,30.0,300,300,10.0,720,1280,True,,train
n_136,data/raw/SUST Driver Drowsiness Dataset/not drowsiness/n_136.mp4,.mp4,not_drowsy,directory:not drowsiness,,No subject identifier or documented video-to-driver mapping in path or filename.,29.97,300,300,10.01001,720,1280,True,,train
n_138,data/raw/SUST Driver Drowsiness Dataset/not drowsiness/n_138.mp4,.mp4,not_drowsy,directory:not drowsiness,,No subject identifier or documented video-to-driver mapping in path or filename.,29.97,300,300,10.01001,720,1280,True,,train
n_14,data/raw/SUST Driver Drowsiness Dataset/not drowsiness/n_14.mp4,.mp4,not_drowsy,directory:not drowsiness,,No subject identifier or documented video-to-driver mapping in path or filename.,30.0,300,300,10.0,720,1280,True,,train
n_141,data/raw/SUST Driver Drowsiness Dataset/not drowsiness/n_141.mp4,.mp4,not_drowsy,directory:not drowsiness,,No subject identifier or documented video-to-driver mapping in path or filename.,29.97,300,300,10.01001,720,1280,True,,train
n_142,data/raw/SUST Driver Drowsiness Dataset/not drowsiness/n_142.mp4,.mp4,not_drowsy,directory:not drowsiness,,No subject identifier or documented video-to-driver mapping in path or filename.,29.97,300,300,10.01001,720,1280,True,,train
n_145,data/raw/SUST Driver Drowsiness Dataset/not drowsiness/n_145.mp4,.mp4,not_drowsy,directory:not drowsiness,,No subject identifier or documented video-to-driver mapping in path or filename.,29.97,300,300,10.01001,720,1280,True,,train
n_146,data/raw/SUST Driver Drowsiness Dataset/not drowsiness/n_146.mp4,.mp4,not_drowsy,directory:not drowsiness,,No subject identifier or documented video-to-driver mapping in path or filename.,25.0,250,250,10.0,720,1280,True,,train
n_148,data/raw/SUST Driver Drowsiness Dataset/not drowsiness/n_148.mp4,.mp4,not_drowsy,directory:not drowsiness,,No subject identifier or documented video-to-driver mapping in path or filename.,25.0,250,250,10.0,720,1280,True,,train
n_149,data/raw/SUST Driver Drowsiness Dataset/not drowsiness/n_149.mp4,.mp4,not_drowsy,directory:not drowsiness,,No subject identifier or documented video-to-driver mapping in path or filename.,25.0,250,250,10.0,720,1280,True,,train
n_150,data/raw/SUST Driver Drowsiness Dataset/not drowsiness/n_150.mp4,.mp4,not_drowsy,directory:not drowsiness,,No subject identifier or documented video-to-driver mapping in path or filename.,25.0,250,250,10.0,720,1280,True,,train
n_152,data/raw/SUST Driver Drowsiness Dataset/not drowsiness/n_152.mp4,.mp4,not_drowsy,directory:not drowsiness,,No subject identifier or documented video-to-driver mapping in path or filename.,25.0,250,250,10.0,720,1280,True,,train
n_153,data/raw/SUST Driver Drowsiness Dataset/not drowsiness/n_153.mp4,.mp4,not_drowsy,directory:not drowsiness,,No subject identifier or documented video-to-driver mapping in path or filename.,25.0,250,250,10.0,720,1280,True,,train
n_154,data/raw/SUST Driver Drowsiness Dataset/not drowsiness/n_154.mp4,.mp4,not_drowsy,directory:not drowsiness,,No subject identifier or documented video-to-driver mapping in path or filename.,25.0,250,250,10.0,720,1280,True,,train
n_155,data/raw/SUST Driver Drowsiness Dataset/not drowsiness/n_155.mp4,.mp4,not_drowsy,directory:not drowsiness,,No subject identifier or documented video-to-driver mapping in path or filename.,25.0,250,250,10.0,720,1280,True,,train
n_156,data/raw/SUST Driver Drowsiness Dataset/not drowsiness/n_156.mp4,.mp4,not_drowsy,directory:not drowsiness,,No subject identifier or documented video-to-driver mapping in path or filename.,25.0,250,250,10.0,720,1280,True,,train
n_158,data/raw/SUST Driver Drowsiness Dataset/not drowsiness/n_158.mp4,.mp4,not_drowsy,directory:not drowsiness,,No subject identifier or documented video-to-driver mapping in path or filename.,25.0,250,250,10.0,720,1280,True,,train
n_162,data/raw/SUST Driver Drowsiness Dataset/not drowsiness/n_162.mp4,.mp4,not_drowsy,directory:not drowsiness,,No subject identifier or documented video-to-driver mapping in path or filename.,25.0,250,250,10.0,720,1280,True,,train
n_164,data/raw/SUST Driver Drowsiness Dataset/not drowsiness/n_164.mp4,.mp4,not_drowsy,directory:not drowsiness,,No subject identifier or documented video-to-driver mapping in path or filename.,25.0,250,250,10.0,720,1280,True,,train
n_165,data/raw/SUST Driver Drowsiness Dataset/not drowsiness/n_165.mp4,.mp4,not_drowsy,directory:not drowsiness,,No subject identifier or documented video-to-driver mapping in path or filename.,25.0,250,250,10.0,720,1280,True,,train
n_166,data/raw/SUST Driver Drowsiness Dataset/not drowsiness/n_166.mp4,.mp4,not_drowsy,directory:not drowsiness,,No subject identifier or documented video-to-driver mapping in path or filename.,25.0,250,250,10.0,720,1280,True,,train
n_167,data/raw/SUST Driver Drowsiness Dataset/not drowsiness/n_167.mp4,.mp4,not_drowsy,directory:not drowsiness,,No subject identifier or documented video-to-driver mapping in path or filename.,25.0,250,250,10.0,720,1280,True,,train
n_168,data/raw/SUST Driver Drowsiness Dataset/not drowsiness/n_168.mp4,.mp4,not_drowsy,directory:not drowsiness,,No subject identifier or documented video-to-driver mapping in path or filename.,25.0,250,250,10.0,720,1280,True,,train
n_17,data/raw/SUST Driver Drowsiness Dataset/not drowsiness/n_17.mp4,.mp4,not_drowsy,directory:not drowsiness,,No subject identifier or documented video-to-driver mapping in path or filename.,30.0,300,300,10.0,720,1280,True,,train
n_170,data/raw/SUST Driver Drowsiness Dataset/not drowsiness/n_170.mp4,.mp4,not_drowsy,directory:not drowsiness,,No subject identifier or documented video-to-driver mapping in path or filename.,25.0,250,250,10.0,720,1280,True,,train
n_174,data/raw/SUST Driver Drowsiness Dataset/not drowsiness/n_174.mp4,.mp4,not_drowsy,directory:not drowsiness,,No subject identifier or documented video-to-driver mapping in path or filename.,25.0,250,250,10.0,720,1280,True,,train
n_175,data/raw/SUST Driver Drowsiness Dataset/not drowsiness/n_175.mp4,.mp4,not_drowsy,directory:not drowsiness,,No subject identifier or documented video-to-driver mapping in path or filename.,25.0,250,250,10.0,720,1280,True,,train
n_176,data/raw/SUST Driver Drowsiness Dataset/not drowsiness/n_176.mp4,.mp4,not_drowsy,directory:not drowsiness,,No subject identifier or documented video-to-driver mapping in path or filename.,25.0,250,250,10.0,720,1280,True,,train
n_178,data/raw/SUST Driver Drowsiness Dataset/not drowsiness/n_178.mp4,.mp4,not_drowsy,directory:not drowsiness,,No subject identifier or documented video-to-driver mapping in path or filename.,25.0,250,250,10.0,720,1280,True,,train
n_18,data/raw/SUST Driver Drowsiness Dataset/not drowsiness/n_18.mp4,.mp4,not_drowsy,directory:not drowsiness,,No subject identifier or documented video-to-driver mapping in path or filename.,30.0,300,300,10.0,720,1280,True,,train
n_180,data/raw/SUST Driver Drowsiness Dataset/not drowsiness/n_180.mp4,.mp4,not_drowsy,directory:not drowsiness,,No subject identifier or documented video-to-driver mapping in path or filename.,25.0,250,250,10.0,720,1280,True,,train
n_181,data/raw/SUST Driver Drowsiness Dataset/not drowsiness/n_181.mp4,.mp4,not_drowsy,directory:not drowsiness,,No subject identifier or documented video-to-driver mapping in path or filename.,25.0,250,250,10.0,720,1280,True,,train
n_183,data/raw/SUST Driver Drowsiness Dataset/not drowsiness/n_183.mp4,.mp4,not_drowsy,directory:not drowsiness,,No subject identifier or documented video-to-driver mapping in path or filename.,25.0,250,250,10.0,720,1280,True,,train
n_185,data/raw/SUST Driver Drowsiness Dataset/not drowsiness/n_185.mp4,.mp4,not_drowsy,directory:not drowsiness,,No subject identifier or documented video-to-driver mapping in path or filename.,25.0,250,250,10.0,720,1280,True,,train
n_187,data/raw/SUST Driver Drowsiness Dataset/not drowsiness/n_187.mp4,.mp4,not_drowsy,directory:not drowsiness,,No subject identifier or documented video-to-driver mapping in path or filename.,25.0,250,250,10.0,720,1280,True,,train
n_188,data/raw/SUST Driver Drowsiness Dataset/not drowsiness/n_188.mp4,.mp4,not_drowsy,directory:not drowsiness,,No subject identifier or documented video-to-driver mapping in path or filename.,25.0,250,250,10.0,720,1280,True,,train
n_189,data/raw/SUST Driver Drowsiness Dataset/not drowsiness/n_189.mp4,.mp4,not_drowsy,directory:not drowsiness,,No subject identifier or documented video-to-driver mapping in path or filename.,25.0,250,250,10.0,720,1280,True,,train
n_19,data/raw/SUST Driver Drowsiness Dataset/not drowsiness/n_19.mp4,.mp4,not_drowsy,directory:not drowsiness,,No subject identifier or documented video-to-driver mapping in path or filename.,30.0,300,300,10.0,720,1280,True,,train
n_190,data/raw/SUST Driver Drowsiness Dataset/not drowsiness/n_190.mp4,.mp4,not_drowsy,directory:not drowsiness,,No subject identifier or documented video-to-driver mapping in path or filename.,25.0,250,250,10.0,720,1280,True,,train
n_192,data/raw/SUST Driver Drowsiness Dataset/not drowsiness/n_192.mp4,.mp4,not_drowsy,directory:not drowsiness,,No subject identifier or documented video-to-driver mapping in path or filename.,25.0,250,250,10.0,720,1280,True,,train
n_194,data/raw/SUST Driver Drowsiness Dataset/not drowsiness/n_194.mp4,.mp4,not_drowsy,directory:not drowsiness,,No subject identifier or documented video-to-driver mapping in path or filename.,25.0,250,250,10.0,720,1280,True,,train
n_195,data/raw/SUST Driver Drowsiness Dataset/not drowsiness/n_195.mp4,.mp4,not_drowsy,directory:not drowsiness,,No subject identifier or documented video-to-driver mapping in path or filename.,25.0,250,250,10.0,720,1280,True,,train
n_198,data/raw/SUST Driver Drowsiness Dataset/not drowsiness/n_198.mp4,.mp4,not_drowsy,directory:not drowsiness,,No subject identifier or documented video-to-driver mapping in path or filename.,25.0,250,250,10.0,720,1280,True,,train
n_199,data/raw/SUST Driver Drowsiness Dataset/not drowsiness/n_199.mp4,.mp4,not_drowsy,directory:not drowsiness,,No subject identifier or documented video-to-driver mapping in path or filename.,25.0,250,250,10.0,720,1280,True,,train
n_20,data/raw/SUST Driver Drowsiness Dataset/not drowsiness/n_20.mp4,.mp4,not_drowsy,directory:not drowsiness,,No subject identifier or documented video-to-driver mapping in path or filename.,30.0,300,300,10.0,720,1280,True,,train
n_200,data/raw/SUST Driver Drowsiness Dataset/not drowsiness/n_200.mp4,.mp4,not_drowsy,directory:not drowsiness,,No subject identifier or documented video-to-driver mapping in path or filename.,25.0,250,250,10.0,720,1280,True,,train
n_201,data/raw/SUST Driver Drowsiness Dataset/not drowsiness/n_201.mp4,.mp4,not_drowsy,directory:not drowsiness,,No subject identifier or documented video-to-driver mapping in path or filename.,25.0,250,250,10.0,720,1280,True,,train
n_202,data/raw/SUST Driver Drowsiness Dataset/not drowsiness/n_202.mp4,.mp4,not_drowsy,directory:not drowsiness,,No subject identifier or documented video-to-driver mapping in path or filename.,25.0,250,250,10.0,720,1280,True,,train
n_203,data/raw/SUST Driver Drowsiness Dataset/not drowsiness/n_203.mp4,.mp4,not_drowsy,directory:not drowsiness,,No subject identifier or documented video-to-driver mapping in path or filename.,25.0,250,250,10.0,720,1280,True,,train
n_204,data/raw/SUST Driver Drowsiness Dataset/not drowsiness/n_204.mp4,.mp4,not_drowsy,directory:not drowsiness,,No subject identifier or documented video-to-driver mapping in path or filename.,25.0,250,250,10.0,720,1280,True,,train
n_207,data/raw/SUST Driver Drowsiness Dataset/not drowsiness/n_207.mp4,.mp4,not_drowsy,directory:not drowsiness,,No subject identifier or documented video-to-driver mapping in path or filename.,25.0,250,250,10.0,720,1280,True,,train
n_209,data/raw/SUST Driver Drowsiness Dataset/not drowsiness/n_209.mp4,.mp4,not_drowsy,directory:not drowsiness,,No subject identifier or documented video-to-driver mapping in path or filename.,25.0,250,250,10.0,720,1280,True,,train
n_21,data/raw/SUST Driver Drowsiness Dataset/not drowsiness/n_21.mp4,.mp4,not_drowsy,directory:not drowsiness,,No subject identifier or documented video-to-driver mapping in path or filename.,30.0,300,300,10.0,720,1280,True,,train
n_210,data/raw/SUST Driver Drowsiness Dataset/not drowsiness/n_210.mp4,.mp4,not_drowsy,directory:not drowsiness,,No subject identifier or documented video-to-driver mapping in path or filename.,25.0,250,250,10.0,720,1280,True,,train
n_211,data/raw/SUST Driver Drowsiness Dataset/not drowsiness/n_211.mp4,.mp4,not_drowsy,directory:not drowsiness,,No subject identifier or documented video-to-driver mapping in path or filename.,25.0,250,250,10.0,720,1280,True,,train
n_213,data/raw/SUST Driver Drowsiness Dataset/not drowsiness/n_213.mp4,.mp4,not_drowsy,directory:not drowsiness,,No subject identifier or documented video-to-driver mapping in path or filename.,29.5,295,295,10.0,720,1280,True,,train
n_215,data/raw/SUST Driver Drowsiness Dataset/not drowsiness/n_215.mp4,.mp4,not_drowsy,directory:not drowsiness,,No subject identifier or documented video-to-driver mapping in path or filename.,29.5,295,295,10.0,720,1280,True,,train
n_216,data/raw/SUST Driver Drowsiness Dataset/not drowsiness/n_216.mp4,.mp4,not_drowsy,directory:not drowsiness,,No subject identifier or documented video-to-driver mapping in path or filename.,29.5,295,295,10.0,720,1280,True,,train
n_218,data/raw/SUST Driver Drowsiness Dataset/not drowsiness/n_218.mp4,.mp4,not_drowsy,directory:not drowsiness,,No subject identifier or documented video-to-driver mapping in path or filename.,29.5,295,295,10.0,720,1280,True,,train
n_219,data/raw/SUST Driver Drowsiness Dataset/not drowsiness/n_219.mp4,.mp4,not_drowsy,directory:not drowsiness,,No subject identifier or documented video-to-driver mapping in path or filename.,29.5,295,295,10.0,720,1280,True,,train
n_22,data/raw/SUST Driver Drowsiness Dataset/not drowsiness/n_22.mp4,.mp4,not_drowsy,directory:not drowsiness,,No subject identifier or documented video-to-driver mapping in path or filename.,30.0,300,300,10.0,720,1280,True,,train
n_221,data/raw/SUST Driver Drowsiness Dataset/not drowsiness/n_221.mp4,.mp4,not_drowsy,directory:not drowsiness,,No subject identifier or documented video-to-driver mapping in path or filename.,29.5,295,295,10.0,720,1280,True,,train
n_222,data/raw/SUST Driver Drowsiness Dataset/not drowsiness/n_222.mp4,.mp4,not_drowsy,directory:not drowsiness,,No subject identifier or documented video-to-driver mapping in path or filename.,29.5,295,295,10.0,720,1280,True,,train
n_223,data/raw/SUST Driver Drowsiness Dataset/not drowsiness/n_223.mp4,.mp4,not_drowsy,directory:not drowsiness,,No subject identifier or documented video-to-driver mapping in path or filename.,29.5,295,295,10.0,720,1280,True,,train
n_225,data/raw/SUST Driver Drowsiness Dataset/not drowsiness/n_225.mp4,.mp4,not_drowsy,directory:not drowsiness,,No subject identifier or documented video-to-driver mapping in path or filename.,30.0,300,300,10.0,720,1280,True,,train
n_226,data/raw/SUST Driver Drowsiness Dataset/not drowsiness/n_226.mp4,.mp4,not_drowsy,directory:not drowsiness,,No subject identifier or documented video-to-driver mapping in path or filename.,30.0,300,300,10.0,720,1280,True,,train
n_227,data/raw/SUST Driver Drowsiness Dataset/not drowsiness/n_227.mp4,.mp4,not_drowsy,directory:not drowsiness,,No subject identifier or documented video-to-driver mapping in path or filename.,30.0,300,300,10.0,720,1280,True,,train
n_228,data/raw/SUST Driver Drowsiness Dataset/not drowsiness/n_228.mp4,.mp4,not_drowsy,directory:not drowsiness,,No subject identifier or documented video-to-driver mapping in path or filename.,30.0,300,300,10.0,720,1280,True,,train
n_229,data/raw/SUST Driver Drowsiness Dataset/not drowsiness/n_229.mp4,.mp4,not_drowsy,directory:not drowsiness,,No subject identifier or documented video-to-driver mapping in path or filename.,30.0,300,300,10.0,720,1280,True,,train
n_23,data/raw/SUST Driver Drowsiness Dataset/not drowsiness/n_23.mp4,.mp4,not_drowsy,directory:not drowsiness,,No subject identifier or documented video-to-driver mapping in path or filename.,30.0,300,300,10.0,720,1280,True,,train
n_231,data/raw/SUST Driver Drowsiness Dataset/not drowsiness/n_231.mp4,.mp4,not_drowsy,directory:not drowsiness,,No subject identifier or documented video-to-driver mapping in path or filename.,30.0,300,300,10.0,720,1280,True,,train
n_234,data/raw/SUST Driver Drowsiness Dataset/not drowsiness/n_234.mp4,.mp4,not_drowsy,directory:not drowsiness,,No subject identifier or documented video-to-driver mapping in path or filename.,30.0,300,300,10.0,720,1280,True,,train
n_236,data/raw/SUST Driver Drowsiness Dataset/not drowsiness/n_236.mp4,.mp4,not_drowsy,directory:not drowsiness,,No subject identifier or documented video-to-driver mapping in path or filename.,30.0,300,300,10.0,720,1280,True,,train
n_237,data/raw/SUST Driver Drowsiness Dataset/not drowsiness/n_237.mp4,.mp4,not_drowsy,directory:not drowsiness,,No subject identifier or documented video-to-driver mapping in path or filename.,30.0,300,300,10.0,720,1280,True,,train
n_24,data/raw/SUST Driver Drowsiness Dataset/not drowsiness/n_24.mp4,.mp4,not_drowsy,directory:not drowsiness,,No subject identifier or documented video-to-driver mapping in path or filename.,30.0,300,300,10.0,720,1280,True,,train
n_242,data/raw/SUST Driver Drowsiness Dataset/not drowsiness/n_242.mp4,.mp4,not_drowsy,directory:not drowsiness,,No subject identifier or documented video-to-driver mapping in path or filename.,30.0,300,300,10.0,720,1280,True,,train
n_243,data/raw/SUST Driver Drowsiness Dataset/not drowsiness/n_243.mp4,.mp4,not_drowsy,directory:not drowsiness,,No subject identifier or documented video-to-driver mapping in path or filename.,30.0,300,300,10.0,720,1280,True,,train
n_244,data/raw/SUST Driver Drowsiness Dataset/not drowsiness/n_244.mp4,.mp4,not_drowsy,directory:not drowsiness,,No subject identifier or documented video-to-driver mapping in path or filename.,30.0,300,300,10.0,720,1280,True,,train
n_245,data/raw/SUST Driver Drowsiness Dataset/not drowsiness/n_245.mp4,.mp4,not_drowsy,directory:not drowsiness,,No subject identifier or documented video-to-driver mapping in path or filename.,29.97,300,300,10.01001,720,1280,True,,train
n_246,data/raw/SUST Driver Drowsiness Dataset/not drowsiness/n_246.mp4,.mp4,not_drowsy,directory:not drowsiness,,No subject identifier or documented video-to-driver mapping in path or filename.,29.97,300,300,10.01001,720,1280,True,,train
n_248,data/raw/SUST Driver Drowsiness Dataset/not drowsiness/n_248.mp4,.mp4,not_drowsy,directory:not drowsiness,,No subject identifier or documented video-to-driver mapping in path or filename.,29.97,300,300,10.01001,720,1280,True,,train
n_249,data/raw/SUST Driver Drowsiness Dataset/not drowsiness/n_249.mp4,.mp4,not_drowsy,directory:not drowsiness,,No subject identifier or documented video-to-driver mapping in path or filename.,29.97,300,300,10.01001,720,1280,True,,train
n_25,data/raw/SUST Driver Drowsiness Dataset/not drowsiness/n_25.mp4,.mp4,not_drowsy,directory:not drowsiness,,No subject identifier or documented video-to-driver mapping in path or filename.,30.0,300,300,10.0,720,1280,True,,train
n_250,data/raw/SUST Driver Drowsiness Dataset/not drowsiness/n_250.mp4,.mp4,not_drowsy,directory:not drowsiness,,No subject identifier or documented video-to-driver mapping in path or filename.,29.97,300,300,10.01001,720,1280,True,,train
n_253,data/raw/SUST Driver Drowsiness Dataset/not drowsiness/n_253.mp4,.mp4,not_drowsy,directory:not drowsiness,,No subject identifier or documented video-to-driver mapping in path or filename.,29.97,300,300,10.01001,720,1280,True,,train
n_254,data/raw/SUST Driver Drowsiness Dataset/not drowsiness/n_254.mp4,.mp4,not_drowsy,directory:not drowsiness,,No subject identifier or documented video-to-driver mapping in path or filename.,29.97,300,300,10.01001,720,1280,True,,train
n_255,data/raw/SUST Driver Drowsiness Dataset/not drowsiness/n_255.mp4,.mp4,not_drowsy,directory:not drowsiness,,No subject identifier or documented video-to-driver mapping in path or filename.,29.97,300,300,10.01001,720,1280,True,,train
n_257,data/raw/SUST Driver Drowsiness Dataset/not drowsiness/n_257.mp4,.mp4,not_drowsy,directory:not drowsiness,,No subject identifier or documented video-to-driver mapping in path or filename.,29.97,300,300,10.01001,720,1280,True,,train
n_259,data/raw/SUST Driver Drowsiness Dataset/not drowsiness/n_259.mp4,.mp4,not_drowsy,directory:not drowsiness,,No subject identifier or documented video-to-driver mapping in path or filename.,29.97,300,300,10.01001,720,1280,True,,train
n_26,data/raw/SUST Driver Drowsiness Dataset/not drowsiness/n_26.mp4,.mp4,not_drowsy,directory:not drowsiness,,No subject identifier or documented video-to-driver mapping in path or filename.,30.0,300,300,10.0,720,1280,True,,train
n_260,data/raw/SUST Driver Drowsiness Dataset/not drowsiness/n_260.mp4,.mp4,not_drowsy,directory:not drowsiness,,No subject identifier or documented video-to-driver mapping in path or filename.,29.97,300,300,10.01001,720,1280,True,,train
n_262,data/raw/SUST Driver Drowsiness Dataset/not drowsiness/n_262.mp4,.mp4,not_drowsy,directory:not drowsiness,,No subject identifier or documented video-to-driver mapping in path or filename.,29.97,300,300,10.01001,720,1280,True,,train
n_263,data/raw/SUST Driver Drowsiness Dataset/not drowsiness/n_263.mp4,.mp4,not_drowsy,directory:not drowsiness,,No subject identifier or documented video-to-driver mapping in path or filename.,29.97,300,300,10.01001,720,1280,True,,train
n_264,data/raw/SUST Driver Drowsiness Dataset/not drowsiness/n_264.mp4,.mp4,not_drowsy,directory:not drowsiness,,No subject identifier or documented video-to-driver mapping in path or filename.,29.97,300,300,10.01001,720,1280,True,,train
n_265,data/raw/SUST Driver Drowsiness Dataset/not drowsiness/n_265.mp4,.mp4,not_drowsy,directory:not drowsiness,,No subject identifier or documented video-to-driver mapping in path or filename.,29.97,300,300,10.01001,720,1280,True,,train
n_266,data/raw/SUST Driver Drowsiness Dataset/not drowsiness/n_266.mp4,.mp4,not_drowsy,directory:not drowsiness,,No subject identifier or documented video-to-driver mapping in path or filename.,29.95,300,300,10.016694,720,1280,True,,train
n_268,data/raw/SUST Driver Drowsiness Dataset/not drowsiness/n_268.mp4,.mp4,not_drowsy,directory:not drowsiness,,No subject identifier or documented video-to-driver mapping in path or filename.,29.95,300,300,10.016694,720,1280,True,,train
n_269,data/raw/SUST Driver Drowsiness Dataset/not drowsiness/n_269.mp4,.mp4,not_drowsy,directory:not drowsiness,,No subject identifier or documented video-to-driver mapping in path or filename.,29.95,300,300,10.016694,720,1280,True,,train
n_27,data/raw/SUST Driver Drowsiness Dataset/not drowsiness/n_27.mp4,.mp4,not_drowsy,directory:not drowsiness,,No subject identifier or documented video-to-driver mapping in path or filename.,30.0,300,300,10.0,720,1280,True,,train
n_270,data/raw/SUST Driver Drowsiness Dataset/not drowsiness/n_270.mp4,.mp4,not_drowsy,directory:not drowsiness,,No subject identifier or documented video-to-driver mapping in path or filename.,29.95,300,300,10.016694,720,1280,True,,train
n_271,data/raw/SUST Driver Drowsiness Dataset/not drowsiness/n_271.mp4,.mp4,not_drowsy,directory:not drowsiness,,No subject identifier or documented video-to-driver mapping in path or filename.,29.95,300,300,10.016694,720,1280,True,,train
n_273,data/raw/SUST Driver Drowsiness Dataset/not drowsiness/n_273.mp4,.mp4,not_drowsy,directory:not drowsiness,,No subject identifier or documented video-to-driver mapping in path or filename.,29.95,300,300,10.016694,720,1280,True,,train
n_274,data/raw/SUST Driver Drowsiness Dataset/not drowsiness/n_274.mp4,.mp4,not_drowsy,directory:not drowsiness,,No subject identifier or documented video-to-driver mapping in path or filename.,29.95,300,300,10.016694,720,1280,True,,train
n_275,data/raw/SUST Driver Drowsiness Dataset/not drowsiness/n_275.mp4,.mp4,not_drowsy,directory:not drowsiness,,No subject identifier or documented video-to-driver mapping in path or filename.,29.95,300,300,10.016694,720,1280,True,,train
n_276,data/raw/SUST Driver Drowsiness Dataset/not drowsiness/n_276.mp4,.mp4,not_drowsy,directory:not drowsiness,,No subject identifier or documented video-to-driver mapping in path or filename.,29.95,300,300,10.016694,720,1280,True,,train
n_277,data/raw/SUST Driver Drowsiness Dataset/not drowsiness/n_277.mp4,.mp4,not_drowsy,directory:not drowsiness,,No subject identifier or documented video-to-driver mapping in path or filename.,29.95,300,300,10.016694,720,1280,True,,train
n_278,data/raw/SUST Driver Drowsiness Dataset/not drowsiness/n_278.mp4,.mp4,not_drowsy,directory:not drowsiness,,No subject identifier or documented video-to-driver mapping in path or filename.,29.95,300,300,10.016694,720,1280,True,,train
n_279,data/raw/SUST Driver Drowsiness Dataset/not drowsiness/n_279.mp4,.mp4,not_drowsy,directory:not drowsiness,,No subject identifier or documented video-to-driver mapping in path or filename.,29.95,300,300,10.016694,720,1280,True,,train
n_28,data/raw/SUST Driver Drowsiness Dataset/not drowsiness/n_28.mp4,.mp4,not_drowsy,directory:not drowsiness,,No subject identifier or documented video-to-driver mapping in path or filename.,30.0,300,300,10.0,720,1280,True,,train
n_280,data/raw/SUST Driver Drowsiness Dataset/not drowsiness/n_280.mp4,.mp4,not_drowsy,directory:not drowsiness,,No subject identifier or documented video-to-driver mapping in path or filename.,29.95,300,300,10.016694,720,1280,True,,train
n_281,data/raw/SUST Driver Drowsiness Dataset/not drowsiness/n_281.mp4,.mp4,not_drowsy,directory:not drowsiness,,No subject identifier or documented video-to-driver mapping in path or filename.,29.95,300,300,10.016694,720,1280,True,,train
n_283,data/raw/SUST Driver Drowsiness Dataset/not drowsiness/n_283.mp4,.mp4,not_drowsy,directory:not drowsiness,,No subject identifier or documented video-to-driver mapping in path or filename.,29.95,300,300,10.016694,720,1280,True,,train
n_284,data/raw/SUST Driver Drowsiness Dataset/not drowsiness/n_284.mp4,.mp4,not_drowsy,directory:not drowsiness,,No subject identifier or documented video-to-driver mapping in path or filename.,29.95,300,300,10.016694,720,1280,True,,train
n_285,data/raw/SUST Driver Drowsiness Dataset/not drowsiness/n_285.mp4,.mp4,not_drowsy,directory:not drowsiness,,No subject identifier or documented video-to-driver mapping in path or filename.,29.95,300,300,10.016694,720,1280,True,,train
n_286,data/raw/SUST Driver Drowsiness Dataset/not drowsiness/n_286.mp4,.mp4,not_drowsy,directory:not drowsiness,,No subject identifier or documented video-to-driver mapping in path or filename.,29.95,300,300,10.016694,720,1280,True,,train
n_287,data/raw/SUST Driver Drowsiness Dataset/not drowsiness/n_287.mp4,.mp4,not_drowsy,directory:not drowsiness,,No subject identifier or documented video-to-driver mapping in path or filename.,29.95,300,300,10.016694,720,1280,True,,train
n_288,data/raw/SUST Driver Drowsiness Dataset/not drowsiness/n_288.mp4,.mp4,not_drowsy,directory:not drowsiness,,No subject identifier or documented video-to-driver mapping in path or filename.,29.95,300,300,10.016694,720,1280,True,,train
n_29,data/raw/SUST Driver Drowsiness Dataset/not drowsiness/n_29.mp4,.mp4,not_drowsy,directory:not drowsiness,,No subject identifier or documented video-to-driver mapping in path or filename.,30.0,300,300,10.0,720,1280,True,,train
n_290,data/raw/SUST Driver Drowsiness Dataset/not drowsiness/n_290.mp4,.mp4,not_drowsy,directory:not drowsiness,,No subject identifier or documented video-to-driver mapping in path or filename.,29.95,300,300,10.016694,720,1280,True,,train
n_291,data/raw/SUST Driver Drowsiness Dataset/not drowsiness/n_291.mp4,.mp4,not_drowsy,directory:not drowsiness,,No subject identifier or documented video-to-driver mapping in path or filename.,29.95,300,300,10.016694,720,1280,True,,train
n_292,data/raw/SUST Driver Drowsiness Dataset/not drowsiness/n_292.mp4,.mp4,not_drowsy,directory:not drowsiness,,No subject identifier or documented video-to-driver mapping in path or filename.,29.95,300,300,10.016694,720,1280,True,,train
n_293,data/raw/SUST Driver Drowsiness Dataset/not drowsiness/n_293.mp4,.mp4,not_drowsy,directory:not drowsiness,,No subject identifier or documented video-to-driver mapping in path or filename.,29.95,300,300,10.016694,720,1280,True,,train
n_294,data/raw/SUST Driver Drowsiness Dataset/not drowsiness/n_294.mp4,.mp4,not_drowsy,directory:not drowsiness,,No subject identifier or documented video-to-driver mapping in path or filename.,29.95,300,300,10.016694,720,1280,True,,train
n_295,data/raw/SUST Driver Drowsiness Dataset/not drowsiness/n_295.mp4,.mp4,not_drowsy,directory:not drowsiness,,No subject identifier or documented video-to-driver mapping in path or filename.,29.95,300,300,10.016694,720,1280,True,,train
n_296,data/raw/SUST Driver Drowsiness Dataset/not drowsiness/n_296.mp4,.mp4,not_drowsy,directory:not drowsiness,,No subject identifier or documented video-to-driver mapping in path or filename.,29.95,300,300,10.016694,720,1280,True,,train
n_297,data/raw/SUST Driver Drowsiness Dataset/not drowsiness/n_297.mp4,.mp4,not_drowsy,directory:not drowsiness,,No subject identifier or documented video-to-driver mapping in path or filename.,29.95,300,300,10.016694,720,1280,True,,train
n_299,data/raw/SUST Driver Drowsiness Dataset/not drowsiness/n_299.mp4,.mp4,not_drowsy,directory:not drowsiness,,No subject identifier or documented video-to-driver mapping in path or filename.,29.95,300,300,10.016694,720,1280,True,,train
n_3,data/raw/SUST Driver Drowsiness Dataset/not drowsiness/n_3.mp4,.mp4,not_drowsy,directory:not drowsiness,,No subject identifier or documented video-to-driver mapping in path or filename.,30.0,300,300,10.0,720,1280,True,,train
n_302,data/raw/SUST Driver Drowsiness Dataset/not drowsiness/n_302.mp4,.mp4,not_drowsy,directory:not drowsiness,,No subject identifier or documented video-to-driver mapping in path or filename.,29.95,300,300,10.016694,720,1280,True,,train
n_304,data/raw/SUST Driver Drowsiness Dataset/not drowsiness/n_304.mp4,.mp4,not_drowsy,directory:not drowsiness,,No subject identifier or documented video-to-driver mapping in path or filename.,29.95,300,300,10.016694,720,1280,True,,train
n_305,data/raw/SUST Driver Drowsiness Dataset/not drowsiness/n_305.mp4,.mp4,not_drowsy,directory:not drowsiness,,No subject identifier or documented video-to-driver mapping in path or filename.,29.95,300,300,10.016694,720,1280,True,,train
n_306,data/raw/SUST Driver Drowsiness Dataset/not drowsiness/n_306.mp4,.mp4,not_drowsy,directory:not drowsiness,,No subject identifier or documented video-to-driver mapping in path or filename.,29.95,300,300,10.016694,720,1280,True,,train
n_307,data/raw/SUST Driver Drowsiness Dataset/not drowsiness/n_307.mp4,.mp4,not_drowsy,directory:not drowsiness,,No subject identifier or documented video-to-driver mapping in path or filename.,29.95,300,300,10.016694,720,1280,True,,train
n_310,data/raw/SUST Driver Drowsiness Dataset/not drowsiness/n_310.mp4,.mp4,not_drowsy,directory:not drowsiness,,No subject identifier or documented video-to-driver mapping in path or filename.,29.95,300,300,10.016694,720,1280,True,,train
n_312,data/raw/SUST Driver Drowsiness Dataset/not drowsiness/n_312.mp4,.mp4,not_drowsy,directory:not drowsiness,,No subject identifier or documented video-to-driver mapping in path or filename.,29.95,300,300,10.016694,720,1280,True,,train
n_314,data/raw/SUST Driver Drowsiness Dataset/not drowsiness/n_314.mp4,.mp4,not_drowsy,directory:not drowsiness,,No subject identifier or documented video-to-driver mapping in path or filename.,29.95,300,300,10.016694,720,1280,True,,train
n_315,data/raw/SUST Driver Drowsiness Dataset/not drowsiness/n_315.mp4,.mp4,not_drowsy,directory:not drowsiness,,No subject identifier or documented video-to-driver mapping in path or filename.,29.95,300,300,10.016694,720,1280,True,,train
n_316,data/raw/SUST Driver Drowsiness Dataset/not drowsiness/n_316.mp4,.mp4,not_drowsy,directory:not drowsiness,,No subject identifier or documented video-to-driver mapping in path or filename.,29.95,300,300,10.016694,720,1280,True,,train
n_319,data/raw/SUST Driver Drowsiness Dataset/not drowsiness/n_319.mp4,.mp4,not_drowsy,directory:not drowsiness,,No subject identifier or documented video-to-driver mapping in path or filename.,30.0,300,300,10.0,720,1280,True,,train
n_32,data/raw/SUST Driver Drowsiness Dataset/not drowsiness/n_32.mp4,.mp4,not_drowsy,directory:not drowsiness,,No subject identifier or documented video-to-driver mapping in path or filename.,30.0,300,300,10.0,720,1280,True,,train
n_320,data/raw/SUST Driver Drowsiness Dataset/not drowsiness/n_320.mp4,.mp4,not_drowsy,directory:not drowsiness,,No subject identifier or documented video-to-driver mapping in path or filename.,30.0,300,300,10.0,720,1280,True,,train
n_321,data/raw/SUST Driver Drowsiness Dataset/not drowsiness/n_321.mp4,.mp4,not_drowsy,directory:not drowsiness,,No subject identifier or documented video-to-driver mapping in path or filename.,30.0,300,300,10.0,720,1280,True,,train
n_322,data/raw/SUST Driver Drowsiness Dataset/not drowsiness/n_322.mp4,.mp4,not_drowsy,directory:not drowsiness,,No subject identifier or documented video-to-driver mapping in path or filename.,30.0,300,300,10.0,720,1280,True,,train
n_323,data/raw/SUST Driver Drowsiness Dataset/not drowsiness/n_323.mp4,.mp4,not_drowsy,directory:not drowsiness,,No subject identifier or documented video-to-driver mapping in path or filename.,30.0,300,300,10.0,720,1280,True,,train
n_324,data/raw/SUST Driver Drowsiness Dataset/not drowsiness/n_324.mp4,.mp4,not_drowsy,directory:not drowsiness,,No subject identifier or documented video-to-driver mapping in path or filename.,30.0,300,300,10.0,720,1280,True,,train
n_325,data/raw/SUST Driver Drowsiness Dataset/not drowsiness/n_325.mp4,.mp4,not_drowsy,directory:not drowsiness,,No subject identifier or documented video-to-driver mapping in path or filename.,30.0,300,300,10.0,720,1280,True,,train
n_326,data/raw/SUST Driver Drowsiness Dataset/not drowsiness/n_326.mp4,.mp4,not_drowsy,directory:not drowsiness,,No subject identifier or documented video-to-driver mapping in path or filename.,30.0,300,300,10.0,720,1280,True,,train
n_327,data/raw/SUST Driver Drowsiness Dataset/not drowsiness/n_327.mp4,.mp4,not_drowsy,directory:not drowsiness,,No subject identifier or documented video-to-driver mapping in path or filename.,30.0,300,300,10.0,720,1280,True,,train
n_328,data/raw/SUST Driver Drowsiness Dataset/not drowsiness/n_328.mp4,.mp4,not_drowsy,directory:not drowsiness,,No subject identifier or documented video-to-driver mapping in path or filename.,30.0,300,300,10.0,720,1280,True,,train
n_33,data/raw/SUST Driver Drowsiness Dataset/not drowsiness/n_33.mp4,.mp4,not_drowsy,directory:not drowsiness,,No subject identifier or documented video-to-driver mapping in path or filename.,30.0,300,300,10.0,720,1280,True,,train
n_331,data/raw/SUST Driver Drowsiness Dataset/not drowsiness/n_331.mp4,.mp4,not_drowsy,directory:not drowsiness,,No subject identifier or documented video-to-driver mapping in path or filename.,30.0,300,300,10.0,720,1280,True,,train
n_333,data/raw/SUST Driver Drowsiness Dataset/not drowsiness/n_333.mp4,.mp4,not_drowsy,directory:not drowsiness,,No subject identifier or documented video-to-driver mapping in path or filename.,30.0,300,300,10.0,720,1280,True,,train
n_335,data/raw/SUST Driver Drowsiness Dataset/not drowsiness/n_335.mp4,.mp4,not_drowsy,directory:not drowsiness,,No subject identifier or documented video-to-driver mapping in path or filename.,30.0,300,300,10.0,720,1280,True,,train
n_336,data/raw/SUST Driver Drowsiness Dataset/not drowsiness/n_336.mp4,.mp4,not_drowsy,directory:not drowsiness,,No subject identifier or documented video-to-driver mapping in path or filename.,30.0,300,300,10.0,720,1280,True,,train
n_338,data/raw/SUST Driver Drowsiness Dataset/not drowsiness/n_338.mp4,.mp4,not_drowsy,directory:not drowsiness,,No subject identifier or documented video-to-driver mapping in path or filename.,30.0,300,300,10.0,720,1280,True,,train
n_340,data/raw/SUST Driver Drowsiness Dataset/not drowsiness/n_340.mp4,.mp4,not_drowsy,directory:not drowsiness,,No subject identifier or documented video-to-driver mapping in path or filename.,30.0,300,300,10.0,720,1280,True,,train
n_341,data/raw/SUST Driver Drowsiness Dataset/not drowsiness/n_341.mp4,.mp4,not_drowsy,directory:not drowsiness,,No subject identifier or documented video-to-driver mapping in path or filename.,30.0,300,300,10.0,720,1280,True,,train
n_343,data/raw/SUST Driver Drowsiness Dataset/not drowsiness/n_343.mp4,.mp4,not_drowsy,directory:not drowsiness,,No subject identifier or documented video-to-driver mapping in path or filename.,30.0,300,300,10.0,720,1280,True,,train
n_345,data/raw/SUST Driver Drowsiness Dataset/not drowsiness/n_345.mp4,.mp4,not_drowsy,directory:not drowsiness,,No subject identifier or documented video-to-driver mapping in path or filename.,30.0,300,300,10.0,720,1280,True,,train
n_347,data/raw/SUST Driver Drowsiness Dataset/not drowsiness/n_347.mp4,.mp4,not_drowsy,directory:not drowsiness,,No subject identifier or documented video-to-driver mapping in path or filename.,30.0,300,300,10.0,720,1280,True,,train
n_348,data/raw/SUST Driver Drowsiness Dataset/not drowsiness/n_348.mp4,.mp4,not_drowsy,directory:not drowsiness,,No subject identifier or documented video-to-driver mapping in path or filename.,30.0,300,300,10.0,720,1280,True,,train
n_349,data/raw/SUST Driver Drowsiness Dataset/not drowsiness/n_349.mp4,.mp4,not_drowsy,directory:not drowsiness,,No subject identifier or documented video-to-driver mapping in path or filename.,30.0,300,300,10.0,720,1280,True,,train
n_35,data/raw/SUST Driver Drowsiness Dataset/not drowsiness/n_35.mp4,.mp4,not_drowsy,directory:not drowsiness,,No subject identifier or documented video-to-driver mapping in path or filename.,30.0,300,300,10.0,720,1280,True,,train
n_350,data/raw/SUST Driver Drowsiness Dataset/not drowsiness/n_350.mp4,.mp4,not_drowsy,directory:not drowsiness,,No subject identifier or documented video-to-driver mapping in path or filename.,30.0,300,300,10.0,720,1280,True,,train
n_352,data/raw/SUST Driver Drowsiness Dataset/not drowsiness/n_352.mp4,.mp4,not_drowsy,directory:not drowsiness,,No subject identifier or documented video-to-driver mapping in path or filename.,30.0,300,300,10.0,720,1280,True,,train
n_353,data/raw/SUST Driver Drowsiness Dataset/not drowsiness/n_353.mp4,.mp4,not_drowsy,directory:not drowsiness,,No subject identifier or documented video-to-driver mapping in path or filename.,30.0,300,300,10.0,720,1280,True,,train
n_355,data/raw/SUST Driver Drowsiness Dataset/not drowsiness/n_355.mp4,.mp4,not_drowsy,directory:not drowsiness,,No subject identifier or documented video-to-driver mapping in path or filename.,30.0,300,300,10.0,720,1280,True,,train
n_358,data/raw/SUST Driver Drowsiness Dataset/not drowsiness/n_358.mp4,.mp4,not_drowsy,directory:not drowsiness,,No subject identifier or documented video-to-driver mapping in path or filename.,30.0,300,300,10.0,720,1280,True,,train
n_359,data/raw/SUST Driver Drowsiness Dataset/not drowsiness/n_359.mp4,.mp4,not_drowsy,directory:not drowsiness,,No subject identifier or documented video-to-driver mapping in path or filename.,30.0,300,300,10.0,720,1280,True,,train
n_36,data/raw/SUST Driver Drowsiness Dataset/not drowsiness/n_36.mp4,.mp4,not_drowsy,directory:not drowsiness,,No subject identifier or documented video-to-driver mapping in path or filename.,30.0,300,300,10.0,720,1280,True,,train
n_365,data/raw/SUST Driver Drowsiness Dataset/not drowsiness/n_365.mp4,.mp4,not_drowsy,directory:not drowsiness,,No subject identifier or documented video-to-driver mapping in path or filename.,30.0,300,300,10.0,720,1280,True,,train
n_366,data/raw/SUST Driver Drowsiness Dataset/not drowsiness/n_366.mp4,.mp4,not_drowsy,directory:not drowsiness,,No subject identifier or documented video-to-driver mapping in path or filename.,30.0,300,300,10.0,720,1280,True,,train
n_369,data/raw/SUST Driver Drowsiness Dataset/not drowsiness/n_369.mp4,.mp4,not_drowsy,directory:not drowsiness,,No subject identifier or documented video-to-driver mapping in path or filename.,30.0,300,300,10.0,720,1280,True,,train
n_370,data/raw/SUST Driver Drowsiness Dataset/not drowsiness/n_370.mp4,.mp4,not_drowsy,directory:not drowsiness,,No subject identifier or documented video-to-driver mapping in path or filename.,30.0,300,300,10.0,720,1280,True,,train
n_371,data/raw/SUST Driver Drowsiness Dataset/not drowsiness/n_371.mp4,.mp4,not_drowsy,directory:not drowsiness,,No subject identifier or documented video-to-driver mapping in path or filename.,30.0,300,300,10.0,720,1280,True,,train
n_372,data/raw/SUST Driver Drowsiness Dataset/not drowsiness/n_372.mp4,.mp4,not_drowsy,directory:not drowsiness,,No subject identifier or documented video-to-driver mapping in path or filename.,30.0,300,300,10.0,720,1280,True,,train
n_373,data/raw/SUST Driver Drowsiness Dataset/not drowsiness/n_373.mp4,.mp4,not_drowsy,directory:not drowsiness,,No subject identifier or documented video-to-driver mapping in path or filename.,30.0,300,300,10.0,720,1280,True,,train
n_374,data/raw/SUST Driver Drowsiness Dataset/not drowsiness/n_374.mp4,.mp4,not_drowsy,directory:not drowsiness,,No subject identifier or documented video-to-driver mapping in path or filename.,30.0,300,300,10.0,720,1280,True,,train
n_375,data/raw/SUST Driver Drowsiness Dataset/not drowsiness/n_375.mp4,.mp4,not_drowsy,directory:not drowsiness,,No subject identifier or documented video-to-driver mapping in path or filename.,30.0,300,300,10.0,720,1280,True,,train
n_376,data/raw/SUST Driver Drowsiness Dataset/not drowsiness/n_376.mp4,.mp4,not_drowsy,directory:not drowsiness,,No subject identifier or documented video-to-driver mapping in path or filename.,30.0,300,300,10.0,720,1280,True,,train
n_379,data/raw/SUST Driver Drowsiness Dataset/not drowsiness/n_379.mp4,.mp4,not_drowsy,directory:not drowsiness,,No subject identifier or documented video-to-driver mapping in path or filename.,30.0,300,300,10.0,720,1280,True,,train
n_38,data/raw/SUST Driver Drowsiness Dataset/not drowsiness/n_38.mp4,.mp4,not_drowsy,directory:not drowsiness,,No subject identifier or documented video-to-driver mapping in path or filename.,30.0,300,300,10.0,720,1280,True,,train
n_381,data/raw/SUST Driver Drowsiness Dataset/not drowsiness/n_381.mp4,.mp4,not_drowsy,directory:not drowsiness,,No subject identifier or documented video-to-driver mapping in path or filename.,30.0,300,300,10.0,720,1280,True,,train
n_383,data/raw/SUST Driver Drowsiness Dataset/not drowsiness/n_383.mp4,.mp4,not_drowsy,directory:not drowsiness,,No subject identifier or documented video-to-driver mapping in path or filename.,30.0,300,300,10.0,720,1280,True,,train
n_386,data/raw/SUST Driver Drowsiness Dataset/not drowsiness/n_386.mp4,.mp4,not_drowsy,directory:not drowsiness,,No subject identifier or documented video-to-driver mapping in path or filename.,30.0,300,300,10.0,720,1280,True,,train
n_387,data/raw/SUST Driver Drowsiness Dataset/not drowsiness/n_387.mp4,.mp4,not_drowsy,directory:not drowsiness,,No subject identifier or documented video-to-driver mapping in path or filename.,30.0,300,300,10.0,720,1280,True,,train
n_388,data/raw/SUST Driver Drowsiness Dataset/not drowsiness/n_388.mp4,.mp4,not_drowsy,directory:not drowsiness,,No subject identifier or documented video-to-driver mapping in path or filename.,30.0,300,300,10.0,720,1280,True,,train
n_390,data/raw/SUST Driver Drowsiness Dataset/not drowsiness/n_390.mp4,.mp4,not_drowsy,directory:not drowsiness,,No subject identifier or documented video-to-driver mapping in path or filename.,30.0,300,300,10.0,720,1280,True,,train
n_391,data/raw/SUST Driver Drowsiness Dataset/not drowsiness/n_391.mp4,.mp4,not_drowsy,directory:not drowsiness,,No subject identifier or documented video-to-driver mapping in path or filename.,30.0,300,300,10.0,720,1280,True,,train
n_396,data/raw/SUST Driver Drowsiness Dataset/not drowsiness/n_396.mp4,.mp4,not_drowsy,directory:not drowsiness,,No subject identifier or documented video-to-driver mapping in path or filename.,30.0,300,300,10.0,720,1280,True,,train
n_398,data/raw/SUST Driver Drowsiness Dataset/not drowsiness/n_398.mp4,.mp4,not_drowsy,directory:not drowsiness,,No subject identifier or documented video-to-driver mapping in path or filename.,30.0,300,300,10.0,720,1280,True,,train
n_399,data/raw/SUST Driver Drowsiness Dataset/not drowsiness/n_399.mp4,.mp4,not_drowsy,directory:not drowsiness,,No subject identifier or documented video-to-driver mapping in path or filename.,30.0,300,300,10.0,720,1280,True,,train
n_4,data/raw/SUST Driver Drowsiness Dataset/not drowsiness/n_4.mp4,.mp4,not_drowsy,directory:not drowsiness,,No subject identifier or documented video-to-driver mapping in path or filename.,30.0,300,300,10.0,720,1280,True,,train
n_400,data/raw/SUST Driver Drowsiness Dataset/not drowsiness/n_400.mp4,.mp4,not_drowsy,directory:not drowsiness,,No subject identifier or documented video-to-driver mapping in path or filename.,30.0,300,300,10.0,720,1280,True,,train
n_401,data/raw/SUST Driver Drowsiness Dataset/not drowsiness/n_401.mp4,.mp4,not_drowsy,directory:not drowsiness,,No subject identifier or documented video-to-driver mapping in path or filename.,30.0,300,300,10.0,720,1280,True,,train
n_402,data/raw/SUST Driver Drowsiness Dataset/not drowsiness/n_402.mp4,.mp4,not_drowsy,directory:not drowsiness,,No subject identifier or documented video-to-driver mapping in path or filename.,30.0,300,300,10.0,720,1280,True,,train
n_404,data/raw/SUST Driver Drowsiness Dataset/not drowsiness/n_404.mp4,.mp4,not_drowsy,directory:not drowsiness,,No subject identifier or documented video-to-driver mapping in path or filename.,30.0,300,300,10.0,720,1280,True,,train
n_405,data/raw/SUST Driver Drowsiness Dataset/not drowsiness/n_405.mp4,.mp4,not_drowsy,directory:not drowsiness,,No subject identifier or documented video-to-driver mapping in path or filename.,30.0,300,300,10.0,720,1280,True,,train
n_407,data/raw/SUST Driver Drowsiness Dataset/not drowsiness/n_407.mp4,.mp4,not_drowsy,directory:not drowsiness,,No subject identifier or documented video-to-driver mapping in path or filename.,30.0,300,300,10.0,720,1280,True,,train
n_408,data/raw/SUST Driver Drowsiness Dataset/not drowsiness/n_408.mp4,.mp4,not_drowsy,directory:not drowsiness,,No subject identifier or documented video-to-driver mapping in path or filename.,30.0,300,300,10.0,720,1280,True,,train
n_410,data/raw/SUST Driver Drowsiness Dataset/not drowsiness/n_410.mp4,.mp4,not_drowsy,directory:not drowsiness,,No subject identifier or documented video-to-driver mapping in path or filename.,30.0,300,300,10.0,720,1280,True,,train
n_411,data/raw/SUST Driver Drowsiness Dataset/not drowsiness/n_411.mp4,.mp4,not_drowsy,directory:not drowsiness,,No subject identifier or documented video-to-driver mapping in path or filename.,30.0,300,300,10.0,720,1280,True,,train
n_412,data/raw/SUST Driver Drowsiness Dataset/not drowsiness/n_412.mp4,.mp4,not_drowsy,directory:not drowsiness,,No subject identifier or documented video-to-driver mapping in path or filename.,30.0,300,300,10.0,720,1280,True,,train
n_413,data/raw/SUST Driver Drowsiness Dataset/not drowsiness/n_413.mp4,.mp4,not_drowsy,directory:not drowsiness,,No subject identifier or documented video-to-driver mapping in path or filename.,30.0,300,300,10.0,720,1280,True,,train
n_415,data/raw/SUST Driver Drowsiness Dataset/not drowsiness/n_415.mp4,.mp4,not_drowsy,directory:not drowsiness,,No subject identifier or documented video-to-driver mapping in path or filename.,30.0,300,300,10.0,720,1280,True,,train
n_416,data/raw/SUST Driver Drowsiness Dataset/not drowsiness/n_416.mp4,.mp4,not_drowsy,directory:not drowsiness,,No subject identifier or documented video-to-driver mapping in path or filename.,30.0,300,300,10.0,720,1280,True,,train
n_417,data/raw/SUST Driver Drowsiness Dataset/not drowsiness/n_417.mp4,.mp4,not_drowsy,directory:not drowsiness,,No subject identifier or documented video-to-driver mapping in path or filename.,30.0,300,300,10.0,720,1280,True,,train
n_418,data/raw/SUST Driver Drowsiness Dataset/not drowsiness/n_418.mp4,.mp4,not_drowsy,directory:not drowsiness,,No subject identifier or documented video-to-driver mapping in path or filename.,30.0,300,300,10.0,720,1280,True,,train
n_419,data/raw/SUST Driver Drowsiness Dataset/not drowsiness/n_419.mp4,.mp4,not_drowsy,directory:not drowsiness,,No subject identifier or documented video-to-driver mapping in path or filename.,30.0,300,300,10.0,720,1280,True,,train
n_42,data/raw/SUST Driver Drowsiness Dataset/not drowsiness/n_42.mp4,.mp4,not_drowsy,directory:not drowsiness,,No subject identifier or documented video-to-driver mapping in path or filename.,30.0,300,300,10.0,720,1280,True,,train
n_420,data/raw/SUST Driver Drowsiness Dataset/not drowsiness/n_420.mp4,.mp4,not_drowsy,directory:not drowsiness,,No subject identifier or documented video-to-driver mapping in path or filename.,30.0,300,300,10.0,720,1280,True,,train
n_422,data/raw/SUST Driver Drowsiness Dataset/not drowsiness/n_422.mp4,.mp4,not_drowsy,directory:not drowsiness,,No subject identifier or documented video-to-driver mapping in path or filename.,30.0,300,300,10.0,720,1280,True,,train
n_423,data/raw/SUST Driver Drowsiness Dataset/not drowsiness/n_423.mp4,.mp4,not_drowsy,directory:not drowsiness,,No subject identifier or documented video-to-driver mapping in path or filename.,30.0,300,300,10.0,720,1280,True,,train
n_425,data/raw/SUST Driver Drowsiness Dataset/not drowsiness/n_425.mp4,.mp4,not_drowsy,directory:not drowsiness,,No subject identifier or documented video-to-driver mapping in path or filename.,30.0,300,300,10.0,720,1280,True,,train
n_426,data/raw/SUST Driver Drowsiness Dataset/not drowsiness/n_426.mp4,.mp4,not_drowsy,directory:not drowsiness,,No subject identifier or documented video-to-driver mapping in path or filename.,30.0,300,300,10.0,720,1280,True,,train
n_427,data/raw/SUST Driver Drowsiness Dataset/not drowsiness/n_427.mp4,.mp4,not_drowsy,directory:not drowsiness,,No subject identifier or documented video-to-driver mapping in path or filename.,30.0,300,300,10.0,720,1280,True,,train
n_428,data/raw/SUST Driver Drowsiness Dataset/not drowsiness/n_428.mp4,.mp4,not_drowsy,directory:not drowsiness,,No subject identifier or documented video-to-driver mapping in path or filename.,30.0,300,300,10.0,720,1280,True,,train
n_43,data/raw/SUST Driver Drowsiness Dataset/not drowsiness/n_43.mp4,.mp4,not_drowsy,directory:not drowsiness,,No subject identifier or documented video-to-driver mapping in path or filename.,30.0,300,300,10.0,720,1280,True,,train
n_431,data/raw/SUST Driver Drowsiness Dataset/not drowsiness/n_431.mp4,.mp4,not_drowsy,directory:not drowsiness,,No subject identifier or documented video-to-driver mapping in path or filename.,30.0,300,300,10.0,720,1280,True,,train
n_432,data/raw/SUST Driver Drowsiness Dataset/not drowsiness/n_432.mp4,.mp4,not_drowsy,directory:not drowsiness,,No subject identifier or documented video-to-driver mapping in path or filename.,30.0,300,300,10.0,720,1280,True,,train
n_434,data/raw/SUST Driver Drowsiness Dataset/not drowsiness/n_434.mp4,.mp4,not_drowsy,directory:not drowsiness,,No subject identifier or documented video-to-driver mapping in path or filename.,30.0,300,300,10.0,720,1280,True,,train
n_435,data/raw/SUST Driver Drowsiness Dataset/not drowsiness/n_435.mp4,.mp4,not_drowsy,directory:not drowsiness,,No subject identifier or documented video-to-driver mapping in path or filename.,30.0,300,300,10.0,720,1280,True,,train
n_437,data/raw/SUST Driver Drowsiness Dataset/not drowsiness/n_437.mp4,.mp4,not_drowsy,directory:not drowsiness,,No subject identifier or documented video-to-driver mapping in path or filename.,30.0,300,300,10.0,720,1280,True,,train
n_439,data/raw/SUST Driver Drowsiness Dataset/not drowsiness/n_439.mp4,.mp4,not_drowsy,directory:not drowsiness,,No subject identifier or documented video-to-driver mapping in path or filename.,30.0,300,300,10.0,720,1280,True,,train
n_44,data/raw/SUST Driver Drowsiness Dataset/not drowsiness/n_44.mp4,.mp4,not_drowsy,directory:not drowsiness,,No subject identifier or documented video-to-driver mapping in path or filename.,30.0,300,300,10.0,720,1280,True,,train
n_440,data/raw/SUST Driver Drowsiness Dataset/not drowsiness/n_440.mp4,.mp4,not_drowsy,directory:not drowsiness,,No subject identifier or documented video-to-driver mapping in path or filename.,30.0,300,300,10.0,720,1280,True,,train
n_442,data/raw/SUST Driver Drowsiness Dataset/not drowsiness/n_442.mp4,.mp4,not_drowsy,directory:not drowsiness,,No subject identifier or documented video-to-driver mapping in path or filename.,30.0,300,300,10.0,720,1280,True,,train
n_443,data/raw/SUST Driver Drowsiness Dataset/not drowsiness/n_443.mp4,.mp4,not_drowsy,directory:not drowsiness,,No subject identifier or documented video-to-driver mapping in path or filename.,30.0,300,300,10.0,720,1280,True,,train
n_444,data/raw/SUST Driver Drowsiness Dataset/not drowsiness/n_444.mp4,.mp4,not_drowsy,directory:not drowsiness,,No subject identifier or documented video-to-driver mapping in path or filename.,30.0,300,300,10.0,720,1280,True,,train
n_445,data/raw/SUST Driver Drowsiness Dataset/not drowsiness/n_445.mp4,.mp4,not_drowsy,directory:not drowsiness,,No subject identifier or documented video-to-driver mapping in path or filename.,30.0,300,300,10.0,720,1280,True,,train
n_446,data/raw/SUST Driver Drowsiness Dataset/not drowsiness/n_446.mp4,.mp4,not_drowsy,directory:not drowsiness,,No subject identifier or documented video-to-driver mapping in path or filename.,30.0,300,300,10.0,720,1280,True,,train
n_447,data/raw/SUST Driver Drowsiness Dataset/not drowsiness/n_447.mp4,.mp4,not_drowsy,directory:not drowsiness,,No subject identifier or documented video-to-driver mapping in path or filename.,30.0,300,300,10.0,720,1280,True,,train
n_448,data/raw/SUST Driver Drowsiness Dataset/not drowsiness/n_448.mp4,.mp4,not_drowsy,directory:not drowsiness,,No subject identifier or documented video-to-driver mapping in path or filename.,30.0,300,300,10.0,720,1280,True,,train
n_449,data/raw/SUST Driver Drowsiness Dataset/not drowsiness/n_449.mp4,.mp4,not_drowsy,directory:not drowsiness,,No subject identifier or documented video-to-driver mapping in path or filename.,30.0,300,300,10.0,720,1280,True,,train
n_450,data/raw/SUST Driver Drowsiness Dataset/not drowsiness/n_450.mp4,.mp4,not_drowsy,directory:not drowsiness,,No subject identifier or documented video-to-driver mapping in path or filename.,30.0,300,300,10.0,720,1280,True,,train
n_451,data/raw/SUST Driver Drowsiness Dataset/not drowsiness/n_451.mp4,.mp4,not_drowsy,directory:not drowsiness,,No subject identifier or documented video-to-driver mapping in path or filename.,30.0,300,300,10.0,720,1280,True,,train
n_452,data/raw/SUST Driver Drowsiness Dataset/not drowsiness/n_452.mp4,.mp4,not_drowsy,directory:not drowsiness,,No subject identifier or documented video-to-driver mapping in path or filename.,30.0,300,300,10.0,720,1280,True,,train
n_453,data/raw/SUST Driver Drowsiness Dataset/not drowsiness/n_453.mp4,.mp4,not_drowsy,directory:not drowsiness,,No subject identifier or documented video-to-driver mapping in path or filename.,30.0,300,300,10.0,720,1280,True,,train
n_456,data/raw/SUST Driver Drowsiness Dataset/not drowsiness/n_456.mp4,.mp4,not_drowsy,directory:not drowsiness,,No subject identifier or documented video-to-driver mapping in path or filename.,30.0,300,300,10.0,720,1280,True,,train
n_46,data/raw/SUST Driver Drowsiness Dataset/not drowsiness/n_46.mp4,.mp4,not_drowsy,directory:not drowsiness,,No subject identifier or documented video-to-driver mapping in path or filename.,30.0,300,300,10.0,720,1280,True,,train
n_460,data/raw/SUST Driver Drowsiness Dataset/not drowsiness/n_460.mp4,.mp4,not_drowsy,directory:not drowsiness,,No subject identifier or documented video-to-driver mapping in path or filename.,25.0,250,250,10.0,720,1280,True,,train
n_461,data/raw/SUST Driver Drowsiness Dataset/not drowsiness/n_461.mp4,.mp4,not_drowsy,directory:not drowsiness,,No subject identifier or documented video-to-driver mapping in path or filename.,25.0,250,250,10.0,720,1280,True,,train
n_463,data/raw/SUST Driver Drowsiness Dataset/not drowsiness/n_463.mp4,.mp4,not_drowsy,directory:not drowsiness,,No subject identifier or documented video-to-driver mapping in path or filename.,25.0,250,250,10.0,720,1280,True,,train
n_464,data/raw/SUST Driver Drowsiness Dataset/not drowsiness/n_464.mp4,.mp4,not_drowsy,directory:not drowsiness,,No subject identifier or documented video-to-driver mapping in path or filename.,25.0,250,250,10.0,720,1280,True,,train
n_465,data/raw/SUST Driver Drowsiness Dataset/not drowsiness/n_465.mp4,.mp4,not_drowsy,directory:not drowsiness,,No subject identifier or documented video-to-driver mapping in path or filename.,25.0,250,250,10.0,720,1280,True,,train
n_466,data/raw/SUST Driver Drowsiness Dataset/not drowsiness/n_466.mp4,.mp4,not_drowsy,directory:not drowsiness,,No subject identifier or documented video-to-driver mapping in path or filename.,25.0,250,250,10.0,720,1280,True,,train
n_467,data/raw/SUST Driver Drowsiness Dataset/not drowsiness/n_467.mp4,.mp4,not_drowsy,directory:not drowsiness,,No subject identifier or documented video-to-driver mapping in path or filename.,25.0,250,250,10.0,720,1280,True,,train
n_468,data/raw/SUST Driver Drowsiness Dataset/not drowsiness/n_468.mp4,.mp4,not_drowsy,directory:not drowsiness,,No subject identifier or documented video-to-driver mapping in path or filename.,25.0,250,250,10.0,720,1280,True,,train
n_469,data/raw/SUST Driver Drowsiness Dataset/not drowsiness/n_469.mp4,.mp4,not_drowsy,directory:not drowsiness,,No subject identifier or documented video-to-driver mapping in path or filename.,25.0,250,250,10.0,720,1280,True,,train
n_47,data/raw/SUST Driver Drowsiness Dataset/not drowsiness/n_47.mp4,.mp4,not_drowsy,directory:not drowsiness,,No subject identifier or documented video-to-driver mapping in path or filename.,30.0,300,300,10.0,720,1280,True,,train
n_471,data/raw/SUST Driver Drowsiness Dataset/not drowsiness/n_471.mp4,.mp4,not_drowsy,directory:not drowsiness,,No subject identifier or documented video-to-driver mapping in path or filename.,25.0,250,250,10.0,720,1280,True,,train
n_472,data/raw/SUST Driver Drowsiness Dataset/not drowsiness/n_472.mp4,.mp4,not_drowsy,directory:not drowsiness,,No subject identifier or documented video-to-driver mapping in path or filename.,25.0,250,250,10.0,720,1280,True,,train
n_474,data/raw/SUST Driver Drowsiness Dataset/not drowsiness/n_474.mp4,.mp4,not_drowsy,directory:not drowsiness,,No subject identifier or documented video-to-driver mapping in path or filename.,25.0,250,250,10.0,720,1280,True,,train
n_475,data/raw/SUST Driver Drowsiness Dataset/not drowsiness/n_475.mp4,.mp4,not_drowsy,directory:not drowsiness,,No subject identifier or documented video-to-driver mapping in path or filename.,25.0,250,250,10.0,720,1280,True,,train
n_476,data/raw/SUST Driver Drowsiness Dataset/not drowsiness/n_476.mp4,.mp4,not_drowsy,directory:not drowsiness,,No subject identifier or documented video-to-driver mapping in path or filename.,25.0,250,250,10.0,720,1280,True,,train
n_479,data/raw/SUST Driver Drowsiness Dataset/not drowsiness/n_479.mp4,.mp4,not_drowsy,directory:not drowsiness,,No subject identifier or documented video-to-driver mapping in path or filename.,25.0,250,250,10.0,720,1280,True,,train
n_480,data/raw/SUST Driver Drowsiness Dataset/not drowsiness/n_480.mp4,.mp4,not_drowsy,directory:not drowsiness,,No subject identifier or documented video-to-driver mapping in path or filename.,25.0,250,250,10.0,720,1280,True,,train
n_482,data/raw/SUST Driver Drowsiness Dataset/not drowsiness/n_482.mp4,.mp4,not_drowsy,directory:not drowsiness,,No subject identifier or documented video-to-driver mapping in path or filename.,25.0,250,250,10.0,720,1280,True,,train
n_483,data/raw/SUST Driver Drowsiness Dataset/not drowsiness/n_483.mp4,.mp4,not_drowsy,directory:not drowsiness,,No subject identifier or documented video-to-driver mapping in path or filename.,25.0,250,250,10.0,720,1280,True,,train
n_484,data/raw/SUST Driver Drowsiness Dataset/not drowsiness/n_484.mp4,.mp4,not_drowsy,directory:not drowsiness,,No subject identifier or documented video-to-driver mapping in path or filename.,25.0,250,250,10.0,720,1280,True,,train
n_485,data/raw/SUST Driver Drowsiness Dataset/not drowsiness/n_485.mp4,.mp4,not_drowsy,directory:not drowsiness,,No subject identifier or documented video-to-driver mapping in path or filename.,25.0,250,250,10.0,720,1280,True,,train
n_486,data/raw/SUST Driver Drowsiness Dataset/not drowsiness/n_486.mp4,.mp4,not_drowsy,directory:not drowsiness,,No subject identifier or documented video-to-driver mapping in path or filename.,25.0,250,250,10.0,720,1280,True,,train
n_487,data/raw/SUST Driver Drowsiness Dataset/not drowsiness/n_487.mp4,.mp4,not_drowsy,directory:not drowsiness,,No subject identifier or documented video-to-driver mapping in path or filename.,25.0,250,250,10.0,720,1280,True,,train
n_489,data/raw/SUST Driver Drowsiness Dataset/not drowsiness/n_489.mp4,.mp4,not_drowsy,directory:not drowsiness,,No subject identifier or documented video-to-driver mapping in path or filename.,25.0,250,250,10.0,720,1280,True,,train
n_49,data/raw/SUST Driver Drowsiness Dataset/not drowsiness/n_49.mp4,.mp4,not_drowsy,directory:not drowsiness,,No subject identifier or documented video-to-driver mapping in path or filename.,30.0,300,300,10.0,720,1280,True,,train
n_490,data/raw/SUST Driver Drowsiness Dataset/not drowsiness/n_490.mp4,.mp4,not_drowsy,directory:not drowsiness,,No subject identifier or documented video-to-driver mapping in path or filename.,25.0,250,250,10.0,720,1280,True,,train
n_491,data/raw/SUST Driver Drowsiness Dataset/not drowsiness/n_491.mp4,.mp4,not_drowsy,directory:not drowsiness,,No subject identifier or documented video-to-driver mapping in path or filename.,25.0,250,250,10.0,720,1280,True,,train
n_492,data/raw/SUST Driver Drowsiness Dataset/not drowsiness/n_492.mp4,.mp4,not_drowsy,directory:not drowsiness,,No subject identifier or documented video-to-driver mapping in path or filename.,25.0,250,250,10.0,720,1280,True,,train
n_495,data/raw/SUST Driver Drowsiness Dataset/not drowsiness/n_495.mp4,.mp4,not_drowsy,directory:not drowsiness,,No subject identifier or documented video-to-driver mapping in path or filename.,25.0,250,250,10.0,720,1280,True,,train
n_496,data/raw/SUST Driver Drowsiness Dataset/not drowsiness/n_496.mp4,.mp4,not_drowsy,directory:not drowsiness,,No subject identifier or documented video-to-driver mapping in path or filename.,25.0,250,250,10.0,720,1280,True,,train
n_497,data/raw/SUST Driver Drowsiness Dataset/not drowsiness/n_497.mp4,.mp4,not_drowsy,directory:not drowsiness,,No subject identifier or documented video-to-driver mapping in path or filename.,25.0,250,250,10.0,720,1280,True,,train
n_498,data/raw/SUST Driver Drowsiness Dataset/not drowsiness/n_498.mp4,.mp4,not_drowsy,directory:not drowsiness,,No subject identifier or documented video-to-driver mapping in path or filename.,25.0,250,250,10.0,720,1280,True,,train
n_499,data/raw/SUST Driver Drowsiness Dataset/not drowsiness/n_499.mp4,.mp4,not_drowsy,directory:not drowsiness,,No subject identifier or documented video-to-driver mapping in path or filename.,25.0,250,250,10.0,720,1280,True,,train
n_5,data/raw/SUST Driver Drowsiness Dataset/not drowsiness/n_5.mp4,.mp4,not_drowsy,directory:not drowsiness,,No subject identifier or documented video-to-driver mapping in path or filename.,30.0,300,300,10.0,720,1280,True,,train
n_50,data/raw/SUST Driver Drowsiness Dataset/not drowsiness/n_50.mp4,.mp4,not_drowsy,directory:not drowsiness,,No subject identifier or documented video-to-driver mapping in path or filename.,30.0,300,300,10.0,720,1280,True,,train
n_501,data/raw/SUST Driver Drowsiness Dataset/not drowsiness/n_501.mp4,.mp4,not_drowsy,directory:not drowsiness,,No subject identifier or documented video-to-driver mapping in path or filename.,25.0,250,250,10.0,720,1280,True,,train
n_503,data/raw/SUST Driver Drowsiness Dataset/not drowsiness/n_503.mp4,.mp4,not_drowsy,directory:not drowsiness,,No subject identifier or documented video-to-driver mapping in path or filename.,25.0,250,250,10.0,720,1280,True,,train
n_506,data/raw/SUST Driver Drowsiness Dataset/not drowsiness/n_506.mp4,.mp4,not_drowsy,directory:not drowsiness,,No subject identifier or documented video-to-driver mapping in path or filename.,25.0,250,250,10.0,720,1280,True,,train
n_507,data/raw/SUST Driver Drowsiness Dataset/not drowsiness/n_507.mp4,.mp4,not_drowsy,directory:not drowsiness,,No subject identifier or documented video-to-driver mapping in path or filename.,25.0,250,250,10.0,720,1280,True,,train
n_51,data/raw/SUST Driver Drowsiness Dataset/not drowsiness/n_51.mp4,.mp4,not_drowsy,directory:not drowsiness,,No subject identifier or documented video-to-driver mapping in path or filename.,30.0,300,300,10.0,720,1280,True,,train
n_510,data/raw/SUST Driver Drowsiness Dataset/not drowsiness/n_510.mp4,.mp4,not_drowsy,directory:not drowsiness,,No subject identifier or documented video-to-driver mapping in path or filename.,25.0,250,250,10.0,720,1280,True,,train
n_511,data/raw/SUST Driver Drowsiness Dataset/not drowsiness/n_511.mp4,.mp4,not_drowsy,directory:not drowsiness,,No subject identifier or documented video-to-driver mapping in path or filename.,25.0,250,250,10.0,720,1280,True,,train
n_512,data/raw/SUST Driver Drowsiness Dataset/not drowsiness/n_512.mp4,.mp4,not_drowsy,directory:not drowsiness,,No subject identifier or documented video-to-driver mapping in path or filename.,25.0,250,250,10.0,720,1280,True,,train
n_513,data/raw/SUST Driver Drowsiness Dataset/not drowsiness/n_513.mp4,.mp4,not_drowsy,directory:not drowsiness,,No subject identifier or documented video-to-driver mapping in path or filename.,25.0,250,250,10.0,720,1280,True,,train
n_514,data/raw/SUST Driver Drowsiness Dataset/not drowsiness/n_514.mp4,.mp4,not_drowsy,directory:not drowsiness,,No subject identifier or documented video-to-driver mapping in path or filename.,25.0,250,250,10.0,720,1280,True,,train
n_515,data/raw/SUST Driver Drowsiness Dataset/not drowsiness/n_515.mp4,.mp4,not_drowsy,directory:not drowsiness,,No subject identifier or documented video-to-driver mapping in path or filename.,25.0,250,250,10.0,720,1280,True,,train
n_516,data/raw/SUST Driver Drowsiness Dataset/not drowsiness/n_516.mp4,.mp4,not_drowsy,directory:not drowsiness,,No subject identifier or documented video-to-driver mapping in path or filename.,25.0,250,250,10.0,720,1280,True,,train
n_517,data/raw/SUST Driver Drowsiness Dataset/not drowsiness/n_517.mp4,.mp4,not_drowsy,directory:not drowsiness,,No subject identifier or documented video-to-driver mapping in path or filename.,25.0,250,250,10.0,720,1280,True,,train
n_518,data/raw/SUST Driver Drowsiness Dataset/not drowsiness/n_518.mp4,.mp4,not_drowsy,directory:not drowsiness,,No subject identifier or documented video-to-driver mapping in path or filename.,25.0,250,250,10.0,720,1280,True,,train
n_519,data/raw/SUST Driver Drowsiness Dataset/not drowsiness/n_519.mp4,.mp4,not_drowsy,directory:not drowsiness,,No subject identifier or documented video-to-driver mapping in path or filename.,25.0,250,250,10.0,720,1280,True,,train
n_52,data/raw/SUST Driver Drowsiness Dataset/not drowsiness/n_52.mp4,.mp4,not_drowsy,directory:not drowsiness,,No subject identifier or documented video-to-driver mapping in path or filename.,30.0,300,300,10.0,720,1280,True,,train
n_522,data/raw/SUST Driver Drowsiness Dataset/not drowsiness/n_522.mp4,.mp4,not_drowsy,directory:not drowsiness,,No subject identifier or documented video-to-driver mapping in path or filename.,25.0,250,250,10.0,720,1280,True,,train
n_523,data/raw/SUST Driver Drowsiness Dataset/not drowsiness/n_523.mp4,.mp4,not_drowsy,directory:not drowsiness,,No subject identifier or documented video-to-driver mapping in path or filename.,25.0,250,250,10.0,720,1280,True,,train
n_524,data/raw/SUST Driver Drowsiness Dataset/not drowsiness/n_524.mp4,.mp4,not_drowsy,directory:not drowsiness,,No subject identifier or documented video-to-driver mapping in path or filename.,25.0,250,250,10.0,720,1280,True,,train
n_527,data/raw/SUST Driver Drowsiness Dataset/not drowsiness/n_527.mp4,.mp4,not_drowsy,directory:not drowsiness,,No subject identifier or documented video-to-driver mapping in path or filename.,25.0,250,250,10.0,720,1280,True,,train
n_528,data/raw/SUST Driver Drowsiness Dataset/not drowsiness/n_528.mp4,.mp4,not_drowsy,directory:not drowsiness,,No subject identifier or documented video-to-driver mapping in path or filename.,25.0,250,250,10.0,720,1280,True,,train
n_53,data/raw/SUST Driver Drowsiness Dataset/not drowsiness/n_53.mp4,.mp4,not_drowsy,directory:not drowsiness,,No subject identifier or documented video-to-driver mapping in path or filename.,30.0,300,300,10.0,720,1280,True,,train
n_531,data/raw/SUST Driver Drowsiness Dataset/not drowsiness/n_531.mp4,.mp4,not_drowsy,directory:not drowsiness,,No subject identifier or documented video-to-driver mapping in path or filename.,30.0,300,300,10.0,720,1280,True,,train
n_532,data/raw/SUST Driver Drowsiness Dataset/not drowsiness/n_532.mp4,.mp4,not_drowsy,directory:not drowsiness,,No subject identifier or documented video-to-driver mapping in path or filename.,30.0,300,300,10.0,720,1280,True,,train
n_533,data/raw/SUST Driver Drowsiness Dataset/not drowsiness/n_533.mp4,.mp4,not_drowsy,directory:not drowsiness,,No subject identifier or documented video-to-driver mapping in path or filename.,30.0,300,300,10.0,720,1280,True,,train
n_534,data/raw/SUST Driver Drowsiness Dataset/not drowsiness/n_534.mp4,.mp4,not_drowsy,directory:not drowsiness,,No subject identifier or documented video-to-driver mapping in path or filename.,30.0,300,300,10.0,720,1280,True,,train
n_535,data/raw/SUST Driver Drowsiness Dataset/not drowsiness/n_535.mp4,.mp4,not_drowsy,directory:not drowsiness,,No subject identifier or documented video-to-driver mapping in path or filename.,30.0,300,300,10.0,720,1280,True,,train
n_536,data/raw/SUST Driver Drowsiness Dataset/not drowsiness/n_536.mp4,.mp4,not_drowsy,directory:not drowsiness,,No subject identifier or documented video-to-driver mapping in path or filename.,30.0,300,300,10.0,720,1280,True,,train
n_537,data/raw/SUST Driver Drowsiness Dataset/not drowsiness/n_537.mp4,.mp4,not_drowsy,directory:not drowsiness,,No subject identifier or documented video-to-driver mapping in path or filename.,30.0,300,300,10.0,720,1280,True,,train
n_538,data/raw/SUST Driver Drowsiness Dataset/not drowsiness/n_538.mp4,.mp4,not_drowsy,directory:not drowsiness,,No subject identifier or documented video-to-driver mapping in path or filename.,30.0,300,300,10.0,720,1280,True,,train
n_539,data/raw/SUST Driver Drowsiness Dataset/not drowsiness/n_539.mp4,.mp4,not_drowsy,directory:not drowsiness,,No subject identifier or documented video-to-driver mapping in path or filename.,30.0,300,300,10.0,720,1280,True,,train
n_54,data/raw/SUST Driver Drowsiness Dataset/not drowsiness/n_54.mp4,.mp4,not_drowsy,directory:not drowsiness,,No subject identifier or documented video-to-driver mapping in path or filename.,30.0,300,300,10.0,720,1280,True,,train
n_541,data/raw/SUST Driver Drowsiness Dataset/not drowsiness/n_541.mp4,.mp4,not_drowsy,directory:not drowsiness,,No subject identifier or documented video-to-driver mapping in path or filename.,30.0,300,300,10.0,720,1280,True,,train
n_542,data/raw/SUST Driver Drowsiness Dataset/not drowsiness/n_542.mp4,.mp4,not_drowsy,directory:not drowsiness,,No subject identifier or documented video-to-driver mapping in path or filename.,30.0,300,300,10.0,720,1280,True,,train
n_543,data/raw/SUST Driver Drowsiness Dataset/not drowsiness/n_543.mp4,.mp4,not_drowsy,directory:not drowsiness,,No subject identifier or documented video-to-driver mapping in path or filename.,30.0,300,300,10.0,720,1280,True,,train
n_545,data/raw/SUST Driver Drowsiness Dataset/not drowsiness/n_545.mp4,.mp4,not_drowsy,directory:not drowsiness,,No subject identifier or documented video-to-driver mapping in path or filename.,30.0,300,300,10.0,720,1280,True,,train
n_546,data/raw/SUST Driver Drowsiness Dataset/not drowsiness/n_546.mp4,.mp4,not_drowsy,directory:not drowsiness,,No subject identifier or documented video-to-driver mapping in path or filename.,30.0,300,300,10.0,720,1280,True,,train
n_547,data/raw/SUST Driver Drowsiness Dataset/not drowsiness/n_547.mp4,.mp4,not_drowsy,directory:not drowsiness,,No subject identifier or documented video-to-driver mapping in path or filename.,30.0,300,300,10.0,720,1280,True,,train
n_548,data/raw/SUST Driver Drowsiness Dataset/not drowsiness/n_548.mp4,.mp4,not_drowsy,directory:not drowsiness,,No subject identifier or documented video-to-driver mapping in path or filename.,30.0,300,300,10.0,720,1280,True,,train
n_549,data/raw/SUST Driver Drowsiness Dataset/not drowsiness/n_549.mp4,.mp4,not_drowsy,directory:not drowsiness,,No subject identifier or documented video-to-driver mapping in path or filename.,30.0,300,300,10.0,720,1280,True,,train
n_55,data/raw/SUST Driver Drowsiness Dataset/not drowsiness/n_55.mp4,.mp4,not_drowsy,directory:not drowsiness,,No subject identifier or documented video-to-driver mapping in path or filename.,30.0,300,300,10.0,720,1280,True,,train
n_550,data/raw/SUST Driver Drowsiness Dataset/not drowsiness/n_550.mp4,.mp4,not_drowsy,directory:not drowsiness,,No subject identifier or documented video-to-driver mapping in path or filename.,30.0,300,300,10.0,720,1280,True,,train
n_551,data/raw/SUST Driver Drowsiness Dataset/not drowsiness/n_551.mp4,.mp4,not_drowsy,directory:not drowsiness,,No subject identifier or documented video-to-driver mapping in path or filename.,30.0,300,300,10.0,720,1280,True,,train
n_552,data/raw/SUST Driver Drowsiness Dataset/not drowsiness/n_552.mp4,.mp4,not_drowsy,directory:not drowsiness,,No subject identifier or documented video-to-driver mapping in path or filename.,30.0,300,300,10.0,720,1280,True,,train
n_554,data/raw/SUST Driver Drowsiness Dataset/not drowsiness/n_554.mp4,.mp4,not_drowsy,directory:not drowsiness,,No subject identifier or documented video-to-driver mapping in path or filename.,30.0,300,300,10.0,720,1280,True,,train
n_556,data/raw/SUST Driver Drowsiness Dataset/not drowsiness/n_556.mp4,.mp4,not_drowsy,directory:not drowsiness,,No subject identifier or documented video-to-driver mapping in path or filename.,30.0,300,300,10.0,720,1280,True,,train
n_56,data/raw/SUST Driver Drowsiness Dataset/not drowsiness/n_56.mp4,.mp4,not_drowsy,directory:not drowsiness,,No subject identifier or documented video-to-driver mapping in path or filename.,30.0,300,300,10.0,720,1280,True,,train
n_560,data/raw/SUST Driver Drowsiness Dataset/not drowsiness/n_560.mp4,.mp4,not_drowsy,directory:not drowsiness,,No subject identifier or documented video-to-driver mapping in path or filename.,30.0,300,300,10.0,720,1280,True,,train
n_561,data/raw/SUST Driver Drowsiness Dataset/not drowsiness/n_561.mp4,.mp4,not_drowsy,directory:not drowsiness,,No subject identifier or documented video-to-driver mapping in path or filename.,30.0,300,300,10.0,720,1280,True,,train
n_562,data/raw/SUST Driver Drowsiness Dataset/not drowsiness/n_562.mp4,.mp4,not_drowsy,directory:not drowsiness,,No subject identifier or documented video-to-driver mapping in path or filename.,30.0,300,300,10.0,720,1280,True,,train
n_563,data/raw/SUST Driver Drowsiness Dataset/not drowsiness/n_563.mp4,.mp4,not_drowsy,directory:not drowsiness,,No subject identifier or documented video-to-driver mapping in path or filename.,30.0,300,300,10.0,720,1280,True,,train
n_564,data/raw/SUST Driver Drowsiness Dataset/not drowsiness/n_564.mp4,.mp4,not_drowsy,directory:not drowsiness,,No subject identifier or documented video-to-driver mapping in path or filename.,30.0,300,300,10.0,720,1280,True,,train
n_565,data/raw/SUST Driver Drowsiness Dataset/not drowsiness/n_565.mp4,.mp4,not_drowsy,directory:not drowsiness,,No subject identifier or documented video-to-driver mapping in path or filename.,30.0,300,300,10.0,720,1280,True,,train
n_566,data/raw/SUST Driver Drowsiness Dataset/not drowsiness/n_566.mp4,.mp4,not_drowsy,directory:not drowsiness,,No subject identifier or documented video-to-driver mapping in path or filename.,30.0,300,300,10.0,720,1280,True,,train
n_567,data/raw/SUST Driver Drowsiness Dataset/not drowsiness/n_567.mp4,.mp4,not_drowsy,directory:not drowsiness,,No subject identifier or documented video-to-driver mapping in path or filename.,30.0,300,300,10.0,720,1280,True,,train
n_568,data/raw/SUST Driver Drowsiness Dataset/not drowsiness/n_568.mp4,.mp4,not_drowsy,directory:not drowsiness,,No subject identifier or documented video-to-driver mapping in path or filename.,30.0,300,300,10.0,720,1280,True,,train
n_569,data/raw/SUST Driver Drowsiness Dataset/not drowsiness/n_569.mp4,.mp4,not_drowsy,directory:not drowsiness,,No subject identifier or documented video-to-driver mapping in path or filename.,30.0,300,300,10.0,720,1280,True,,train
n_570,data/raw/SUST Driver Drowsiness Dataset/not drowsiness/n_570.mp4,.mp4,not_drowsy,directory:not drowsiness,,No subject identifier or documented video-to-driver mapping in path or filename.,30.0,300,300,10.0,720,1280,True,,train
n_571,data/raw/SUST Driver Drowsiness Dataset/not drowsiness/n_571.mp4,.mp4,not_drowsy,directory:not drowsiness,,No subject identifier or documented video-to-driver mapping in path or filename.,30.0,300,300,10.0,720,1280,True,,train
n_572,data/raw/SUST Driver Drowsiness Dataset/not drowsiness/n_572.mp4,.mp4,not_drowsy,directory:not drowsiness,,No subject identifier or documented video-to-driver mapping in path or filename.,30.0,300,300,10.0,720,1280,True,,train
n_574,data/raw/SUST Driver Drowsiness Dataset/not drowsiness/n_574.mp4,.mp4,not_drowsy,directory:not drowsiness,,No subject identifier or documented video-to-driver mapping in path or filename.,30.0,300,300,10.0,720,1280,True,,train
n_576,data/raw/SUST Driver Drowsiness Dataset/not drowsiness/n_576.mp4,.mp4,not_drowsy,directory:not drowsiness,,No subject identifier or documented video-to-driver mapping in path or filename.,30.0,300,300,10.0,720,1280,True,,train
n_577,data/raw/SUST Driver Drowsiness Dataset/not drowsiness/n_577.mp4,.mp4,not_drowsy,directory:not drowsiness,,No subject identifier or documented video-to-driver mapping in path or filename.,30.0,300,300,10.0,720,1280,True,,train
n_578,data/raw/SUST Driver Drowsiness Dataset/not drowsiness/n_578.mp4,.mp4,not_drowsy,directory:not drowsiness,,No subject identifier or documented video-to-driver mapping in path or filename.,30.0,300,300,10.0,720,1280,True,,train
n_579,data/raw/SUST Driver Drowsiness Dataset/not drowsiness/n_579.mp4,.mp4,not_drowsy,directory:not drowsiness,,No subject identifier or documented video-to-driver mapping in path or filename.,30.0,300,300,10.0,720,1280,True,,train
n_58,data/raw/SUST Driver Drowsiness Dataset/not drowsiness/n_58.mp4,.mp4,not_drowsy,directory:not drowsiness,,No subject identifier or documented video-to-driver mapping in path or filename.,30.0,300,300,10.0,720,1280,True,,train
n_581,data/raw/SUST Driver Drowsiness Dataset/not drowsiness/n_581.mp4,.mp4,not_drowsy,directory:not drowsiness,,No subject identifier or documented video-to-driver mapping in path or filename.,30.0,300,300,10.0,720,1280,True,,train
n_583,data/raw/SUST Driver Drowsiness Dataset/not drowsiness/n_583.mp4,.mp4,not_drowsy,directory:not drowsiness,,No subject identifier or documented video-to-driver mapping in path or filename.,30.0,300,300,10.0,720,1280,True,,train
n_584,data/raw/SUST Driver Drowsiness Dataset/not drowsiness/n_584.mp4,.mp4,not_drowsy,directory:not drowsiness,,No subject identifier or documented video-to-driver mapping in path or filename.,30.0,300,300,10.0,720,1280,True,,train
n_585,data/raw/SUST Driver Drowsiness Dataset/not drowsiness/n_585.mp4,.mp4,not_drowsy,directory:not drowsiness,,No subject identifier or documented video-to-driver mapping in path or filename.,30.0,300,300,10.0,720,1280,True,,train
n_587,data/raw/SUST Driver Drowsiness Dataset/not drowsiness/n_587.mp4,.mp4,not_drowsy,directory:not drowsiness,,No subject identifier or documented video-to-driver mapping in path or filename.,30.0,300,300,10.0,720,1280,True,,train
n_588,data/raw/SUST Driver Drowsiness Dataset/not drowsiness/n_588.mp4,.mp4,not_drowsy,directory:not drowsiness,,No subject identifier or documented video-to-driver mapping in path or filename.,30.0,300,300,10.0,720,1280,True,,train
n_59,data/raw/SUST Driver Drowsiness Dataset/not drowsiness/n_59.mp4,.mp4,not_drowsy,directory:not drowsiness,,No subject identifier or documented video-to-driver mapping in path or filename.,30.0,300,300,10.0,720,1280,True,,train
n_592,data/raw/SUST Driver Drowsiness Dataset/not drowsiness/n_592.mp4,.mp4,not_drowsy,directory:not drowsiness,,No subject identifier or documented video-to-driver mapping in path or filename.,30.0,300,300,10.0,720,1280,True,,train
n_595,data/raw/SUST Driver Drowsiness Dataset/not drowsiness/n_595.mp4,.mp4,not_drowsy,directory:not drowsiness,,No subject identifier or documented video-to-driver mapping in path or filename.,30.0,300,300,10.0,720,1280,True,,train
n_597,data/raw/SUST Driver Drowsiness Dataset/not drowsiness/n_597.mp4,.mp4,not_drowsy,directory:not drowsiness,,No subject identifier or documented video-to-driver mapping in path or filename.,30.0,300,300,10.0,720,1280,True,,train
n_598,data/raw/SUST Driver Drowsiness Dataset/not drowsiness/n_598.mp4,.mp4,not_drowsy,directory:not drowsiness,,No subject identifier or documented video-to-driver mapping in path or filename.,30.0,300,300,10.0,720,1280,True,,train
n_601,data/raw/SUST Driver Drowsiness Dataset/not drowsiness/n_601.mp4,.mp4,not_drowsy,directory:not drowsiness,,No subject identifier or documented video-to-driver mapping in path or filename.,30.0,300,300,10.0,720,1280,True,,train
n_603,data/raw/SUST Driver Drowsiness Dataset/not drowsiness/n_603.mp4,.mp4,not_drowsy,directory:not drowsiness,,No subject identifier or documented video-to-driver mapping in path or filename.,30.0,300,300,10.0,720,1280,True,,train
n_604,data/raw/SUST Driver Drowsiness Dataset/not drowsiness/n_604.mp4,.mp4,not_drowsy,directory:not drowsiness,,No subject identifier or documented video-to-driver mapping in path or filename.,30.0,300,300,10.0,720,1280,True,,train
n_605,data/raw/SUST Driver Drowsiness Dataset/not drowsiness/n_605.mp4,.mp4,not_drowsy,directory:not drowsiness,,No subject identifier or documented video-to-driver mapping in path or filename.,30.0,300,300,10.0,720,1280,True,,train
n_606,data/raw/SUST Driver Drowsiness Dataset/not drowsiness/n_606.mp4,.mp4,not_drowsy,directory:not drowsiness,,No subject identifier or documented video-to-driver mapping in path or filename.,30.0,300,300,10.0,720,1280,True,,train
n_607,data/raw/SUST Driver Drowsiness Dataset/not drowsiness/n_607.mp4,.mp4,not_drowsy,directory:not drowsiness,,No subject identifier or documented video-to-driver mapping in path or filename.,30.0,300,300,10.0,720,1280,True,,train
n_608,data/raw/SUST Driver Drowsiness Dataset/not drowsiness/n_608.mp4,.mp4,not_drowsy,directory:not drowsiness,,No subject identifier or documented video-to-driver mapping in path or filename.,30.0,300,300,10.0,720,1280,True,,train
n_609,data/raw/SUST Driver Drowsiness Dataset/not drowsiness/n_609.mp4,.mp4,not_drowsy,directory:not drowsiness,,No subject identifier or documented video-to-driver mapping in path or filename.,30.0,300,300,10.0,720,1280,True,,train
n_610,data/raw/SUST Driver Drowsiness Dataset/not drowsiness/n_610.mp4,.mp4,not_drowsy,directory:not drowsiness,,No subject identifier or documented video-to-driver mapping in path or filename.,30.0,300,300,10.0,720,1280,True,,train
n_612,data/raw/SUST Driver Drowsiness Dataset/not drowsiness/n_612.mp4,.mp4,not_drowsy,directory:not drowsiness,,No subject identifier or documented video-to-driver mapping in path or filename.,30.0,300,300,10.0,720,1280,True,,train
n_614,data/raw/SUST Driver Drowsiness Dataset/not drowsiness/n_614.mp4,.mp4,not_drowsy,directory:not drowsiness,,No subject identifier or documented video-to-driver mapping in path or filename.,30.0,300,300,10.0,720,1280,True,,train
n_615,data/raw/SUST Driver Drowsiness Dataset/not drowsiness/n_615.mp4,.mp4,not_drowsy,directory:not drowsiness,,No subject identifier or documented video-to-driver mapping in path or filename.,30.0,300,300,10.0,720,1280,True,,train
n_616,data/raw/SUST Driver Drowsiness Dataset/not drowsiness/n_616.mp4,.mp4,not_drowsy,directory:not drowsiness,,No subject identifier or documented video-to-driver mapping in path or filename.,30.0,300,300,10.0,720,1280,True,,train
n_617,data/raw/SUST Driver Drowsiness Dataset/not drowsiness/n_617.mp4,.mp4,not_drowsy,directory:not drowsiness,,No subject identifier or documented video-to-driver mapping in path or filename.,30.0,300,300,10.0,720,1280,True,,train
n_62,data/raw/SUST Driver Drowsiness Dataset/not drowsiness/n_62.mp4,.mp4,not_drowsy,directory:not drowsiness,,No subject identifier or documented video-to-driver mapping in path or filename.,30.0,300,300,10.0,720,1280,True,,train
n_620,data/raw/SUST Driver Drowsiness Dataset/not drowsiness/n_620.mp4,.mp4,not_drowsy,directory:not drowsiness,,No subject identifier or documented video-to-driver mapping in path or filename.,30.0,300,300,10.0,720,1280,True,,train
n_622,data/raw/SUST Driver Drowsiness Dataset/not drowsiness/n_622.mp4,.mp4,not_drowsy,directory:not drowsiness,,No subject identifier or documented video-to-driver mapping in path or filename.,30.0,300,300,10.0,720,1280,True,,train
n_623,data/raw/SUST Driver Drowsiness Dataset/not drowsiness/n_623.mp4,.mp4,not_drowsy,directory:not drowsiness,,No subject identifier or documented video-to-driver mapping in path or filename.,30.0,300,300,10.0,720,1280,True,,train
n_625,data/raw/SUST Driver Drowsiness Dataset/not drowsiness/n_625.mp4,.mp4,not_drowsy,directory:not drowsiness,,No subject identifier or documented video-to-driver mapping in path or filename.,30.0,300,300,10.0,720,1280,True,,train
n_627,data/raw/SUST Driver Drowsiness Dataset/not drowsiness/n_627.mp4,.mp4,not_drowsy,directory:not drowsiness,,No subject identifier or documented video-to-driver mapping in path or filename.,30.0,300,300,10.0,720,1280,True,,train
n_628,data/raw/SUST Driver Drowsiness Dataset/not drowsiness/n_628.mp4,.mp4,not_drowsy,directory:not drowsiness,,No subject identifier or documented video-to-driver mapping in path or filename.,30.0,300,300,10.0,720,1280,True,,train
n_629,data/raw/SUST Driver Drowsiness Dataset/not drowsiness/n_629.mp4,.mp4,not_drowsy,directory:not drowsiness,,No subject identifier or documented video-to-driver mapping in path or filename.,30.0,300,300,10.0,720,1280,True,,train
n_63,data/raw/SUST Driver Drowsiness Dataset/not drowsiness/n_63.mp4,.mp4,not_drowsy,directory:not drowsiness,,No subject identifier or documented video-to-driver mapping in path or filename.,30.0,300,300,10.0,720,1280,True,,train
n_631,data/raw/SUST Driver Drowsiness Dataset/not drowsiness/n_631.mp4,.mp4,not_drowsy,directory:not drowsiness,,No subject identifier or documented video-to-driver mapping in path or filename.,30.0,300,300,10.0,720,1280,True,,train
n_632,data/raw/SUST Driver Drowsiness Dataset/not drowsiness/n_632.mp4,.mp4,not_drowsy,directory:not drowsiness,,No subject identifier or documented video-to-driver mapping in path or filename.,30.0,300,300,10.0,720,1280,True,,train
n_633,data/raw/SUST Driver Drowsiness Dataset/not drowsiness/n_633.mp4,.mp4,not_drowsy,directory:not drowsiness,,No subject identifier or documented video-to-driver mapping in path or filename.,30.0,300,300,10.0,720,1280,True,,train
n_636,data/raw/SUST Driver Drowsiness Dataset/not drowsiness/n_636.mp4,.mp4,not_drowsy,directory:not drowsiness,,No subject identifier or documented video-to-driver mapping in path or filename.,30.0,300,300,10.0,720,1280,True,,train
n_638,data/raw/SUST Driver Drowsiness Dataset/not drowsiness/n_638.mp4,.mp4,not_drowsy,directory:not drowsiness,,No subject identifier or documented video-to-driver mapping in path or filename.,30.0,300,300,10.0,720,1280,True,,train
n_64,data/raw/SUST Driver Drowsiness Dataset/not drowsiness/n_64.mp4,.mp4,not_drowsy,directory:not drowsiness,,No subject identifier or documented video-to-driver mapping in path or filename.,30.0,300,300,10.0,720,1280,True,,train
n_641,data/raw/SUST Driver Drowsiness Dataset/not drowsiness/n_641.mp4,.mp4,not_drowsy,directory:not drowsiness,,No subject identifier or documented video-to-driver mapping in path or filename.,30.0,300,300,10.0,720,1280,True,,train
n_642,data/raw/SUST Driver Drowsiness Dataset/not drowsiness/n_642.mp4,.mp4,not_drowsy,directory:not drowsiness,,No subject identifier or documented video-to-driver mapping in path or filename.,30.0,300,300,10.0,720,1280,True,,train
n_647,data/raw/SUST Driver Drowsiness Dataset/not drowsiness/n_647.mp4,.mp4,not_drowsy,directory:not drowsiness,,No subject identifier or documented video-to-driver mapping in path or filename.,30.0,300,300,10.0,720,1280,True,,train
n_648,data/raw/SUST Driver Drowsiness Dataset/not drowsiness/n_648.mp4,.mp4,not_drowsy,directory:not drowsiness,,No subject identifier or documented video-to-driver mapping in path or filename.,30.0,300,300,10.0,720,1280,True,,train
n_649,data/raw/SUST Driver Drowsiness Dataset/not drowsiness/n_649.mp4,.mp4,not_drowsy,directory:not drowsiness,,No subject identifier or documented video-to-driver mapping in path or filename.,30.0,300,300,10.0,720,1280,True,,train
n_65,data/raw/SUST Driver Drowsiness Dataset/not drowsiness/n_65.mp4,.mp4,not_drowsy,directory:not drowsiness,,No subject identifier or documented video-to-driver mapping in path or filename.,30.0,300,300,10.0,720,1280,True,,train
n_650,data/raw/SUST Driver Drowsiness Dataset/not drowsiness/n_650.mp4,.mp4,not_drowsy,directory:not drowsiness,,No subject identifier or documented video-to-driver mapping in path or filename.,30.0,300,300,10.0,720,1280,True,,train
n_651,data/raw/SUST Driver Drowsiness Dataset/not drowsiness/n_651.mp4,.mp4,not_drowsy,directory:not drowsiness,,No subject identifier or documented video-to-driver mapping in path or filename.,30.0,300,300,10.0,720,1280,True,,train
n_652,data/raw/SUST Driver Drowsiness Dataset/not drowsiness/n_652.mp4,.mp4,not_drowsy,directory:not drowsiness,,No subject identifier or documented video-to-driver mapping in path or filename.,30.0,300,300,10.0,720,1280,True,,train
n_655,data/raw/SUST Driver Drowsiness Dataset/not drowsiness/n_655.mp4,.mp4,not_drowsy,directory:not drowsiness,,No subject identifier or documented video-to-driver mapping in path or filename.,30.0,300,300,10.0,720,1280,True,,train
n_657,data/raw/SUST Driver Drowsiness Dataset/not drowsiness/n_657.mp4,.mp4,not_drowsy,directory:not drowsiness,,No subject identifier or documented video-to-driver mapping in path or filename.,30.0,300,300,10.0,720,1280,True,,train
n_659,data/raw/SUST Driver Drowsiness Dataset/not drowsiness/n_659.mp4,.mp4,not_drowsy,directory:not drowsiness,,No subject identifier or documented video-to-driver mapping in path or filename.,30.0,300,300,10.0,720,1280,True,,train
n_66,data/raw/SUST Driver Drowsiness Dataset/not drowsiness/n_66.mp4,.mp4,not_drowsy,directory:not drowsiness,,No subject identifier or documented video-to-driver mapping in path or filename.,30.0,300,300,10.0,720,1280,True,,train
n_660,data/raw/SUST Driver Drowsiness Dataset/not drowsiness/n_660.mp4,.mp4,not_drowsy,directory:not drowsiness,,No subject identifier or documented video-to-driver mapping in path or filename.,30.0,300,300,10.0,720,1280,True,,train
n_661,data/raw/SUST Driver Drowsiness Dataset/not drowsiness/n_661.mp4,.mp4,not_drowsy,directory:not drowsiness,,No subject identifier or documented video-to-driver mapping in path or filename.,30.0,300,300,10.0,720,1280,True,,train
n_662,data/raw/SUST Driver Drowsiness Dataset/not drowsiness/n_662.mp4,.mp4,not_drowsy,directory:not drowsiness,,No subject identifier or documented video-to-driver mapping in path or filename.,30.0,300,300,10.0,720,1280,True,,train
n_668,data/raw/SUST Driver Drowsiness Dataset/not drowsiness/n_668.mp4,.mp4,not_drowsy,directory:not drowsiness,,No subject identifier or documented video-to-driver mapping in path or filename.,25.0,250,250,10.0,720,1280,True,,train
n_670,data/raw/SUST Driver Drowsiness Dataset/not drowsiness/n_670.mp4,.mp4,not_drowsy,directory:not drowsiness,,No subject identifier or documented video-to-driver mapping in path or filename.,25.0,250,250,10.0,720,1280,True,,train
n_673,data/raw/SUST Driver Drowsiness Dataset/not drowsiness/n_673.mp4,.mp4,not_drowsy,directory:not drowsiness,,No subject identifier or documented video-to-driver mapping in path or filename.,25.0,250,250,10.0,720,1280,True,,train
n_675,data/raw/SUST Driver Drowsiness Dataset/not drowsiness/n_675.mp4,.mp4,not_drowsy,directory:not drowsiness,,No subject identifier or documented video-to-driver mapping in path or filename.,25.0,250,250,10.0,720,1280,True,,train
n_676,data/raw/SUST Driver Drowsiness Dataset/not drowsiness/n_676.mp4,.mp4,not_drowsy,directory:not drowsiness,,No subject identifier or documented video-to-driver mapping in path or filename.,25.0,250,250,10.0,720,1280,True,,train
n_677,data/raw/SUST Driver Drowsiness Dataset/not drowsiness/n_677.mp4,.mp4,not_drowsy,directory:not drowsiness,,No subject identifier or documented video-to-driver mapping in path or filename.,25.0,250,250,10.0,720,1280,True,,train
n_678,data/raw/SUST Driver Drowsiness Dataset/not drowsiness/n_678.mp4,.mp4,not_drowsy,directory:not drowsiness,,No subject identifier or documented video-to-driver mapping in path or filename.,25.0,250,250,10.0,720,1280,True,,train
n_679,data/raw/SUST Driver Drowsiness Dataset/not drowsiness/n_679.mp4,.mp4,not_drowsy,directory:not drowsiness,,No subject identifier or documented video-to-driver mapping in path or filename.,25.0,250,250,10.0,720,1280,True,,train
n_68,data/raw/SUST Driver Drowsiness Dataset/not drowsiness/n_68.mp4,.mp4,not_drowsy,directory:not drowsiness,,No subject identifier or documented video-to-driver mapping in path or filename.,30.0,300,300,10.0,720,1280,True,,train
n_680,data/raw/SUST Driver Drowsiness Dataset/not drowsiness/n_680.mp4,.mp4,not_drowsy,directory:not drowsiness,,No subject identifier or documented video-to-driver mapping in path or filename.,25.0,250,250,10.0,720,1280,True,,train
n_681,data/raw/SUST Driver Drowsiness Dataset/not drowsiness/n_681.mp4,.mp4,not_drowsy,directory:not drowsiness,,No subject identifier or documented video-to-driver mapping in path or filename.,25.0,250,250,10.0,720,1280,True,,train
n_683,data/raw/SUST Driver Drowsiness Dataset/not drowsiness/n_683.mp4,.mp4,not_drowsy,directory:not drowsiness,,No subject identifier or documented video-to-driver mapping in path or filename.,25.0,250,250,10.0,720,1280,True,,train
n_684,data/raw/SUST Driver Drowsiness Dataset/not drowsiness/n_684.mp4,.mp4,not_drowsy,directory:not drowsiness,,No subject identifier or documented video-to-driver mapping in path or filename.,25.0,250,250,10.0,720,1280,True,,train
n_686,data/raw/SUST Driver Drowsiness Dataset/not drowsiness/n_686.mp4,.mp4,not_drowsy,directory:not drowsiness,,No subject identifier or documented video-to-driver mapping in path or filename.,25.0,250,250,10.0,720,1280,True,,train
n_687,data/raw/SUST Driver Drowsiness Dataset/not drowsiness/n_687.mp4,.mp4,not_drowsy,directory:not drowsiness,,No subject identifier or documented video-to-driver mapping in path or filename.,25.0,250,250,10.0,720,1280,True,,train
n_689,data/raw/SUST Driver Drowsiness Dataset/not drowsiness/n_689.mp4,.mp4,not_drowsy,directory:not drowsiness,,No subject identifier or documented video-to-driver mapping in path or filename.,25.0,250,250,10.0,720,1280,True,,train
n_69,data/raw/SUST Driver Drowsiness Dataset/not drowsiness/n_69.mp4,.mp4,not_drowsy,directory:not drowsiness,,No subject identifier or documented video-to-driver mapping in path or filename.,30.0,300,300,10.0,720,1280,True,,train
n_690,data/raw/SUST Driver Drowsiness Dataset/not drowsiness/n_690.mp4,.mp4,not_drowsy,directory:not drowsiness,,No subject identifier or documented video-to-driver mapping in path or filename.,25.0,250,250,10.0,720,1280,True,,train
n_691,data/raw/SUST Driver Drowsiness Dataset/not drowsiness/n_691.mp4,.mp4,not_drowsy,directory:not drowsiness,,No subject identifier or documented video-to-driver mapping in path or filename.,25.0,250,250,10.0,720,1280,True,,train
n_694,data/raw/SUST Driver Drowsiness Dataset/not drowsiness/n_694.mp4,.mp4,not_drowsy,directory:not drowsiness,,No subject identifier or documented video-to-driver mapping in path or filename.,25.0,250,250,10.0,720,1280,True,,train
n_695,data/raw/SUST Driver Drowsiness Dataset/not drowsiness/n_695.mp4,.mp4,not_drowsy,directory:not drowsiness,,No subject identifier or documented video-to-driver mapping in path or filename.,25.0,250,250,10.0,720,1280,True,,train
n_696,data/raw/SUST Driver Drowsiness Dataset/not drowsiness/n_696.mp4,.mp4,not_drowsy,directory:not drowsiness,,No subject identifier or documented video-to-driver mapping in path or filename.,25.0,250,250,10.0,720,1280,True,,train
n_697,data/raw/SUST Driver Drowsiness Dataset/not drowsiness/n_697.mp4,.mp4,not_drowsy,directory:not drowsiness,,No subject identifier or documented video-to-driver mapping in path or filename.,25.0,250,250,10.0,720,1280,True,,train
n_698,data/raw/SUST Driver Drowsiness Dataset/not drowsiness/n_698.mp4,.mp4,not_drowsy,directory:not drowsiness,,No subject identifier or documented video-to-driver mapping in path or filename.,25.0,250,250,10.0,720,1280,True,,train
n_7,data/raw/SUST Driver Drowsiness Dataset/not drowsiness/n_7.mp4,.mp4,not_drowsy,directory:not drowsiness,,No subject identifier or documented video-to-driver mapping in path or filename.,30.0,300,300,10.0,720,1280,True,,train
n_70,data/raw/SUST Driver Drowsiness Dataset/not drowsiness/n_70.mp4,.mp4,not_drowsy,directory:not drowsiness,,No subject identifier or documented video-to-driver mapping in path or filename.,30.0,300,300,10.0,720,1280,True,,train
n_700,data/raw/SUST Driver Drowsiness Dataset/not drowsiness/n_700.mp4,.mp4,not_drowsy,directory:not drowsiness,,No subject identifier or documented video-to-driver mapping in path or filename.,25.0,250,250,10.0,720,1280,True,,train
n_701,data/raw/SUST Driver Drowsiness Dataset/not drowsiness/n_701.mp4,.mp4,not_drowsy,directory:not drowsiness,,No subject identifier or documented video-to-driver mapping in path or filename.,25.0,250,250,10.0,720,1280,True,,train
n_702,data/raw/SUST Driver Drowsiness Dataset/not drowsiness/n_702.mp4,.mp4,not_drowsy,directory:not drowsiness,,No subject identifier or documented video-to-driver mapping in path or filename.,25.0,250,250,10.0,720,1280,True,,train
n_703,data/raw/SUST Driver Drowsiness Dataset/not drowsiness/n_703.mp4,.mp4,not_drowsy,directory:not drowsiness,,No subject identifier or documented video-to-driver mapping in path or filename.,25.0,250,250,10.0,720,1280,True,,train
n_704,data/raw/SUST Driver Drowsiness Dataset/not drowsiness/n_704.mp4,.mp4,not_drowsy,directory:not drowsiness,,No subject identifier or documented video-to-driver mapping in path or filename.,25.0,250,250,10.0,720,1280,True,,train
n_705,data/raw/SUST Driver Drowsiness Dataset/not drowsiness/n_705.mp4,.mp4,not_drowsy,directory:not drowsiness,,No subject identifier or documented video-to-driver mapping in path or filename.,25.0,250,250,10.0,720,1280,True,,train
n_707,data/raw/SUST Driver Drowsiness Dataset/not drowsiness/n_707.mp4,.mp4,not_drowsy,directory:not drowsiness,,No subject identifier or documented video-to-driver mapping in path or filename.,25.0,250,250,10.0,720,1280,True,,train
n_71,data/raw/SUST Driver Drowsiness Dataset/not drowsiness/n_71.mp4,.mp4,not_drowsy,directory:not drowsiness,,No subject identifier or documented video-to-driver mapping in path or filename.,30.0,300,300,10.0,720,1280,True,,train
n_710,data/raw/SUST Driver Drowsiness Dataset/not drowsiness/n_710.mp4,.mp4,not_drowsy,directory:not drowsiness,,No subject identifier or documented video-to-driver mapping in path or filename.,25.0,250,250,10.0,720,1280,True,,train
n_711,data/raw/SUST Driver Drowsiness Dataset/not drowsiness/n_711.mp4,.mp4,not_drowsy,directory:not drowsiness,,No subject identifier or documented video-to-driver mapping in path or filename.,25.0,250,250,10.0,720,1280,True,,train
n_712,data/raw/SUST Driver Drowsiness Dataset/not drowsiness/n_712.mp4,.mp4,not_drowsy,directory:not drowsiness,,No subject identifier or documented video-to-driver mapping in path or filename.,25.0,250,250,10.0,720,1280,True,,train
n_714,data/raw/SUST Driver Drowsiness Dataset/not drowsiness/n_714.mp4,.mp4,not_drowsy,directory:not drowsiness,,No subject identifier or documented video-to-driver mapping in path or filename.,25.0,250,250,10.0,720,1280,True,,train
n_715,data/raw/SUST Driver Drowsiness Dataset/not drowsiness/n_715.mp4,.mp4,not_drowsy,directory:not drowsiness,,No subject identifier or documented video-to-driver mapping in path or filename.,25.0,250,250,10.0,720,1280,True,,train
n_716,data/raw/SUST Driver Drowsiness Dataset/not drowsiness/n_716.mp4,.mp4,not_drowsy,directory:not drowsiness,,No subject identifier or documented video-to-driver mapping in path or filename.,25.0,250,250,10.0,720,1280,True,,train
n_717,data/raw/SUST Driver Drowsiness Dataset/not drowsiness/n_717.mp4,.mp4,not_drowsy,directory:not drowsiness,,No subject identifier or documented video-to-driver mapping in path or filename.,25.0,250,250,10.0,720,1280,True,,train
n_718,data/raw/SUST Driver Drowsiness Dataset/not drowsiness/n_718.mp4,.mp4,not_drowsy,directory:not drowsiness,,No subject identifier or documented video-to-driver mapping in path or filename.,25.0,250,250,10.0,720,1280,True,,train
n_719,data/raw/SUST Driver Drowsiness Dataset/not drowsiness/n_719.mp4,.mp4,not_drowsy,directory:not drowsiness,,No subject identifier or documented video-to-driver mapping in path or filename.,25.0,250,250,10.0,720,1280,True,,train
n_720,data/raw/SUST Driver Drowsiness Dataset/not drowsiness/n_720.mp4,.mp4,not_drowsy,directory:not drowsiness,,No subject identifier or documented video-to-driver mapping in path or filename.,25.0,250,250,10.0,720,1280,True,,train
n_722,data/raw/SUST Driver Drowsiness Dataset/not drowsiness/n_722.mp4,.mp4,not_drowsy,directory:not drowsiness,,No subject identifier or documented video-to-driver mapping in path or filename.,25.0,250,250,10.0,720,1280,True,,train
n_723,data/raw/SUST Driver Drowsiness Dataset/not drowsiness/n_723.mp4,.mp4,not_drowsy,directory:not drowsiness,,No subject identifier or documented video-to-driver mapping in path or filename.,25.0,250,250,10.0,720,1280,True,,train
n_725,data/raw/SUST Driver Drowsiness Dataset/not drowsiness/n_725.mp4,.mp4,not_drowsy,directory:not drowsiness,,No subject identifier or documented video-to-driver mapping in path or filename.,25.0,250,250,10.0,720,1280,True,,train
n_727,data/raw/SUST Driver Drowsiness Dataset/not drowsiness/n_727.mp4,.mp4,not_drowsy,directory:not drowsiness,,No subject identifier or documented video-to-driver mapping in path or filename.,25.0,250,250,10.0,720,1280,True,,train
n_729,data/raw/SUST Driver Drowsiness Dataset/not drowsiness/n_729.mp4,.mp4,not_drowsy,directory:not drowsiness,,No subject identifier or documented video-to-driver mapping in path or filename.,25.0,250,250,10.0,720,1280,True,,train
n_73,data/raw/SUST Driver Drowsiness Dataset/not drowsiness/n_73.mp4,.mp4,not_drowsy,directory:not drowsiness,,No subject identifier or documented video-to-driver mapping in path or filename.,30.0,300,300,10.0,720,1280,True,,train
n_730,data/raw/SUST Driver Drowsiness Dataset/not drowsiness/n_730.mp4,.mp4,not_drowsy,directory:not drowsiness,,No subject identifier or documented video-to-driver mapping in path or filename.,25.0,250,250,10.0,720,1280,True,,train
n_731,data/raw/SUST Driver Drowsiness Dataset/not drowsiness/n_731.mp4,.mp4,not_drowsy,directory:not drowsiness,,No subject identifier or documented video-to-driver mapping in path or filename.,25.0,250,250,10.0,720,1280,True,,train
n_732,data/raw/SUST Driver Drowsiness Dataset/not drowsiness/n_732.mp4,.mp4,not_drowsy,directory:not drowsiness,,No subject identifier or documented video-to-driver mapping in path or filename.,25.0,250,250,10.0,720,1280,True,,train
n_733,data/raw/SUST Driver Drowsiness Dataset/not drowsiness/n_733.mp4,.mp4,not_drowsy,directory:not drowsiness,,No subject identifier or documented video-to-driver mapping in path or filename.,25.0,250,250,10.0,720,1280,True,,train
n_734,data/raw/SUST Driver Drowsiness Dataset/not drowsiness/n_734.mp4,.mp4,not_drowsy,directory:not drowsiness,,No subject identifier or documented video-to-driver mapping in path or filename.,25.0,250,250,10.0,720,1280,True,,train
n_735,data/raw/SUST Driver Drowsiness Dataset/not drowsiness/n_735.mp4,.mp4,not_drowsy,directory:not drowsiness,,No subject identifier or documented video-to-driver mapping in path or filename.,25.0,250,250,10.0,720,1280,True,,train
n_736,data/raw/SUST Driver Drowsiness Dataset/not drowsiness/n_736.mp4,.mp4,not_drowsy,directory:not drowsiness,,No subject identifier or documented video-to-driver mapping in path or filename.,25.0,250,250,10.0,720,1280,True,,train
n_738,data/raw/SUST Driver Drowsiness Dataset/not drowsiness/n_738.mp4,.mp4,not_drowsy,directory:not drowsiness,,No subject identifier or documented video-to-driver mapping in path or filename.,25.0,250,250,10.0,720,1280,True,,train
n_739,data/raw/SUST Driver Drowsiness Dataset/not drowsiness/n_739.mp4,.mp4,not_drowsy,directory:not drowsiness,,No subject identifier or documented video-to-driver mapping in path or filename.,25.0,250,250,10.0,720,1280,True,,train
n_74,data/raw/SUST Driver Drowsiness Dataset/not drowsiness/n_74.mp4,.mp4,not_drowsy,directory:not drowsiness,,No subject identifier or documented video-to-driver mapping in path or filename.,30.0,300,300,10.0,720,1280,True,,train
n_740,data/raw/SUST Driver Drowsiness Dataset/not drowsiness/n_740.mp4,.mp4,not_drowsy,directory:not drowsiness,,No subject identifier or documented video-to-driver mapping in path or filename.,25.0,250,250,10.0,720,1280,True,,train
n_741,data/raw/SUST Driver Drowsiness Dataset/not drowsiness/n_741.mp4,.mp4,not_drowsy,directory:not drowsiness,,No subject identifier or documented video-to-driver mapping in path or filename.,25.0,250,250,10.0,720,1280,True,,train
n_743,data/raw/SUST Driver Drowsiness Dataset/not drowsiness/n_743.mp4,.mp4,not_drowsy,directory:not drowsiness,,No subject identifier or documented video-to-driver mapping in path or filename.,25.0,250,250,10.0,720,1280,True,,train
n_744,data/raw/SUST Driver Drowsiness Dataset/not drowsiness/n_744.mp4,.mp4,not_drowsy,directory:not drowsiness,,No subject identifier or documented video-to-driver mapping in path or filename.,25.0,250,250,10.0,720,1280,True,,train
n_745,data/raw/SUST Driver Drowsiness Dataset/not drowsiness/n_745.mp4,.mp4,not_drowsy,directory:not drowsiness,,No subject identifier or documented video-to-driver mapping in path or filename.,25.0,250,250,10.0,720,1280,True,,train
n_746,data/raw/SUST Driver Drowsiness Dataset/not drowsiness/n_746.mp4,.mp4,not_drowsy,directory:not drowsiness,,No subject identifier or documented video-to-driver mapping in path or filename.,25.0,250,250,10.0,720,1280,True,,train
n_749,data/raw/SUST Driver Drowsiness Dataset/not drowsiness/n_749.mp4,.mp4,not_drowsy,directory:not drowsiness,,No subject identifier or documented video-to-driver mapping in path or filename.,25.0,250,250,10.0,720,1280,True,,train
n_75,data/raw/SUST Driver Drowsiness Dataset/not drowsiness/n_75.mp4,.mp4,not_drowsy,directory:not drowsiness,,No subject identifier or documented video-to-driver mapping in path or filename.,30.0,300,300,10.0,720,1280,True,,train
n_750,data/raw/SUST Driver Drowsiness Dataset/not drowsiness/n_750.mp4,.mp4,not_drowsy,directory:not drowsiness,,No subject identifier or documented video-to-driver mapping in path or filename.,25.0,250,250,10.0,720,1280,True,,train
n_751,data/raw/SUST Driver Drowsiness Dataset/not drowsiness/n_751.mp4,.mp4,not_drowsy,directory:not drowsiness,,No subject identifier or documented video-to-driver mapping in path or filename.,25.0,250,250,10.0,720,1280,True,,train
n_752,data/raw/SUST Driver Drowsiness Dataset/not drowsiness/n_752.mp4,.mp4,not_drowsy,directory:not drowsiness,,No subject identifier or documented video-to-driver mapping in path or filename.,25.0,250,250,10.0,720,1280,True,,train
n_755,data/raw/SUST Driver Drowsiness Dataset/not drowsiness/n_755.mp4,.mp4,not_drowsy,directory:not drowsiness,,No subject identifier or documented video-to-driver mapping in path or filename.,29.97,300,300,10.01001,720,1280,True,,train
n_758,data/raw/SUST Driver Drowsiness Dataset/not drowsiness/n_758.mp4,.mp4,not_drowsy,directory:not drowsiness,,No subject identifier or documented video-to-driver mapping in path or filename.,29.97,300,300,10.01001,720,1280,True,,train
n_759,data/raw/SUST Driver Drowsiness Dataset/not drowsiness/n_759.mp4,.mp4,not_drowsy,directory:not drowsiness,,No subject identifier or documented video-to-driver mapping in path or filename.,29.97,300,300,10.01001,720,1280,True,,train
n_76,data/raw/SUST Driver Drowsiness Dataset/not drowsiness/n_76.mp4,.mp4,not_drowsy,directory:not drowsiness,,No subject identifier or documented video-to-driver mapping in path or filename.,30.0,300,300,10.0,720,1280,True,,train
n_761,data/raw/SUST Driver Drowsiness Dataset/not drowsiness/n_761.mp4,.mp4,not_drowsy,directory:not drowsiness,,No subject identifier or documented video-to-driver mapping in path or filename.,29.97,300,300,10.01001,720,1280,True,,train
n_762,data/raw/SUST Driver Drowsiness Dataset/not drowsiness/n_762.mp4,.mp4,not_drowsy,directory:not drowsiness,,No subject identifier or documented video-to-driver mapping in path or filename.,29.97,300,300,10.01001,720,1280,True,,train
n_763,data/raw/SUST Driver Drowsiness Dataset/not drowsiness/n_763.mp4,.mp4,not_drowsy,directory:not drowsiness,,No subject identifier or documented video-to-driver mapping in path or filename.,29.97,300,300,10.01001,720,1280,True,,train
n_764,data/raw/SUST Driver Drowsiness Dataset/not drowsiness/n_764.mp4,.mp4,not_drowsy,directory:not drowsiness,,No subject identifier or documented video-to-driver mapping in path or filename.,29.97,300,300,10.01001,720,1280,True,,train
n_765,data/raw/SUST Driver Drowsiness Dataset/not drowsiness/n_765.mp4,.mp4,not_drowsy,directory:not drowsiness,,No subject identifier or documented video-to-driver mapping in path or filename.,29.97,300,300,10.01001,720,1280,True,,train
n_766,data/raw/SUST Driver Drowsiness Dataset/not drowsiness/n_766.mp4,.mp4,not_drowsy,directory:not drowsiness,,No subject identifier or documented video-to-driver mapping in path or filename.,29.97,300,300,10.01001,720,1280,True,,train
n_767,data/raw/SUST Driver Drowsiness Dataset/not drowsiness/n_767.mp4,.mp4,not_drowsy,directory:not drowsiness,,No subject identifier or documented video-to-driver mapping in path or filename.,29.97,300,300,10.01001,720,1280,True,,train
n_769,data/raw/SUST Driver Drowsiness Dataset/not drowsiness/n_769.mp4,.mp4,not_drowsy,directory:not drowsiness,,No subject identifier or documented video-to-driver mapping in path or filename.,29.97,300,300,10.01001,720,1280,True,,train
n_77,data/raw/SUST Driver Drowsiness Dataset/not drowsiness/n_77.mp4,.mp4,not_drowsy,directory:not drowsiness,,No subject identifier or documented video-to-driver mapping in path or filename.,30.0,300,300,10.0,720,1280,True,,train
n_770,data/raw/SUST Driver Drowsiness Dataset/not drowsiness/n_770.mp4,.mp4,not_drowsy,directory:not drowsiness,,No subject identifier or documented video-to-driver mapping in path or filename.,29.97,300,300,10.01001,720,1280,True,,train
n_771,data/raw/SUST Driver Drowsiness Dataset/not drowsiness/n_771.mp4,.mp4,not_drowsy,directory:not drowsiness,,No subject identifier or documented video-to-driver mapping in path or filename.,29.97,300,300,10.01001,720,1280,True,,train
n_773,data/raw/SUST Driver Drowsiness Dataset/not drowsiness/n_773.mp4,.mp4,not_drowsy,directory:not drowsiness,,No subject identifier or documented video-to-driver mapping in path or filename.,29.97,300,300,10.01001,720,1280,True,,train
n_774,data/raw/SUST Driver Drowsiness Dataset/not drowsiness/n_774.mp4,.mp4,not_drowsy,directory:not drowsiness,,No subject identifier or documented video-to-driver mapping in path or filename.,29.97,300,300,10.01001,720,1280,True,,train
n_775,data/raw/SUST Driver Drowsiness Dataset/not drowsiness/n_775.mp4,.mp4,not_drowsy,directory:not drowsiness,,No subject identifier or documented video-to-driver mapping in path or filename.,29.97,300,300,10.01001,720,1280,True,,train
n_777,data/raw/SUST Driver Drowsiness Dataset/not drowsiness/n_777.mp4,.mp4,not_drowsy,directory:not drowsiness,,No subject identifier or documented video-to-driver mapping in path or filename.,29.97,300,300,10.01001,720,1280,True,,train
n_779,data/raw/SUST Driver Drowsiness Dataset/not drowsiness/n_779.mp4,.mp4,not_drowsy,directory:not drowsiness,,No subject identifier or documented video-to-driver mapping in path or filename.,29.97,300,300,10.01001,720,1280,True,,train
n_78,data/raw/SUST Driver Drowsiness Dataset/not drowsiness/n_78.mp4,.mp4,not_drowsy,directory:not drowsiness,,No subject identifier or documented video-to-driver mapping in path or filename.,30.0,300,300,10.0,720,1280,True,,train
n_781,data/raw/SUST Driver Drowsiness Dataset/not drowsiness/n_781.mp4,.mp4,not_drowsy,directory:not drowsiness,,No subject identifier or documented video-to-driver mapping in path or filename.,29.97,300,300,10.01001,720,1280,True,,train
n_782,data/raw/SUST Driver Drowsiness Dataset/not drowsiness/n_782.mp4,.mp4,not_drowsy,directory:not drowsiness,,No subject identifier or documented video-to-driver mapping in path or filename.,29.97,300,300,10.01001,720,1280,True,,train
n_783,data/raw/SUST Driver Drowsiness Dataset/not drowsiness/n_783.mp4,.mp4,not_drowsy,directory:not drowsiness,,No subject identifier or documented video-to-driver mapping in path or filename.,29.97,300,300,10.01001,720,1280,True,,train
n_784,data/raw/SUST Driver Drowsiness Dataset/not drowsiness/n_784.mp4,.mp4,not_drowsy,directory:not drowsiness,,No subject identifier or documented video-to-driver mapping in path or filename.,29.97,300,300,10.01001,720,1280,True,,train
n_785,data/raw/SUST Driver Drowsiness Dataset/not drowsiness/n_785.mp4,.mp4,not_drowsy,directory:not drowsiness,,No subject identifier or documented video-to-driver mapping in path or filename.,29.97,300,300,10.01001,720,1280,True,,train
n_788,data/raw/SUST Driver Drowsiness Dataset/not drowsiness/n_788.mp4,.mp4,not_drowsy,directory:not drowsiness,,No subject identifier or documented video-to-driver mapping in path or filename.,29.97,300,300,10.01001,720,1280,True,,train
n_790mp4,data/raw/SUST Driver Drowsiness Dataset/not drowsiness/n_790mp4.mp4,.mp4,not_drowsy,directory:not drowsiness,,No subject identifier or documented video-to-driver mapping in path or filename.,29.97,300,300,10.01001,720,1280,True,,train
n_791,data/raw/SUST Driver Drowsiness Dataset/not drowsiness/n_791.mp4,.mp4,not_drowsy,directory:not drowsiness,,No subject identifier or documented video-to-driver mapping in path or filename.,29.97,300,300,10.01001,720,1280,True,,train
n_792,data/raw/SUST Driver Drowsiness Dataset/not drowsiness/n_792.mp4,.mp4,not_drowsy,directory:not drowsiness,,No subject identifier or documented video-to-driver mapping in path or filename.,29.97,300,300,10.01001,720,1280,True,,train
n_793,data/raw/SUST Driver Drowsiness Dataset/not drowsiness/n_793.mp4,.mp4,not_drowsy,directory:not drowsiness,,No subject identifier or documented video-to-driver mapping in path or filename.,30.0,300,300,10.0,720,1280,True,,train
n_794,data/raw/SUST Driver Drowsiness Dataset/not drowsiness/n_794.mp4,.mp4,not_drowsy,directory:not drowsiness,,No subject identifier or documented video-to-driver mapping in path or filename.,30.0,300,300,10.0,720,1280,True,,train
n_795,data/raw/SUST Driver Drowsiness Dataset/not drowsiness/n_795.mp4,.mp4,not_drowsy,directory:not drowsiness,,No subject identifier or documented video-to-driver mapping in path or filename.,30.0,300,300,10.0,720,1280,True,,train
n_796,data/raw/SUST Driver Drowsiness Dataset/not drowsiness/n_796.mp4,.mp4,not_drowsy,directory:not drowsiness,,No subject identifier or documented video-to-driver mapping in path or filename.,30.0,300,300,10.0,720,1280,True,,train
n_797,data/raw/SUST Driver Drowsiness Dataset/not drowsiness/n_797.mp4,.mp4,not_drowsy,directory:not drowsiness,,No subject identifier or documented video-to-driver mapping in path or filename.,30.0,300,300,10.0,720,1280,True,,train
n_798,data/raw/SUST Driver Drowsiness Dataset/not drowsiness/n_798.mp4,.mp4,not_drowsy,directory:not drowsiness,,No subject identifier or documented video-to-driver mapping in path or filename.,30.0,300,300,10.0,720,1280,True,,train
n_799,data/raw/SUST Driver Drowsiness Dataset/not drowsiness/n_799.mp4,.mp4,not_drowsy,directory:not drowsiness,,No subject identifier or documented video-to-driver mapping in path or filename.,30.0,300,300,10.0,720,1280,True,,train
n_80,data/raw/SUST Driver Drowsiness Dataset/not drowsiness/n_80.mp4,.mp4,not_drowsy,directory:not drowsiness,,No subject identifier or documented video-to-driver mapping in path or filename.,30.0,300,300,10.0,720,1280,True,,train
n_800,data/raw/SUST Driver Drowsiness Dataset/not drowsiness/n_800.mp4,.mp4,not_drowsy,directory:not drowsiness,,No subject identifier or documented video-to-driver mapping in path or filename.,30.0,300,300,10.0,720,1280,True,,train
n_802,data/raw/SUST Driver Drowsiness Dataset/not drowsiness/n_802.mp4,.mp4,not_drowsy,directory:not drowsiness,,No subject identifier or documented video-to-driver mapping in path or filename.,30.0,300,300,10.0,720,1280,True,,train
n_803,data/raw/SUST Driver Drowsiness Dataset/not drowsiness/n_803.mp4,.mp4,not_drowsy,directory:not drowsiness,,No subject identifier or documented video-to-driver mapping in path or filename.,30.0,300,300,10.0,720,1280,True,,train
n_804,data/raw/SUST Driver Drowsiness Dataset/not drowsiness/n_804.mp4,.mp4,not_drowsy,directory:not drowsiness,,No subject identifier or documented video-to-driver mapping in path or filename.,30.0,300,300,10.0,720,1280,True,,train
n_805,data/raw/SUST Driver Drowsiness Dataset/not drowsiness/n_805.mp4,.mp4,not_drowsy,directory:not drowsiness,,No subject identifier or documented video-to-driver mapping in path or filename.,30.0,300,300,10.0,720,1280,True,,train
n_806,data/raw/SUST Driver Drowsiness Dataset/not drowsiness/n_806.mp4,.mp4,not_drowsy,directory:not drowsiness,,No subject identifier or documented video-to-driver mapping in path or filename.,30.0,300,300,10.0,720,1280,True,,train
n_808,data/raw/SUST Driver Drowsiness Dataset/not drowsiness/n_808.mp4,.mp4,not_drowsy,directory:not drowsiness,,No subject identifier or documented video-to-driver mapping in path or filename.,30.0,300,300,10.0,720,1280,True,,train
n_809,data/raw/SUST Driver Drowsiness Dataset/not drowsiness/n_809.mp4,.mp4,not_drowsy,directory:not drowsiness,,No subject identifier or documented video-to-driver mapping in path or filename.,30.0,300,300,10.0,720,1280,True,,train
n_81,data/raw/SUST Driver Drowsiness Dataset/not drowsiness/n_81.mp4,.mp4,not_drowsy,directory:not drowsiness,,No subject identifier or documented video-to-driver mapping in path or filename.,30.0,300,300,10.0,720,1280,True,,train
n_811,data/raw/SUST Driver Drowsiness Dataset/not drowsiness/n_811.mp4,.mp4,not_drowsy,directory:not drowsiness,,No subject identifier or documented video-to-driver mapping in path or filename.,30.0,300,300,10.0,720,1280,True,,train
n_812,data/raw/SUST Driver Drowsiness Dataset/not drowsiness/n_812.mp4,.mp4,not_drowsy,directory:not drowsiness,,No subject identifier or documented video-to-driver mapping in path or filename.,30.0,300,300,10.0,720,1280,True,,train
n_813,data/raw/SUST Driver Drowsiness Dataset/not drowsiness/n_813.mp4,.mp4,not_drowsy,directory:not drowsiness,,No subject identifier or documented video-to-driver mapping in path or filename.,30.0,300,300,10.0,720,1280,True,,train
n_814,data/raw/SUST Driver Drowsiness Dataset/not drowsiness/n_814.mp4,.mp4,not_drowsy,directory:not drowsiness,,No subject identifier or documented video-to-driver mapping in path or filename.,30.0,300,300,10.0,720,1280,True,,train
n_815,data/raw/SUST Driver Drowsiness Dataset/not drowsiness/n_815.mp4,.mp4,not_drowsy,directory:not drowsiness,,No subject identifier or documented video-to-driver mapping in path or filename.,30.0,300,300,10.0,720,1280,True,,train
n_817,data/raw/SUST Driver Drowsiness Dataset/not drowsiness/n_817.mp4,.mp4,not_drowsy,directory:not drowsiness,,No subject identifier or documented video-to-driver mapping in path or filename.,30.0,300,300,10.0,720,1280,True,,train
n_820,data/raw/SUST Driver Drowsiness Dataset/not drowsiness/n_820.mp4,.mp4,not_drowsy,directory:not drowsiness,,No subject identifier or documented video-to-driver mapping in path or filename.,30.0,300,300,10.0,720,1280,True,,train
n_821,data/raw/SUST Driver Drowsiness Dataset/not drowsiness/n_821.mp4,.mp4,not_drowsy,directory:not drowsiness,,No subject identifier or documented video-to-driver mapping in path or filename.,30.0,300,300,10.0,720,1280,True,,train
n_822,data/raw/SUST Driver Drowsiness Dataset/not drowsiness/n_822.mp4,.mp4,not_drowsy,directory:not drowsiness,,No subject identifier or documented video-to-driver mapping in path or filename.,30.0,300,300,10.0,720,1280,True,,train
n_823,data/raw/SUST Driver Drowsiness Dataset/not drowsiness/n_823.mp4,.mp4,not_drowsy,directory:not drowsiness,,No subject identifier or documented video-to-driver mapping in path or filename.,30.0,300,300,10.0,720,1280,True,,train
n_824,data/raw/SUST Driver Drowsiness Dataset/not drowsiness/n_824.mp4,.mp4,not_drowsy,directory:not drowsiness,,No subject identifier or documented video-to-driver mapping in path or filename.,30.0,300,300,10.0,720,1280,True,,train
n_825,data/raw/SUST Driver Drowsiness Dataset/not drowsiness/n_825.mp4,.mp4,not_drowsy,directory:not drowsiness,,No subject identifier or documented video-to-driver mapping in path or filename.,30.0,300,300,10.0,720,1280,True,,train
n_827,data/raw/SUST Driver Drowsiness Dataset/not drowsiness/n_827.mp4,.mp4,not_drowsy,directory:not drowsiness,,No subject identifier or documented video-to-driver mapping in path or filename.,30.0,300,300,10.0,720,1280,True,,train
n_829,data/raw/SUST Driver Drowsiness Dataset/not drowsiness/n_829.mp4,.mp4,not_drowsy,directory:not drowsiness,,No subject identifier or documented video-to-driver mapping in path or filename.,30.0,300,300,10.0,720,1280,True,,train
n_83,data/raw/SUST Driver Drowsiness Dataset/not drowsiness/n_83.mp4,.mp4,not_drowsy,directory:not drowsiness,,No subject identifier or documented video-to-driver mapping in path or filename.,30.0,300,300,10.0,720,1280,True,,train
n_830,data/raw/SUST Driver Drowsiness Dataset/not drowsiness/n_830.mp4,.mp4,not_drowsy,directory:not drowsiness,,No subject identifier or documented video-to-driver mapping in path or filename.,30.0,300,300,10.0,720,1280,True,,train
n_832,data/raw/SUST Driver Drowsiness Dataset/not drowsiness/n_832.mp4,.mp4,not_drowsy,directory:not drowsiness,,No subject identifier or documented video-to-driver mapping in path or filename.,30.0,300,300,10.0,720,1280,True,,train
n_833,data/raw/SUST Driver Drowsiness Dataset/not drowsiness/n_833.mp4,.mp4,not_drowsy,directory:not drowsiness,,No subject identifier or documented video-to-driver mapping in path or filename.,30.0,300,300,10.0,720,1280,True,,train
n_834,data/raw/SUST Driver Drowsiness Dataset/not drowsiness/n_834.mp4,.mp4,not_drowsy,directory:not drowsiness,,No subject identifier or documented video-to-driver mapping in path or filename.,30.0,300,300,10.0,720,1280,True,,train
n_836,data/raw/SUST Driver Drowsiness Dataset/not drowsiness/n_836.mp4,.mp4,not_drowsy,directory:not drowsiness,,No subject identifier or documented video-to-driver mapping in path or filename.,30.0,300,300,10.0,720,1280,True,,train
n_837,data/raw/SUST Driver Drowsiness Dataset/not drowsiness/n_837.mp4,.mp4,not_drowsy,directory:not drowsiness,,No subject identifier or documented video-to-driver mapping in path or filename.,30.0,300,300,10.0,720,1280,True,,train
n_838,data/raw/SUST Driver Drowsiness Dataset/not drowsiness/n_838.mp4,.mp4,not_drowsy,directory:not drowsiness,,No subject identifier or documented video-to-driver mapping in path or filename.,30.0,300,300,10.0,720,1280,True,,train
n_84,data/raw/SUST Driver Drowsiness Dataset/not drowsiness/n_84.mp4,.mp4,not_drowsy,directory:not drowsiness,,No subject identifier or documented video-to-driver mapping in path or filename.,30.0,300,300,10.0,720,1280,True,,train
n_842,data/raw/SUST Driver Drowsiness Dataset/not drowsiness/n_842.mp4,.mp4,not_drowsy,directory:not drowsiness,,No subject identifier or documented video-to-driver mapping in path or filename.,30.0,300,300,10.0,720,1280,True,,train
n_843,data/raw/SUST Driver Drowsiness Dataset/not drowsiness/n_843.mp4,.mp4,not_drowsy,directory:not drowsiness,,No subject identifier or documented video-to-driver mapping in path or filename.,30.0,300,300,10.0,720,1280,True,,train
n_844,data/raw/SUST Driver Drowsiness Dataset/not drowsiness/n_844.mp4,.mp4,not_drowsy,directory:not drowsiness,,No subject identifier or documented video-to-driver mapping in path or filename.,30.0,300,300,10.0,720,1280,True,,train
n_845,data/raw/SUST Driver Drowsiness Dataset/not drowsiness/n_845.mp4,.mp4,not_drowsy,directory:not drowsiness,,No subject identifier or documented video-to-driver mapping in path or filename.,30.0,300,300,10.0,720,1280,True,,train
n_846,data/raw/SUST Driver Drowsiness Dataset/not drowsiness/n_846.mp4,.mp4,not_drowsy,directory:not drowsiness,,No subject identifier or documented video-to-driver mapping in path or filename.,30.0,300,300,10.0,720,1280,True,,train
n_847,data/raw/SUST Driver Drowsiness Dataset/not drowsiness/n_847.mp4,.mp4,not_drowsy,directory:not drowsiness,,No subject identifier or documented video-to-driver mapping in path or filename.,30.0,300,300,10.0,720,1280,True,,train
n_848,data/raw/SUST Driver Drowsiness Dataset/not drowsiness/n_848.mp4,.mp4,not_drowsy,directory:not drowsiness,,No subject identifier or documented video-to-driver mapping in path or filename.,30.0,300,300,10.0,720,1280,True,,train
n_849,data/raw/SUST Driver Drowsiness Dataset/not drowsiness/n_849.mp4,.mp4,not_drowsy,directory:not drowsiness,,No subject identifier or documented video-to-driver mapping in path or filename.,30.0,300,300,10.0,720,1280,True,,train
n_85,data/raw/SUST Driver Drowsiness Dataset/not drowsiness/n_85.mp4,.mp4,not_drowsy,directory:not drowsiness,,No subject identifier or documented video-to-driver mapping in path or filename.,30.0,300,300,10.0,720,1280,True,,train
n_850,data/raw/SUST Driver Drowsiness Dataset/not drowsiness/n_850.mp4,.mp4,not_drowsy,directory:not drowsiness,,No subject identifier or documented video-to-driver mapping in path or filename.,30.0,300,300,10.0,720,1280,True,,train
n_851,data/raw/SUST Driver Drowsiness Dataset/not drowsiness/n_851.mp4,.mp4,not_drowsy,directory:not drowsiness,,No subject identifier or documented video-to-driver mapping in path or filename.,30.0,300,300,10.0,720,1280,True,,train
n_852,data/raw/SUST Driver Drowsiness Dataset/not drowsiness/n_852.mp4,.mp4,not_drowsy,directory:not drowsiness,,No subject identifier or documented video-to-driver mapping in path or filename.,30.0,300,300,10.0,720,1280,True,,train
n_855,data/raw/SUST Driver Drowsiness Dataset/not drowsiness/n_855.mp4,.mp4,not_drowsy,directory:not drowsiness,,No subject identifier or documented video-to-driver mapping in path or filename.,30.0,300,300,10.0,720,1280,True,,train
n_856,data/raw/SUST Driver Drowsiness Dataset/not drowsiness/n_856.mp4,.mp4,not_drowsy,directory:not drowsiness,,No subject identifier or documented video-to-driver mapping in path or filename.,30.0,300,300,10.0,720,1280,True,,train
n_857,data/raw/SUST Driver Drowsiness Dataset/not drowsiness/n_857.mp4,.mp4,not_drowsy,directory:not drowsiness,,No subject identifier or documented video-to-driver mapping in path or filename.,30.0,300,300,10.0,720,1280,True,,train
n_859,data/raw/SUST Driver Drowsiness Dataset/not drowsiness/n_859.mp4,.mp4,not_drowsy,directory:not drowsiness,,No subject identifier or documented video-to-driver mapping in path or filename.,30.0,300,300,10.0,720,1280,True,,train
n_86,data/raw/SUST Driver Drowsiness Dataset/not drowsiness/n_86.mp4,.mp4,not_drowsy,directory:not drowsiness,,No subject identifier or documented video-to-driver mapping in path or filename.,30.0,300,300,10.0,720,1280,True,,train
n_860,data/raw/SUST Driver Drowsiness Dataset/not drowsiness/n_860.mp4,.mp4,not_drowsy,directory:not drowsiness,,No subject identifier or documented video-to-driver mapping in path or filename.,30.0,300,300,10.0,720,1280,True,,train
n_861,data/raw/SUST Driver Drowsiness Dataset/not drowsiness/n_861.mp4,.mp4,not_drowsy,directory:not drowsiness,,No subject identifier or documented video-to-driver mapping in path or filename.,30.0,300,300,10.0,720,1280,True,,train
n_862,data/raw/SUST Driver Drowsiness Dataset/not drowsiness/n_862.mp4,.mp4,not_drowsy,directory:not drowsiness,,No subject identifier or documented video-to-driver mapping in path or filename.,30.0,300,300,10.0,720,1280,True,,train
n_863,data/raw/SUST Driver Drowsiness Dataset/not drowsiness/n_863.mp4,.mp4,not_drowsy,directory:not drowsiness,,No subject identifier or documented video-to-driver mapping in path or filename.,30.0,300,300,10.0,720,1280,True,,train
n_864,data/raw/SUST Driver Drowsiness Dataset/not drowsiness/n_864.mp4,.mp4,not_drowsy,directory:not drowsiness,,No subject identifier or documented video-to-driver mapping in path or filename.,30.0,300,300,10.0,720,1280,True,,train
n_866,data/raw/SUST Driver Drowsiness Dataset/not drowsiness/n_866.mp4,.mp4,not_drowsy,directory:not drowsiness,,No subject identifier or documented video-to-driver mapping in path or filename.,30.0,300,300,10.0,720,1280,True,,train
n_867,data/raw/SUST Driver Drowsiness Dataset/not drowsiness/n_867.mp4,.mp4,not_drowsy,directory:not drowsiness,,No subject identifier or documented video-to-driver mapping in path or filename.,30.0,300,300,10.0,720,1280,True,,train
n_869,data/raw/SUST Driver Drowsiness Dataset/not drowsiness/n_869.mp4,.mp4,not_drowsy,directory:not drowsiness,,No subject identifier or documented video-to-driver mapping in path or filename.,30.0,300,300,10.0,720,1280,True,,train
n_87,data/raw/SUST Driver Drowsiness Dataset/not drowsiness/n_87.mp4,.mp4,not_drowsy,directory:not drowsiness,,No subject identifier or documented video-to-driver mapping in path or filename.,30.0,300,300,10.0,720,1280,True,,train
n_871,data/raw/SUST Driver Drowsiness Dataset/not drowsiness/n_871.mp4,.mp4,not_drowsy,directory:not drowsiness,,No subject identifier or documented video-to-driver mapping in path or filename.,30.0,300,300,10.0,720,1280,True,,train
n_872,data/raw/SUST Driver Drowsiness Dataset/not drowsiness/n_872.mp4,.mp4,not_drowsy,directory:not drowsiness,,No subject identifier or documented video-to-driver mapping in path or filename.,30.0,300,300,10.0,720,1280,True,,train
n_873,data/raw/SUST Driver Drowsiness Dataset/not drowsiness/n_873.mp4,.mp4,not_drowsy,directory:not drowsiness,,No subject identifier or documented video-to-driver mapping in path or filename.,30.0,300,300,10.0,720,1280,True,,train
n_874,data/raw/SUST Driver Drowsiness Dataset/not drowsiness/n_874.mp4,.mp4,not_drowsy,directory:not drowsiness,,No subject identifier or documented video-to-driver mapping in path or filename.,30.0,300,300,10.0,720,1280,True,,train
n_875,data/raw/SUST Driver Drowsiness Dataset/not drowsiness/n_875.mp4,.mp4,not_drowsy,directory:not drowsiness,,No subject identifier or documented video-to-driver mapping in path or filename.,30.0,300,300,10.0,720,1280,True,,train
n_876,data/raw/SUST Driver Drowsiness Dataset/not drowsiness/n_876.mp4,.mp4,not_drowsy,directory:not drowsiness,,No subject identifier or documented video-to-driver mapping in path or filename.,30.0,300,300,10.0,720,1280,True,,train
n_878,data/raw/SUST Driver Drowsiness Dataset/not drowsiness/n_878.mp4,.mp4,not_drowsy,directory:not drowsiness,,No subject identifier or documented video-to-driver mapping in path or filename.,30.0,300,300,10.0,720,1280,True,,train
n_879,data/raw/SUST Driver Drowsiness Dataset/not drowsiness/n_879.mp4,.mp4,not_drowsy,directory:not drowsiness,,No subject identifier or documented video-to-driver mapping in path or filename.,30.0,300,300,10.0,720,1280,True,,train
n_880,data/raw/SUST Driver Drowsiness Dataset/not drowsiness/n_880.mp4,.mp4,not_drowsy,directory:not drowsiness,,No subject identifier or documented video-to-driver mapping in path or filename.,30.0,300,300,10.0,720,1280,True,,train
n_882,data/raw/SUST Driver Drowsiness Dataset/not drowsiness/n_882.mp4,.mp4,not_drowsy,directory:not drowsiness,,No subject identifier or documented video-to-driver mapping in path or filename.,30.0,300,300,10.0,720,1280,True,,train
n_883,data/raw/SUST Driver Drowsiness Dataset/not drowsiness/n_883.mp4,.mp4,not_drowsy,directory:not drowsiness,,No subject identifier or documented video-to-driver mapping in path or filename.,30.0,300,300,10.0,720,1280,True,,train
n_885,data/raw/SUST Driver Drowsiness Dataset/not drowsiness/n_885.mp4,.mp4,not_drowsy,directory:not drowsiness,,No subject identifier or documented video-to-driver mapping in path or filename.,30.0,300,300,10.0,720,1280,True,,train
n_886,data/raw/SUST Driver Drowsiness Dataset/not drowsiness/n_886.mp4,.mp4,not_drowsy,directory:not drowsiness,,No subject identifier or documented video-to-driver mapping in path or filename.,30.0,300,300,10.0,720,1280,True,,train
n_888,data/raw/SUST Driver Drowsiness Dataset/not drowsiness/n_888.mp4,.mp4,not_drowsy,directory:not drowsiness,,No subject identifier or documented video-to-driver mapping in path or filename.,30.0,300,300,10.0,720,1280,True,,train
n_889,data/raw/SUST Driver Drowsiness Dataset/not drowsiness/n_889.mp4,.mp4,not_drowsy,directory:not drowsiness,,No subject identifier or documented video-to-driver mapping in path or filename.,30.0,300,300,10.0,720,1280,True,,train
n_89,data/raw/SUST Driver Drowsiness Dataset/not drowsiness/n_89.mp4,.mp4,not_drowsy,directory:not drowsiness,,No subject identifier or documented video-to-driver mapping in path or filename.,30.0,300,300,10.0,720,1280,True,,train
n_892,data/raw/SUST Driver Drowsiness Dataset/not drowsiness/n_892.mp4,.mp4,not_drowsy,directory:not drowsiness,,No subject identifier or documented video-to-driver mapping in path or filename.,30.0,300,300,10.0,720,1280,True,,train
n_893,data/raw/SUST Driver Drowsiness Dataset/not drowsiness/n_893.mp4,.mp4,not_drowsy,directory:not drowsiness,,No subject identifier or documented video-to-driver mapping in path or filename.,30.0,300,300,10.0,720,1280,True,,train
n_894,data/raw/SUST Driver Drowsiness Dataset/not drowsiness/n_894.mp4,.mp4,not_drowsy,directory:not drowsiness,,No subject identifier or documented video-to-driver mapping in path or filename.,30.0,300,300,10.0,720,1280,True,,train
n_897,data/raw/SUST Driver Drowsiness Dataset/not drowsiness/n_897.mp4,.mp4,not_drowsy,directory:not drowsiness,,No subject identifier or documented video-to-driver mapping in path or filename.,30.0,300,300,10.0,720,1280,True,,train
n_898,data/raw/SUST Driver Drowsiness Dataset/not drowsiness/n_898.mp4,.mp4,not_drowsy,directory:not drowsiness,,No subject identifier or documented video-to-driver mapping in path or filename.,30.0,300,300,10.0,720,1280,True,,train
n_90,data/raw/SUST Driver Drowsiness Dataset/not drowsiness/n_90.mp4,.mp4,not_drowsy,directory:not drowsiness,,No subject identifier or documented video-to-driver mapping in path or filename.,30.0,300,300,10.0,720,1280,True,,train
n_903,data/raw/SUST Driver Drowsiness Dataset/not drowsiness/n_903.mp4,.mp4,not_drowsy,directory:not drowsiness,,No subject identifier or documented video-to-driver mapping in path or filename.,30.0,300,300,10.0,720,1280,True,,train
n_904,data/raw/SUST Driver Drowsiness Dataset/not drowsiness/n_904.mp4,.mp4,not_drowsy,directory:not drowsiness,,No subject identifier or documented video-to-driver mapping in path or filename.,30.0,300,300,10.0,720,1280,True,,train
n_905,data/raw/SUST Driver Drowsiness Dataset/not drowsiness/n_905.mp4,.mp4,not_drowsy,directory:not drowsiness,,No subject identifier or documented video-to-driver mapping in path or filename.,30.0,300,300,10.0,720,1280,True,,train
n_907,data/raw/SUST Driver Drowsiness Dataset/not drowsiness/n_907.mp4,.mp4,not_drowsy,directory:not drowsiness,,No subject identifier or documented video-to-driver mapping in path or filename.,30.0,300,300,10.0,720,1280,True,,train
n_908,data/raw/SUST Driver Drowsiness Dataset/not drowsiness/n_908.mp4,.mp4,not_drowsy,directory:not drowsiness,,No subject identifier or documented video-to-driver mapping in path or filename.,30.0,300,300,10.0,720,1280,True,,train
n_909,data/raw/SUST Driver Drowsiness Dataset/not drowsiness/n_909.mp4,.mp4,not_drowsy,directory:not drowsiness,,No subject identifier or documented video-to-driver mapping in path or filename.,30.0,300,300,10.0,720,1280,True,,train
n_91,data/raw/SUST Driver Drowsiness Dataset/not drowsiness/n_91.mp4,.mp4,not_drowsy,directory:not drowsiness,,No subject identifier or documented video-to-driver mapping in path or filename.,30.0,300,300,10.0,720,1280,True,,train
n_910,data/raw/SUST Driver Drowsiness Dataset/not drowsiness/n_910.mp4,.mp4,not_drowsy,directory:not drowsiness,,No subject identifier or documented video-to-driver mapping in path or filename.,30.0,300,300,10.0,720,1280,True,,train
n_911,data/raw/SUST Driver Drowsiness Dataset/not drowsiness/n_911.mp4,.mp4,not_drowsy,directory:not drowsiness,,No subject identifier or documented video-to-driver mapping in path or filename.,30.0,300,300,10.0,720,1280,True,,train
n_914,data/raw/SUST Driver Drowsiness Dataset/not drowsiness/n_914.mp4,.mp4,not_drowsy,directory:not drowsiness,,No subject identifier or documented video-to-driver mapping in path or filename.,30.0,300,300,10.0,720,1280,True,,train
n_915,data/raw/SUST Driver Drowsiness Dataset/not drowsiness/n_915.mp4,.mp4,not_drowsy,directory:not drowsiness,,No subject identifier or documented video-to-driver mapping in path or filename.,30.0,300,300,10.0,720,1280,True,,train
n_916,data/raw/SUST Driver Drowsiness Dataset/not drowsiness/n_916.mp4,.mp4,not_drowsy,directory:not drowsiness,,No subject identifier or documented video-to-driver mapping in path or filename.,30.0,300,300,10.0,720,1280,True,,train
n_917,data/raw/SUST Driver Drowsiness Dataset/not drowsiness/n_917.mp4,.mp4,not_drowsy,directory:not drowsiness,,No subject identifier or documented video-to-driver mapping in path or filename.,30.0,300,300,10.0,720,1280,True,,train
n_918,data/raw/SUST Driver Drowsiness Dataset/not drowsiness/n_918.mp4,.mp4,not_drowsy,directory:not drowsiness,,No subject identifier or documented video-to-driver mapping in path or filename.,30.0,300,300,10.0,720,1280,True,,train
n_919,data/raw/SUST Driver Drowsiness Dataset/not drowsiness/n_919.mp4,.mp4,not_drowsy,directory:not drowsiness,,No subject identifier or documented video-to-driver mapping in path or filename.,30.0,300,300,10.0,720,1280,True,,train
n_92,data/raw/SUST Driver Drowsiness Dataset/not drowsiness/n_92.mp4,.mp4,not_drowsy,directory:not drowsiness,,No subject identifier or documented video-to-driver mapping in path or filename.,30.0,300,300,10.0,720,1280,True,,train
n_920,data/raw/SUST Driver Drowsiness Dataset/not drowsiness/n_920.mp4,.mp4,not_drowsy,directory:not drowsiness,,No subject identifier or documented video-to-driver mapping in path or filename.,30.0,300,300,10.0,720,1280,True,,train
n_922,data/raw/SUST Driver Drowsiness Dataset/not drowsiness/n_922.mp4,.mp4,not_drowsy,directory:not drowsiness,,No subject identifier or documented video-to-driver mapping in path or filename.,30.0,300,300,10.0,720,1280,True,,train
n_923,data/raw/SUST Driver Drowsiness Dataset/not drowsiness/n_923.mp4,.mp4,not_drowsy,directory:not drowsiness,,No subject identifier or documented video-to-driver mapping in path or filename.,30.0,300,300,10.0,720,1280,True,,train
n_924,data/raw/SUST Driver Drowsiness Dataset/not drowsiness/n_924.mp4,.mp4,not_drowsy,directory:not drowsiness,,No subject identifier or documented video-to-driver mapping in path or filename.,30.0,300,300,10.0,720,1280,True,,train
n_925,data/raw/SUST Driver Drowsiness Dataset/not drowsiness/n_925.mp4,.mp4,not_drowsy,directory:not drowsiness,,No subject identifier or documented video-to-driver mapping in path or filename.,30.0,300,300,10.0,720,1280,True,,train
n_926,data/raw/SUST Driver Drowsiness Dataset/not drowsiness/n_926.mp4,.mp4,not_drowsy,directory:not drowsiness,,No subject identifier or documented video-to-driver mapping in path or filename.,30.0,300,300,10.0,720,1280,True,,train
n_929,data/raw/SUST Driver Drowsiness Dataset/not drowsiness/n_929.mp4,.mp4,not_drowsy,directory:not drowsiness,,No subject identifier or documented video-to-driver mapping in path or filename.,30.0,300,300,10.0,720,1280,True,,train
n_930,data/raw/SUST Driver Drowsiness Dataset/not drowsiness/n_930.mp4,.mp4,not_drowsy,directory:not drowsiness,,No subject identifier or documented video-to-driver mapping in path or filename.,30.0,300,300,10.0,720,1280,True,,train
n_931,data/raw/SUST Driver Drowsiness Dataset/not drowsiness/n_931.mp4,.mp4,not_drowsy,directory:not drowsiness,,No subject identifier or documented video-to-driver mapping in path or filename.,30.0,300,300,10.0,720,1280,True,,train
n_932,data/raw/SUST Driver Drowsiness Dataset/not drowsiness/n_932.mp4,.mp4,not_drowsy,directory:not drowsiness,,No subject identifier or documented video-to-driver mapping in path or filename.,30.0,300,300,10.0,720,1280,True,,train
n_933,data/raw/SUST Driver Drowsiness Dataset/not drowsiness/n_933.mp4,.mp4,not_drowsy,directory:not drowsiness,,No subject identifier or documented video-to-driver mapping in path or filename.,30.0,300,300,10.0,720,1280,True,,train
n_934,data/raw/SUST Driver Drowsiness Dataset/not drowsiness/n_934.mp4,.mp4,not_drowsy,directory:not drowsiness,,No subject identifier or documented video-to-driver mapping in path or filename.,30.0,300,300,10.0,720,1280,True,,train
n_935,data/raw/SUST Driver Drowsiness Dataset/not drowsiness/n_935.mp4,.mp4,not_drowsy,directory:not drowsiness,,No subject identifier or documented video-to-driver mapping in path or filename.,30.0,300,300,10.0,720,1280,True,,train
n_936,data/raw/SUST Driver Drowsiness Dataset/not drowsiness/n_936.mp4,.mp4,not_drowsy,directory:not drowsiness,,No subject identifier or documented video-to-driver mapping in path or filename.,30.0,300,300,10.0,720,1280,True,,train
n_937,data/raw/SUST Driver Drowsiness Dataset/not drowsiness/n_937.mp4,.mp4,not_drowsy,directory:not drowsiness,,No subject identifier or documented video-to-driver mapping in path or filename.,30.0,300,300,10.0,720,1280,True,,train
n_939,data/raw/SUST Driver Drowsiness Dataset/not drowsiness/n_939.mp4,.mp4,not_drowsy,directory:not drowsiness,,No subject identifier or documented video-to-driver mapping in path or filename.,30.0,300,300,10.0,720,1280,True,,train
n_94,data/raw/SUST Driver Drowsiness Dataset/not drowsiness/n_94.mp4,.mp4,not_drowsy,directory:not drowsiness,,No subject identifier or documented video-to-driver mapping in path or filename.,30.0,300,300,10.0,720,1280,True,,train
n_940,data/raw/SUST Driver Drowsiness Dataset/not drowsiness/n_940.mp4,.mp4,not_drowsy,directory:not drowsiness,,No subject identifier or documented video-to-driver mapping in path or filename.,30.0,300,300,10.0,720,1280,True,,train
n_942,data/raw/SUST Driver Drowsiness Dataset/not drowsiness/n_942.mp4,.mp4,not_drowsy,directory:not drowsiness,,No subject identifier or documented video-to-driver mapping in path or filename.,30.0,300,300,10.0,720,1280,True,,train
n_943,data/raw/SUST Driver Drowsiness Dataset/not drowsiness/n_943.mp4,.mp4,not_drowsy,directory:not drowsiness,,No subject identifier or documented video-to-driver mapping in path or filename.,30.0,300,300,10.0,720,1280,True,,train
n_944,data/raw/SUST Driver Drowsiness Dataset/not drowsiness/n_944.mp4,.mp4,not_drowsy,directory:not drowsiness,,No subject identifier or documented video-to-driver mapping in path or filename.,30.0,300,300,10.0,720,1280,True,,train
n_945,data/raw/SUST Driver Drowsiness Dataset/not drowsiness/n_945.mp4,.mp4,not_drowsy,directory:not drowsiness,,No subject identifier or documented video-to-driver mapping in path or filename.,30.0,300,300,10.0,720,1280,True,,train
n_948,data/raw/SUST Driver Drowsiness Dataset/not drowsiness/n_948.mp4,.mp4,not_drowsy,directory:not drowsiness,,No subject identifier or documented video-to-driver mapping in path or filename.,30.0,300,300,10.0,720,1280,True,,train
n_949,data/raw/SUST Driver Drowsiness Dataset/not drowsiness/n_949.mp4,.mp4,not_drowsy,directory:not drowsiness,,No subject identifier or documented video-to-driver mapping in path or filename.,30.0,300,300,10.0,720,1280,True,,train
n_95,data/raw/SUST Driver Drowsiness Dataset/not drowsiness/n_95.mp4,.mp4,not_drowsy,directory:not drowsiness,,No subject identifier or documented video-to-driver mapping in path or filename.,30.0,300,300,10.0,720,1280,True,,train
n_950,data/raw/SUST Driver Drowsiness Dataset/not drowsiness/n_950.mp4,.mp4,not_drowsy,directory:not drowsiness,,No subject identifier or documented video-to-driver mapping in path or filename.,30.0,300,300,10.0,720,1280,True,,train
n_952,data/raw/SUST Driver Drowsiness Dataset/not drowsiness/n_952.mp4,.mp4,not_drowsy,directory:not drowsiness,,No subject identifier or documented video-to-driver mapping in path or filename.,30.0,300,300,10.0,720,1280,True,,train
n_953,data/raw/SUST Driver Drowsiness Dataset/not drowsiness/n_953.mp4,.mp4,not_drowsy,directory:not drowsiness,,No subject identifier or documented video-to-driver mapping in path or filename.,30.0,300,300,10.0,720,1280,True,,train
n_954,data/raw/SUST Driver Drowsiness Dataset/not drowsiness/n_954.mp4,.mp4,not_drowsy,directory:not drowsiness,,No subject identifier or documented video-to-driver mapping in path or filename.,30.0,300,300,10.0,720,1280,True,,train
n_955,data/raw/SUST Driver Drowsiness Dataset/not drowsiness/n_955.mp4,.mp4,not_drowsy,directory:not drowsiness,,No subject identifier or documented video-to-driver mapping in path or filename.,30.0,300,300,10.0,720,1280,True,,train
n_957,data/raw/SUST Driver Drowsiness Dataset/not drowsiness/n_957.mp4,.mp4,not_drowsy,directory:not drowsiness,,No subject identifier or documented video-to-driver mapping in path or filename.,30.0,300,300,10.0,720,1280,True,,train
n_958,data/raw/SUST Driver Drowsiness Dataset/not drowsiness/n_958.mp4,.mp4,not_drowsy,directory:not drowsiness,,No subject identifier or documented video-to-driver mapping in path or filename.,30.0,300,300,10.0,720,1280,True,,train
n_959,data/raw/SUST Driver Drowsiness Dataset/not drowsiness/n_959.mp4,.mp4,not_drowsy,directory:not drowsiness,,No subject identifier or documented video-to-driver mapping in path or filename.,30.0,300,300,10.0,720,1280,True,,train
n_96,data/raw/SUST Driver Drowsiness Dataset/not drowsiness/n_96.mp4,.mp4,not_drowsy,directory:not drowsiness,,No subject identifier or documented video-to-driver mapping in path or filename.,30.0,300,300,10.0,720,1280,True,,train
n_960,data/raw/SUST Driver Drowsiness Dataset/not drowsiness/n_960.mp4,.mp4,not_drowsy,directory:not drowsiness,,No subject identifier or documented video-to-driver mapping in path or filename.,30.0,300,300,10.0,720,1280,True,,train
n_961,data/raw/SUST Driver Drowsiness Dataset/not drowsiness/n_961.mp4,.mp4,not_drowsy,directory:not drowsiness,,No subject identifier or documented video-to-driver mapping in path or filename.,30.0,300,300,10.0,720,1280,True,,train
n_962,data/raw/SUST Driver Drowsiness Dataset/not drowsiness/n_962.mp4,.mp4,not_drowsy,directory:not drowsiness,,No subject identifier or documented video-to-driver mapping in path or filename.,30.0,300,300,10.0,720,1280,True,,train
n_965,data/raw/SUST Driver Drowsiness Dataset/not drowsiness/n_965.mp4,.mp4,not_drowsy,directory:not drowsiness,,No subject identifier or documented video-to-driver mapping in path or filename.,30.0,300,300,10.0,720,1280,True,,train
n_967,data/raw/SUST Driver Drowsiness Dataset/not drowsiness/n_967.mp4,.mp4,not_drowsy,directory:not drowsiness,,No subject identifier or documented video-to-driver mapping in path or filename.,30.0,300,300,10.0,720,1280,True,,train
n_968,data/raw/SUST Driver Drowsiness Dataset/not drowsiness/n_968.mp4,.mp4,not_drowsy,directory:not drowsiness,,No subject identifier or documented video-to-driver mapping in path or filename.,30.0,300,300,10.0,720,1280,True,,train
n_969,data/raw/SUST Driver Drowsiness Dataset/not drowsiness/n_969.mp4,.mp4,not_drowsy,directory:not drowsiness,,No subject identifier or documented video-to-driver mapping in path or filename.,30.0,300,300,10.0,720,1280,True,,train
n_97,data/raw/SUST Driver Drowsiness Dataset/not drowsiness/n_97.mp4,.mp4,not_drowsy,directory:not drowsiness,,No subject identifier or documented video-to-driver mapping in path or filename.,30.0,300,300,10.0,720,1280,True,,train
n_970,data/raw/SUST Driver Drowsiness Dataset/not drowsiness/n_970.mp4,.mp4,not_drowsy,directory:not drowsiness,,No subject identifier or documented video-to-driver mapping in path or filename.,30.0,300,300,10.0,720,1280,True,,train
n_971,data/raw/SUST Driver Drowsiness Dataset/not drowsiness/n_971.mp4,.mp4,not_drowsy,directory:not drowsiness,,No subject identifier or documented video-to-driver mapping in path or filename.,30.0,300,300,10.0,720,1280,True,,train
n_972,data/raw/SUST Driver Drowsiness Dataset/not drowsiness/n_972.mp4,.mp4,not_drowsy,directory:not drowsiness,,No subject identifier or documented video-to-driver mapping in path or filename.,30.0,300,300,10.0,720,1280,True,,train
n_973,data/raw/SUST Driver Drowsiness Dataset/not drowsiness/n_973.mp4,.mp4,not_drowsy,directory:not drowsiness,,No subject identifier or documented video-to-driver mapping in path or filename.,30.0,300,300,10.0,720,1280,True,,train
n_974,data/raw/SUST Driver Drowsiness Dataset/not drowsiness/n_974.mp4,.mp4,not_drowsy,directory:not drowsiness,,No subject identifier or documented video-to-driver mapping in path or filename.,30.0,300,300,10.0,720,1280,True,,train
n_975,data/raw/SUST Driver Drowsiness Dataset/not drowsiness/n_975.mp4,.mp4,not_drowsy,directory:not drowsiness,,No subject identifier or documented video-to-driver mapping in path or filename.,30.0,300,300,10.0,720,1280,True,,train
n_976,data/raw/SUST Driver Drowsiness Dataset/not drowsiness/n_976.mp4,.mp4,not_drowsy,directory:not drowsiness,,No subject identifier or documented video-to-driver mapping in path or filename.,30.0,300,300,10.0,720,1280,True,,train
n_979,data/raw/SUST Driver Drowsiness Dataset/not drowsiness/n_979.mp4,.mp4,not_drowsy,directory:not drowsiness,,No subject identifier or documented video-to-driver mapping in path or filename.,30.0,300,300,10.0,720,1280,True,,train
n_98,data/raw/SUST Driver Drowsiness Dataset/not drowsiness/n_98.mp4,.mp4,not_drowsy,directory:not drowsiness,,No subject identifier or documented video-to-driver mapping in path or filename.,30.0,300,300,10.0,720,1280,True,,train
n_980,data/raw/SUST Driver Drowsiness Dataset/not drowsiness/n_980.mp4,.mp4,not_drowsy,directory:not drowsiness,,No subject identifier or documented video-to-driver mapping in path or filename.,30.0,300,300,10.0,720,1280,True,,train
n_981,data/raw/SUST Driver Drowsiness Dataset/not drowsiness/n_981.mp4,.mp4,not_drowsy,directory:not drowsiness,,No subject identifier or documented video-to-driver mapping in path or filename.,30.0,300,300,10.0,720,1280,True,,train
n_982,data/raw/SUST Driver Drowsiness Dataset/not drowsiness/n_982.mp4,.mp4,not_drowsy,directory:not drowsiness,,No subject identifier or documented video-to-driver mapping in path or filename.,30.0,300,300,10.0,720,1280,True,,train
n_983,data/raw/SUST Driver Drowsiness Dataset/not drowsiness/n_983.mp4,.mp4,not_drowsy,directory:not drowsiness,,No subject identifier or documented video-to-driver mapping in path or filename.,25.0,250,250,10.0,720,1280,True,,train
n_984,data/raw/SUST Driver Drowsiness Dataset/not drowsiness/n_984.mp4,.mp4,not_drowsy,directory:not drowsiness,,No subject identifier or documented video-to-driver mapping in path or filename.,25.0,250,250,10.0,720,1280,True,,train
n_986,data/raw/SUST Driver Drowsiness Dataset/not drowsiness/n_986.mp4,.mp4,not_drowsy,directory:not drowsiness,,No subject identifier or documented video-to-driver mapping in path or filename.,25.0,250,250,10.0,720,1280,True,,train
n_988,data/raw/SUST Driver Drowsiness Dataset/not drowsiness/n_988.mp4,.mp4,not_drowsy,directory:not drowsiness,,No subject identifier or documented video-to-driver mapping in path or filename.,25.0,250,250,10.0,720,1280,True,,train
n_989,data/raw/SUST Driver Drowsiness Dataset/not drowsiness/n_989.mp4,.mp4,not_drowsy,directory:not drowsiness,,No subject identifier or documented video-to-driver mapping in path or filename.,25.0,250,250,10.0,720,1280,True,,train
n_991,data/raw/SUST Driver Drowsiness Dataset/not drowsiness/n_991.mp4,.mp4,not_drowsy,directory:not drowsiness,,No subject identifier or documented video-to-driver mapping in path or filename.,25.0,250,250,10.0,720,1280,True,,train
n_992,data/raw/SUST Driver Drowsiness Dataset/not drowsiness/n_992.mp4,.mp4,not_drowsy,directory:not drowsiness,,No subject identifier or documented video-to-driver mapping in path or filename.,25.0,250,250,10.0,720,1280,True,,train
n_993,data/raw/SUST Driver Drowsiness Dataset/not drowsiness/n_993.mp4,.mp4,not_drowsy,directory:not drowsiness,,No subject identifier or documented video-to-driver mapping in path or filename.,25.0,250,250,10.0,720,1280,True,,train
n_994,data/raw/SUST Driver Drowsiness Dataset/not drowsiness/n_994.mp4,.mp4,not_drowsy,directory:not drowsiness,,No subject identifier or documented video-to-driver mapping in path or filename.,30.0,300,300,10.0,720,1280,True,,train
n_995,data/raw/SUST Driver Drowsiness Dataset/not drowsiness/n_995.mp4,.mp4,not_drowsy,directory:not drowsiness,,No subject identifier or documented video-to-driver mapping in path or filename.,30.0,300,300,10.0,720,1280,True,,train
n_998,data/raw/SUST Driver Drowsiness Dataset/not drowsiness/n_998.mp4,.mp4,not_drowsy,directory:not drowsiness,,No subject identifier or documented video-to-driver mapping in path or filename.,30.0,300,300,10.0,720,1280,True,,train
n_999,data/raw/SUST Driver Drowsiness Dataset/not drowsiness/n_999.mp4,.mp4,not_drowsy,directory:not drowsiness,,No subject identifier or documented video-to-driver mapping in path or filename.,30.0,300,300,10.0,720,1280,True,,train
