sample_id,video_id,split,label,timestamp_sec,source_frame_index,source_fps,hog_success,yunet_success,hog_detection_count,yunet_detection_count,yunet_confidence,hog_bbox_x1,hog_bbox_y1,hog_bbox_x2,hog_bbox_y2,yunet_bbox_x1,yunet_bbox_y1,yunet_bbox_x2,yunet_bbox_y2,bbox_iou,hog_landmark_success,yunet_landmark_success,landmark_mean_diff,normalized_landmark_diff,ear_hog,ear_yunet,ear_abs_diff,mar_hog,mar_yunet,mar_abs_diff,pitch_raw_hog,pitch_raw_yunet,pitch_centered_hog,pitch_centered_yunet,pitch_raw_abs_diff,pitch_circular_diff,yaw_hog,yaw_yunet,yaw_raw_abs_diff,yaw_circular_diff,roll_hog,roll_yunet,roll_raw_abs_diff,roll_circular_diff,hog_ms,yunet_ms,hog_landmark_ms,yunet_landmark_ms,hog_pipeline_ms,yunet_pipeline_ms,hog_crop_padding_fraction,yunet_crop_padding_fraction,crop_mean_abs_diff,hog_geometry_valid,yunet_geometry_valid,quality_flags,failure_reason
train_d_438_t1p0,d_438,train,drowsy,1.0,30,30.0,True,True,1,1,0.9372788071632385,290,320,558,588,323,283,576,609,0.6896476205076543,True,True,7.834140511616653,0.02923186758065915,0.21607360312506463,0.31453948114848995,0.09846587802342532,0.04352147171277173,0.13348425707390454,0.08996278536113281,-171.43558651797,-170.66167456516638,8.564413482029977,9.33832543483362,0.7739119528036156,0.7739119528036156,32.52132127930374,35.08134664260422,2.5600253633004755,2.5600253633004684,9.4342220557006,12.525007546929084,3.090785491228484,3.0907854912284733,409.5198000140954,57.273500016890466,3.720200009411201,4.880299995420501,414.95560004841536,63.0500000261236,0.0,0.0,0.13654430210590363,True,True,,
train_n_908_t1p0,n_908,train,not_drowsy,1.0,30,30.0,True,True,1,1,0.9429918527603149,141,290,410,559,202,246,426,581,0.611838292381546,True,True,6.561664971529182,0.02439280658561034,0.3043136973182988,0.3561669677405169,0.0518532704222181,0.1226144611408476,0.09562684399939969,0.026987617141447914,-171.12454482776732,-169.85105944753883,8.875455172232705,10.14894055246117,1.2734853802284931,1.2734853802284931,32.803854542308464,33.89550850202082,1.0916539597123531,1.091653959712346,7.086164894704914,8.599275223540799,1.513110328835885,1.513110328835893,366.33079999592155,41.22380001354031,4.016799997771159,3.690100013045594,371.0880000144243,45.72980006923899,0.0,0.0,0.11762181669473648,True,True,,
val_d_796_t1p0,d_796,val,drowsy,1.0,30,30.01,True,True,1,1,0.9215062856674194,204,290,590,676,202,264,499,669,0.7099812034849755,True,True,6.4190829879776,0.016629748673517096,0.20277330418903833,0.2526565731744368,0.049883268985398466,0.05274570154347656,0.0644084608347501,0.011662759291273542,179.81772984853535,-177.62211107005808,-0.18227015146464964,2.377888929941946,357.4398409185934,2.5601590814065958,-24.115152755813508,-26.30582533205563,2.1906725762421217,2.1906725762421217,-7.463887210347212,-8.285248997314508,0.8213617869672953,0.8213617869672873,368.59199998434633,35.98559999954887,3.265800012741238,3.2420000061392784,372.637799999211,40.088299982016906,0.0,0.0,0.13205485045909882,True,True,,
val_n_835_t1p0,n_835,val,not_drowsy,1.0,30,30.0,False,False,0,0,,,,,,,,,,,False,False,,,,,,,,,,,,,,,,,,,,,,,366.09120000503026,35.15229999902658,0.0,0.0,366.09120000503026,35.15229999902658,,,,False,False,,HOG_FACE_NOT_FOUND;YUNET_FACE_NOT_FOUND
train_d_438_t3p0,d_438,train,drowsy,3.0,90,30.0,True,True,1,1,0.9346864819526672,290,320,558,588,328,283,591,617,0.6288127639605818,True,True,8.404083826915533,0.03135852174222214,0.2893441871648309,0.45009245173809564,0.16074826457326474,0.04001450213119569,0.08377558489114362,0.04376108275994793,-163.55265325902002,-159.28403292282837,16.44734674097998,20.715967077171626,4.2686203361916455,4.2686203361916455,40.512428873417036,39.612587067051386,0.8998418063656501,0.8998418063656572,14.068800712310955,17.554830701774126,3.486029989463171,3.4860299894631623,368.31860002712347,36.08170000370592,3.2236000115517527,3.420699998969212,372.2824000287801,40.19580001477152,0.0,0.0,0.15140384435653687,True,True,,
train_n_908_t3p0,n_908,train,not_drowsy,3.0,90,30.0,True,True,1,1,0.9429824948310852,171,290,439,559,202,255,445,590,0.710387323943662,True,True,4.2003380926358105,0.015643744415557322,0.3277708019007278,0.3978694647451505,0.07009866284442268,0.04077921595448145,0.01350242221424651,0.027276793740234943,-168.67967111047506,-169.73388300165854,11.320328889524944,10.266116998341431,1.0542118911834848,1.0542118911834848,31.014323634601514,30.328167599095742,0.6861560355057712,0.6861560355057748,11.55582078787606,10.917934897580356,0.6378858902957045,0.6378858902957063,371.49189997580834,38.01660001045093,3.201500017894432,3.3668999967630953,375.45540000428446,42.14289999799803,0.0,0.0,0.11464765667915344,True,True,,
val_d_796_t3p0,d_796,val,drowsy,3.0,90,30.01,True,True,1,1,0.9183019399642944,204,290,590,676,200,257,494,672,0.6913983997603386,True,True,9.219386111462478,0.023884419977882067,0.15877090962108492,0.2337673374346019,0.07499642781351698,0.022676685475084925,0.05071215320383701,0.028035467728752088,178.30900761506888,-177.48360667555934,-1.6909923849311213,2.516393324440628,355.7926142906282,4.207385709371806,-22.60000360720877,-33.614476343405784,11.014472736197014,11.014472736197007,-6.611340516617124,-9.18201928196345,2.570678765346326,2.5706787653463152,358.61530000693165,36.806699994485825,3.248699998948723,3.49960001767613,362.6364000374451,41.0639000183437,0.0,0.0,0.1385488063097,True,True,,
val_n_835_t3p0,n_835,val,not_drowsy,3.0,90,30.0,False,True,0,1,0.9286975264549255,,,,,258,640,442,883,,False,True,,,,0.4970844939120532,,,0.4567463418075224,,,176.2002629319851,,-3.799737068014906,,,,-37.35051404569549,,,,3.581895579167111,,,358.20020001847297,36.880800005747005,0.0,3.2973999914247543,358.20020001847297,40.85719998693094,,0.0,,False,True,,HOG_FACE_NOT_FOUND
train_d_438_t5p0,d_438,train,drowsy,5.0,150,30.0,True,True,1,1,0.9357406497001648,290,320,558,588,332,274,590,611,0.6167695158958066,True,True,9.737682897901822,0.03633463767873814,0.31884701028276896,0.30960420210816314,0.009242808174605821,0.045216594355558304,0.1761446236647046,0.1309280293091463,-166.63421954889267,-161.82674406766463,13.365780451107298,18.173255932335337,4.807475481228039,4.807475481228039,38.71809766508924,39.4346744777397,0.7165768126504588,0.7165768126504588,11.330051128109249,17.139063830690997,5.809012702581748,5.809012702581754,363.8395999732893,37.18070001923479,3.1821999873500317,3.3358999935444444,367.7730999479536,41.18130001006648,0.0,0.0,0.1504875123500824,True,True,,
train_n_908_t5p0,n_908,train,not_drowsy,5.0,150,30.0,True,True,1,1,0.9387004971504211,141,290,410,559,191,240,425,599,0.6044881792809063,True,True,4.64673213346772,0.01727409715043762,0.3167948290757959,0.3805064476561928,0.06371161858039687,0.013328595119490277,0.016750837608854617,0.0034222424893643397,-169.0645166953902,-169.74827536220747,10.935483304609761,10.251724637792563,0.6837586668172548,0.6837586668172548,32.65317787715794,33.52141012958819,0.8682322524302535,0.8682322524302606,8.232295445946011,8.03530779029439,0.1969876556516219,0.19698765565161125,359.2044999822974,37.00330000719987,3.2854999881237745,3.3696000173222274,363.20049996720627,41.12250005709939,0.0,0.0,0.1264537274837494,True,True,,
val_d_796_t5p0,d_796,val,drowsy,5.0,150,30.01,True,True,1,1,0.9246129393577576,241,313,563,635,230,270,527,679,0.6920828166685454,True,True,6.8091276056088725,0.02114635902363004,0.3093182144813183,0.32389091729703157,0.014572702815713268,0.22416551483579322,0.21555915933364905,0.00860635550214417,-175.3560814960075,-175.1083202595956,4.643918503992495,4.891679740404413,0.24776123641191816,0.24776123641191816,-31.049519595602224,-31.426714696283316,0.3771951006810923,0.3771951006810923,-6.224231162915528,-7.246285311204248,1.0220541482887198,1.0220541482887313,365.28669999097474,40.16330000013113,3.2851000141818076,3.470800002105534,369.47169998893514,44.51380000682548,0.0,0.0,0.15020166337490082,True,True,,
val_n_835_t5p0,n_835,val,not_drowsy,5.0,150,30.0,False,True,0,1,0.925311267375946,,,,,263,644,443,890,,False,True,,,,0.46671475110879135,,,0.29674797480707044,,,174.84486565713723,,-5.155134342862766,,,,-40.643527913320696,,,,6.013253263972288,,,358.93590000341646,36.27840001718141,0.0,3.33070001215674,358.93590000341646,40.21930001908913,,0.0,,False,True,,HOG_FACE_NOT_FOUND
train_d_438_t7p0,d_438,train,drowsy,7.0,210,30.0,True,True,1,1,0.936771035194397,290,320,558,588,324,286,574,608,0.6998169887961434,True,True,8.423942924204466,0.031432622851509204,0.26502370520267954,0.4565958513807824,0.19157214617810286,0.03296027467093167,0.12061611717867875,0.08765584250774708,-169.03093266044644,-163.40930619492937,10.96906733955359,16.5906938050706,5.621626465517068,5.621626465517068,38.712167269218206,37.750711058058684,0.961456211159522,0.9614562111595149,10.46436975294714,14.78669223844858,4.32232248550144,4.322322485501445,365.17790000652894,35.88479998870753,3.3325999975204468,3.3557999995537102,369.2943000351079,39.900399977341294,0.0,0.0,0.13534259796142578,True,True,,
train_n_908_t7p0,n_908,train,not_drowsy,7.0,210,30.0,True,True,1,1,0.9404876232147217,171,320,439,588,195,246,441,604,0.691978835978836,True,True,4.444491506311524,0.016583923531013147,0.35254692859099535,0.4047607941660021,0.052213865575006735,0.028654060329427803,0.0,0.028654060329427803,-168.00944931278767,-168.02581375477726,11.990550687212362,11.974186245222768,0.016364441989594525,0.016364441989594525,31.958582620063055,33.38456673118357,1.4259841111205134,1.4259841111204992,7.8991562030565845,8.679669620941688,0.7805134178851034,0.7805134178851176,357.33820000314154,37.20739998971112,3.2925999839790165,3.3725000103004277,361.3608000159729,41.2779999896884,0.0,0.0,0.1416335552930832,True,True,,
val_d_796_t7p0,d_796,val,drowsy,7.0,210,30.01,True,True,1,1,0.9242029190063477,241,348,563,670,228,273,526,680,0.688963963963964,True,True,7.807919824228751,0.02424819821189053,0.30349371009240483,0.4271163263388539,0.12362261624644905,0.039248829037128175,0.04560458913158144,0.006355760094453267,-178.6737737638739,-176.340325986397,1.3262262361261037,3.6596740136029666,2.3334477774768914,2.3334477774768914,-25.11118563375362,-25.824350519705597,0.7131648859519757,0.7131648859519828,-5.653254084078908,-5.541293934184958,0.11196014989394953,0.11196014989394598,368.9799999992829,41.52780000003986,3.4158999915234745,4.834099992876872,373.206099960953,47.29259997839108,0.0,0.0,0.14949458837509155,True,True,,
val_n_835_t7p0,n_835,val,not_drowsy,7.0,210,30.0,False,True,0,1,0.9340375661849976,,,,,266,646,450,903,,False,True,,,,0.461447337300142,,,0.4755400373663937,,,176.08480685964543,,-3.9151931403545746,,,,-40.486902514813494,,,,7.171750846057742,,,357.5171999982558,37.62940000160597,0.0,3.339199989568442,357.5171999982558,41.644099983386695,,0.0,,False,True,,HOG_FACE_NOT_FOUND
train_d_438_t9p0,d_438,train,drowsy,9.0,270,30.0,True,True,1,1,0.932541012763977,290,320,558,588,331,287,582,617,0.6484469931143277,True,True,8.87833332525528,0.03312810942259433,0.30905966128907586,0.40690024739311303,0.09784058610403717,0.04825737869983254,0.24055852790886834,0.1923011492090358,-162.86942915511153,-164.57862881997886,17.13057084488844,15.42137118002114,1.7091996648673273,1.7091996648673273,37.43447567068949,36.72448455576599,0.709991114923497,0.709991114923497,14.254887260814172,14.607026734386718,0.3521394735725458,0.3521394735725494,358.9569999894593,36.10870000557043,3.3103000023402274,3.980800014687702,362.9363000218291,40.884000016376376,0.0,0.0,0.14441649615764618,True,True,,
train_n_908_t9p0,n_908,train,not_drowsy,9.0,270,30.0,True,True,1,1,0.9354932904243469,141,290,410,559,180,249,418,602,0.6546743558541877,True,True,11.972744822000008,0.044508345063197056,0.30655349687038136,0.36592174012904943,0.059368243258668074,0.03240144321351887,0.01639124023930107,0.0160102029742178,-166.55440671948463,-159.62523520107086,13.445593280515368,20.374764798929164,6.929171518413767,6.929171518413767,37.268612989624145,44.61722613924021,7.348613149616064,7.348613149616057,8.105698736445403,16.522293884043837,8.416595147598434,8.416595147598429,359.6822000108659,37.269199994625524,3.1875999993644655,3.3939999993890524,363.5288999939803,41.33830001228489,0.0,0.0,0.12305005639791489,True,True,,
val_d_796_t9p0,d_796,val,drowsy,9.0,270,30.01,True,True,1,1,0.922081708908081,241,348,563,670,227,268,518,676,0.6695341470371872,True,True,8.635090913561232,0.026817052526587677,0.2489059452563488,0.34759032560675995,0.09868438035041116,0.03489126988529393,0.06124750757037981,0.02635623768508588,-179.7339521651767,-176.69198282561052,0.2660478348233255,3.3080171743894766,3.0419693395661795,3.0419693395661795,-22.931951875678376,-27.102375523642866,4.1704236479644905,4.170423647964498,-4.525811375208548,-5.766792564037492,1.2409811888289441,1.240981188828954,358.6710000236053,35.466100001940504,3.2407999970018864,3.3884999866131693,362.679800047772,39.6642999839969,0.0,0.0,0.14406676590442657,True,True,,
val_n_835_t9p0,n_835,val,not_drowsy,9.0,270,30.0,False,True,0,1,0.9268821477890015,,,,,254,636,444,885,,False,True,,,,0.4186345452504087,,,0.3455393222146242,,,167.3991225590564,,-12.600877440943606,,,,-46.43478891004242,,,,8.611428700253766,,,365.44819999835454,35.537099989596754,0.0,3.380300011485815,365.44819999835454,39.58840001723729,,0.0,,False,True,,HOG_FACE_NOT_FOUND
train_d_5_t3p0,d_5,train,drowsy,3.0,90,30.0,True,True,1,1,0.9345404505729675,319,558,588,826,289,462,567,879,0.5467857906773944,True,True,6.0459472818839375,0.022517533575106538,0.2524185326369418,0.2947011120946544,0.04228257945771258,0.08652444267305673,0.05874002931833075,0.02778441335472598,177.8534884222122,177.86288618996636,-2.1465115777878054,-2.1371138100336395,0.009397767754165898,0.009397767754165898,-30.239355509799193,-32.744345805199686,2.504990295400493,2.5049902954004892,-1.9219556711868793,-0.31819917606229187,1.6037564951245873,1.6037564951245997,357.75049999938346,35.124999994877726,3.2307999790646136,3.5539999953471124,361.7742999631446,39.48799998033792,0.0,0.033546325878594296,0.23710471391677856,True,True,,
train_n_290_t3p0,n_290,train,not_drowsy,3.0,90,29.95,True,True,1,1,0.9401959776878357,266,638,490,862,285,599,466,845,0.6546169302000524,True,True,3.4331473748656207,0.015326550780650093,0.33899940965265285,0.32962529114364547,0.009374118509007379,0.10808772653718833,0.17042897795260517,0.06234125141541684,166.57649047720008,168.29106512676194,-13.423509522799918,-11.708934873238064,1.714574649561854,1.714574649561854,-20.51894220203376,-23.2634611523291,2.7445189502953404,2.744518950295344,-0.6440868868555102,-1.6855438451545297,1.0414569582990194,1.0414569582990225,363.99579999851994,36.5894999995362,3.3022999996319413,3.4808999917004257,368.1952999904752,40.93489996739663,0.0,0.0,0.1963205486536026,True,True,,
val_d_396_t3p0,d_396,val,drowsy,3.0,90,30.0,True,True,1,1,0.9362282752990723,171,409,439,677,220,389,465,703,0.6516843951944217,True,True,6.016150727201881,0.02244832360896224,0.3316452099474329,0.4408214444930254,0.1091762345455925,0.07299188818016081,0.12061611717867875,0.04762422899851794,-179.58336225199963,-178.21881165412634,0.4166377480003689,1.7811883458736588,1.36455059787329,1.36455059787329,34.2555089984881,30.33088086727024,3.924628131217858,3.924628131217844,4.967233192621294,7.111746717887315,2.144513525266021,2.1445135252660066,366.137200006051,35.09960000519641,3.2792999991215765,3.3300000068265945,370.0603000179399,39.08899999805726,0.0,0.0,0.17930208146572113,True,True,,
val_n_241_t3p0,n_241,val,not_drowsy,3.0,90,30.0,True,True,1,1,0.9352892637252808,260,379,528,648,342,327,565,632,0.5057335382432911,True,True,8.8347829014581,0.032904276424714426,0.34833800521638714,0.38038633946123446,0.03204833424484732,0.19835057219091048,0.05442302798967186,0.14392754420123863,-170.8713561050546,-158.37757534563514,9.128643894945412,21.622424654364863,12.493780759419451,12.493780759419451,43.01349833054744,48.466951473915756,5.453453143368314,5.453453143368307,13.099553429130575,19.166662371187105,6.06710894205653,6.067108942056535,358.3087000006344,36.52770002372563,3.395700012333691,3.4075000148732215,362.365500011947,40.60460004257038,0.0,0.0,0.23781828582286835,True,True,,
train_d_5_t5p0,d_5,train,drowsy,5.0,150,30.0,True,True,1,1,0.9301110506057739,312,527,634,849,320,474,596,877,0.7051094890510949,True,True,6.030419402228166,0.01872801056592598,0.2801342514101741,0.27024510379937405,0.009889147610800064,0.06528998016764655,0.04770848035464683,0.017581499812999717,177.4350589376363,177.2657545365077,-2.564941062363687,-2.7342454634923,0.16930440112861334,0.16930440112861334,-29.475192039810576,-30.06623064998211,0.5910386101715339,0.5910386101715233,-0.5886496283611994,0.7360516387487631,1.3247012671099625,1.3247012671099583,364.8657000157982,38.194900000235066,3.3081000146921724,3.3186000073328614,368.9396000409033,42.27350000292063,0.0,0.06765676567656764,0.21644876897335052,True,True,,
train_n_290_t5p0,n_290,train,not_drowsy,5.0,150,29.95,True,True,1,1,0.9336450695991516,340,638,564,862,347,615,535,883,0.7205036955926636,True,True,7.02897309971548,0.03137934419515839,0.41505159937122577,0.3546661609178454,0.06038543845338035,0.04907493192050712,0.2470588117569324,0.1979838798364253,178.11070467289554,175.16723965500657,-1.8892953271044632,-4.8327603449934315,2.9434650178889683,2.9434650178889683,-24.17463114865758,-23.894750079860767,0.2798810687968114,0.2798810687968114,8.575612091845203,8.656575220367328,0.08096312852212506,0.0809631285221144,359.034299995983,35.98340001190081,3.17209999775514,3.3564000041224062,362.8958000044804,40.12600000714883,0.0,0.0,0.17709961533546448,True,True,,
val_d_396_t5p0,d_396,val,drowsy,5.0,150,30.0,True,True,1,1,0.9410309791564941,171,439,439,707,205,394,448,727,0.6965600737523742,True,True,5.003773540942782,0.01867079679456262,0.13415010899652843,0.0910135274675635,0.043136581528964935,0.026461534274734695,0.13387221958594978,0.10741068531121509,-177.89636212094217,-175.9012676010893,2.1036378790578283,4.09873239891067,1.99509451985287,1.99509451985287,30.762450992938874,32.86464385235993,2.1021928594210593,2.102192859421052,4.887149425790847,6.005881324007062,1.1187318982162147,1.1187318982162253,371.09450000571087,43.68460000841878,3.4248000010848045,3.6770000006072223,375.2958000113722,48.078699997859076,0.0,0.0,0.19299328327178955,True,True,,
val_n_241_t5p0,n_241,val,not_drowsy,5.0,150,30.0,True,True,1,1,0.9388688802719116,260,379,528,648,341,323,573,630,0.4870044304257151,True,True,13.25042901985457,0.04934991431916176,0.3137029503561085,0.3582884463702114,0.04458549601410289,0.35302993305564956,0.08763553795176687,0.2653943951038827,-173.95366889912776,-161.34988033106305,6.046331100872237,18.650119668936952,12.603788568064715,12.603788568064715,30.596189527122835,46.467697695089335,15.8715081679665,15.87150816796651,14.017736529981752,21.033313062763394,7.015576532781642,7.015576532781637,361.0630999901332,34.813899983419105,3.3928999910131097,3.2961000106297433,365.13900000136346,39.00670001166873,0.0,0.0,0.2398230880498886,True,True,,
train_d_5_t7p0,d_5,train,drowsy,7.0,210,30.0,True,True,1,1,0.9285183548927307,312,527,634,849,302,470,575,881,0.6454676412527344,True,True,8.726968627326322,0.02710238704138609,0.27950143297522645,0.2627824557010213,0.016718977274205127,0.06142951168339512,0.035726944736356035,0.025702566947039082,176.84689804663068,-179.87989336667957,-3.1531019533693154,0.12010663332046079,356.72679141331025,3.273208586689748,-27.180056234064086,-31.521362996557176,4.34130676249309,4.3413067624931045,-4.00180826012186,-2.7533171313944043,1.2484911287274554,1.2484911287274656,375.054000003729,57.284200011054054,3.231799986679107,5.403299990575761,379.06639999710023,63.617999985581264,0.0,0.04376012965964349,0.21302463114261627,True,True,,
train_n_290_t7p0,n_290,train,not_drowsy,7.0,210,29.95,True,True,1,1,0.9321848154067993,340,638,564,862,331,608,515,870,0.6623411732900784,True,True,8.293263903370985,0.037023499568620465,0.4238338699094909,0.35508464587451544,0.06874922403497546,0.06850829372326221,0.04931387076239312,0.019194422960869095,179.30413503844946,173.71760837557133,-0.6958649615505408,-6.282391624428669,5.5865266628781285,5.5865266628781285,-22.33841684147057,-23.627435613872283,1.2890187724017146,1.289018772401704,8.510253131388069,10.1162761314886,1.6060230001005316,1.606023000100521,363.16760000772774,39.5188000111375,3.3131999953184277,3.6152999964542687,367.17730000964366,43.811700015794486,0.0,0.0,0.19487141072750092,True,True,,
val_d_396_t7p0,d_396,val,drowsy,7.0,210,30.0,True,True,1,1,0.9337826371192932,171,409,439,677,217,382,461,702,0.6580833554552694,True,True,6.664657505007915,0.02486812501868625,0.2589741927698202,0.23002323865163135,0.02895095411818885,0.051554849690883975,0.06369820093710582,0.012143351246221845,178.31183220803226,179.7160797124644,-1.688167791967743,-0.28392028753560794,1.404247504432135,1.404247504432135,27.067690693176267,34.39183799129017,7.3241472981139,7.3241472981139,1.9813577205535198,4.286719137400885,2.305361416847365,2.3053614168473757,364.4307999929879,43.11189998406917,3.5382999922148883,4.778600006829947,368.73669998021796,48.689199989894405,0.0,0.0,0.1782183200120926,True,True,,
val_n_241_t7p0,n_241,val,not_drowsy,7.0,210,30.0,True,True,1,1,0.9389244318008423,260,350,528,618,330,325,546,630,0.626937618147448,True,True,15.052539382413888,0.056166191725424953,0.42213463347880753,0.2779043567502361,0.14423027672857142,0.2074163132252403,0.14341404827790294,0.06400226494733735,-166.45711759684227,-161.2675500853194,13.542882403157705,18.732449914680615,5.189567511522853,5.189567511522853,51.744150815402705,41.88943834831389,9.854712467088817,9.854712467088802,17.10244491675831,13.221138267612451,3.8813066491458574,3.88130664914587,359.38539999187924,36.89439999288879,3.3882000134326518,3.3048000186681747,363.41360001824796,40.80519999843091,0.0,0.0,0.20664463937282562,True,True,,
train_d_5_t9p0,d_5,train,drowsy,9.0,270,30.0,True,True,1,1,0.9354071021080017,312,527,634,849,301,457,569,858,0.6445115967538435,True,True,6.769466657680332,0.02102318837788923,0.29509265078107005,0.3264203737761854,0.031327722995115326,0.06639713667590909,0.022140364070469445,0.04425677260543964,175.78423517415158,177.03421882388878,-4.215764825848424,-2.9657811761112214,1.249983649737203,1.249983649737203,-29.751586110520826,-34.551710233135296,4.80012412261447,4.800124122614477,-1.7594522697280064,-1.0648318497455274,0.694620419982479,0.6946204199824706,359.39449997385964,40.95630001393147,3.215400007320568,3.6797000211663544,363.4646999707911,45.38140006479807,0.0,0.02657807308970095,0.20092789828777313,True,True,,
train_n_290_t9p0,n_290,train,not_drowsy,9.0,270,29.95,True,True,1,1,0.9412461519241333,266,638,490,862,284,601,471,862,0.7336544355898065,True,True,6.290488942132514,0.028082539920234437,0.43985060536010223,0.4860738711774795,0.04622326581737729,0.16177512342148267,0.12334878165127625,0.03842634177020643,173.51900356672235,170.8655538451186,-6.480996433277653,-9.134446154881402,2.6534497216037494,2.6534497216037494,-19.001888685888424,-19.139579027557964,0.13769034166953986,0.13769034166955407,-2.957394770811942,-2.2488219896227437,0.7085727811891984,0.70857278118919,366.65959999663755,36.4500000141561,3.8591999909840524,3.304099984234199,371.27089998102747,40.51590000744909,0.0,0.0,0.18044282495975494,True,True,,
val_d_396_t9p0,d_396,val,drowsy,9.0,270,30.0,True,True,1,1,0.940882682800293,171,409,439,677,226,379,470,688,0.6333096653945149,True,True,6.255791251206298,0.023342504668680215,0.11750850973601215,0.18444895485496798,0.06694044511895583,0.03480992977536645,0.10464182893549787,0.06983189916013141,175.81617218151015,-179.61287354421046,-4.183827818489846,0.3871264557895415,355.4290457257206,4.570954274279416,25.860104099969398,32.25557214615353,6.395468046184135,6.395468046184135,4.398083043295757,6.435965083142591,2.037882039846834,2.037882039846835,360.5850999883842,35.676200001034886,3.4833999816328287,3.4084999933838844,364.84099994413555,39.802600018447265,0.0,0.0,0.20731818675994873,True,True,,
val_n_241_t9p0,n_241,val,not_drowsy,9.0,270,30.0,True,True,1,1,0.9349546432495117,260,379,528,648,342,331,569,636,0.5111146752205292,True,True,10.684676375135625,0.03979402197852023,0.3619327381995802,0.38042145733692123,0.018488719137341014,0.6784973061162981,0.05764427044107796,0.6208530356752201,-162.981349694628,-158.23866187559366,17.018650305372034,21.761338124406336,4.74268781903433,4.74268781903433,46.60250738186069,48.980420260863596,2.3779128790029063,2.3779128790029063,19.78438105187999,20.7992768328046,1.0148957809246113,1.0148957809246042,371.4394999842625,34.96250000898726,3.339799994137138,3.355699998792261,375.6045999471098,38.99559998535551,0.0,0.0,0.23812584578990936,True,True,,
train_d_5_t1p0,d_5,train,drowsy,1.0,30,30.0,True,True,1,1,0.9327995777130127,277,527,599,849,271,481,534,867,0.6758297399712531,True,True,8.18464767910975,0.025418160494129656,0.21397163390266105,0.2626075017786882,0.04863586787602714,0.048272687192455546,0.048272687192455546,0.0,175.5528007944889,-179.574590999528,-4.447199205511112,0.42540900047197283,355.1273917940169,4.87260820598317,-32.350209378736096,-36.63324976785769,4.283040389121595,4.283040389121595,-5.337133842978907,-4.701286500457872,0.6358473425210347,0.635847342521032,361.4287000091281,36.633500014431775,3.234200004953891,3.4886000212281942,365.43279999750666,40.85790002136491,0.0,0.0,0.1937740445137024,True,True,,
train_n_290_t1p0,n_290,train,not_drowsy,1.0,30,29.95,True,True,1,1,0.9367202520370483,266,638,490,862,278,600,461,869,0.7017856225710911,True,True,6.0031545567265985,0.026799797128243742,0.418568417504131,0.441220908653273,0.02265249114914203,0.1313254306356428,0.2729185521038726,0.1415931214682298,178.04957312149628,174.88132525846936,-1.9504268785037198,-5.11867474153064,3.16824786302692,3.16824786302692,-24.646430107620787,-25.736660357742032,1.0902302501212446,1.0902302501212375,-1.800221572190211,-1.4685261593442045,0.33169541284600657,0.3316954128460168,366.2463999935426,35.52259999560192,3.3112999808508903,3.371799975866452,370.2499999490101,39.57919997628778,0.0,0.0,0.1969519555568695,True,True,,
val_d_396_t1p0,d_396,val,drowsy,1.0,30,30.0,True,True,1,1,0.9422090649604797,171,409,439,677,212,390,449,686,0.7497658368252403,True,True,11.089699402388957,0.04137947538204835,0.29563001946297174,0.4756087939136734,0.17997877445070165,0.10702834636089176,0.13822323789982258,0.03119489153893082,178.71326095009434,-172.74571134819055,-1.2867390499056626,7.254288651809475,351.4589722982849,8.541027701715166,30.637314686571937,31.51092553210359,0.8736108455316547,0.8736108455316582,3.7351659227662997,8.845797278009073,5.110631355242774,5.110631355242788,398.4661000140477,49.56430001766421,4.627799993613735,4.987399996025488,404.16730000288226,55.57959998259321,0.0,0.0,0.15651509165763855,True,True,,
val_n_241_t1p0,n_241,val,not_drowsy,1.0,30,30.0,True,True,1,1,0.9402367472648621,260,379,528,648,346,321,564,633,0.4924158500213038,True,True,9.752998925424262,0.03632408132622461,0.2974126101616281,0.3797945541904324,0.08238194402880428,0.2650963448279274,0.03877596585852409,0.2263203789694033,-170.11832229919816,-162.61691740251166,9.881677700801845,17.38308259748834,7.501404896686495,7.501404896686495,41.84705739985419,49.27341029559933,7.42635289574514,7.42635289574514,13.15764403951697,18.349473931251982,5.191829891735011,5.191829891735011,358.66830000304617,37.14390000095591,3.352600004291162,3.2811000128276646,362.8415999992285,41.096100001595914,0.0,0.0,0.23485735058784485,True,True,,
train_d_25_t5p0,d_25,train,drowsy,5.0,150,30.0,True,True,1,1,0.9352931976318359,241,562,563,884,260,504,530,901,0.7015024125744348,True,True,4.505596737905455,0.01399253645312253,0.22665100497194118,0.20546240369582677,0.02118860127611441,0.07614519053051015,0.03116247843401426,0.04498271209649589,173.60009001368084,175.85284547732246,-6.399909986319159,-4.147154522677539,2.25275546364162,2.25275546364162,-26.178749029599384,-30.835319564591895,4.656570534992511,4.656570534992511,1.1877938410853368,1.5486380861989693,0.36084424511363244,0.36084424511363977,364.9289000022691,36.54370000003837,3.246700012823567,3.3713000011630356,369.0462000085972,40.764100005617365,0.0,0.0,0.18861253559589386,True,True,,
train_n_461_t5p0,n_461,train,not_drowsy,5.0,125,25.0,True,True,1,1,0.9410581588745117,266,440,490,664,256,378,464,699,0.6109764161340092,True,True,14.761842529613881,0.06590108272149055,0.3493460798223885,0.4171547598767531,0.06780868005436458,0.07625913840471864,0.257627953387219,0.18136881498250035,-171.760117650229,-166.55049420289927,8.239882349770994,13.449505797100755,5.209623447329733,5.209623447329733,-32.65017210088123,-41.37546889721043,8.725296796329204,8.72529679632919,-7.097186995131641,-4.47851925476811,2.618667740363531,2.61866774036352,368.97680000402033,54.6619999804534,4.565099981846288,3.551600006176159,374.3178999866359,59.217499976512045,0.0,0.0,0.20027638971805573,True,True,,
val_d_44_t5p0,d_44,val,drowsy,5.0,150,30.0,True,True,1,1,0.9307722449302673,205,384,527,706,224,323,471,714,0.658792150885883,True,True,5.604143957627418,0.017404173781451607,0.42409259233570745,0.4035351893533743,0.02055740298233316,0.020816827488178383,0.02008360919042997,0.0007332182977484135,172.83072633914395,174.7855307295642,-7.1692736608560494,-5.2144692704358135,1.954804390420236,1.954804390420236,-30.660635193865133,-33.08449844921999,2.42386325535486,2.42386325535486,1.7483796830189011,0.3823325959422235,1.3660470870766777,1.36604708707668,366.56319999019615,43.02710000774823,3.7198999780230224,3.5681999870575964,371.49039993528277,47.422199975699186,0.0,0.0,0.13064244389533997,True,True,,
val_n_996_t5p0,n_996,val,not_drowsy,5.0,150,30.0,True,True,1,1,0.9169996976852417,312,705,634,1027,317,631,579,1019,0.6684542381695268,True,True,5.645001869607891,0.017531061706856806,0.2739365745677269,0.23522806177875188,0.038708512788975025,0.11967084026575064,0.037968000090957514,0.08170284017479312,159.4935520792287,159.0364438709238,-20.506447920771308,-20.96355612907621,0.45710820830490206,0.45710820830490206,-29.20079591141729,-30.099215375348457,0.898419463931166,0.8984194639311625,11.889451049956966,14.07794715895244,2.1884961089954746,2.18849610899548,380.4265999933705,44.68649998307228,3.418899985263124,5.162899993592873,384.5815999957267,50.946999981533736,0.0,0.03264604810996563,0.1735011339187622,True,True,,
train_d_25_t7p0,d_25,train,drowsy,7.0,210,30.0,True,True,1,1,0.9325982928276062,290,587,558,856,268,516,542,905,0.6113085039228063,True,True,7.422973980191129,0.027646133522688004,0.2671393505234701,0.26113839868497657,0.006000951838493529,0.23485177778388913,0.024301856823930178,0.21054992095995895,175.75103573453904,172.85739953401347,-4.248964265460955,-7.142600465986533,2.8936362005255774,2.8936362005255774,-24.47752137061167,-28.155077451216993,3.6775560806053242,3.6775560806053136,1.0978639970506556,2.329519584488576,1.2316555874379205,1.2316555874379276,365.90539998724125,35.68999998969957,3.288000007160008,3.323499986436218,370.08049996802583,39.86409996286966,0.0,0.0,0.21526627242565155,True,True,,
train_n_461_t7p0,n_461,train,not_drowsy,7.0,175,25.0,True,True,1,1,0.9407392144203186,266,440,490,664,253,376,454,696,0.5817860300618921,True,True,24.06600690856261,0.10743753084179737,0.3713648442747509,0.40687131409857,0.03550646982381911,0.18270957642528596,0.37684849432388423,0.19413891789859827,-172.2304979841361,-165.54261022676502,7.769502015863907,14.45738977323498,6.687887757371072,6.687887757371072,-31.093009977777673,-47.70311591578701,16.610105938009337,16.610105938009326,-7.451837439425948,-6.881401089850217,0.570436349575731,0.5704363495757434,361.3206000009086,35.757900011958554,3.360900009283796,3.30250000115484,365.40820001391694,39.87340000458062,0.0,0.0,0.1967410296201706,True,True,,
val_d_44_t7p0,d_44,val,drowsy,7.0,210,30.0,True,True,1,1,0.9375964999198914,205,384,527,706,226,329,465,718,0.6429400903949138,True,True,11.976791812204024,0.0371950056279628,0.2876132752877394,0.31269819456348646,0.025084919275747075,0.01204033041046455,0.03205376646991127,0.020013436059446717,168.77160739029256,175.61220636938995,-11.228392609707441,-4.387793630610048,6.840598979097393,6.840598979097393,-31.563227423426547,-37.72726010594674,6.164032682520194,6.164032682520201,3.4897472219482997,-1.8004214276908044,5.290168649639104,5.290168649639099,373.1357000069693,41.20289999991655,3.2876999757718295,3.3287999976892024,377.1623999928124,45.477199979359284,0.0,0.0,0.12437667697668076,True,True,,
val_n_996_t7p0,n_996,val,not_drowsy,7.0,210,30.0,True,True,1,1,0.9371263980865479,349,706,618,975,322,632,584,1008,0.587183488454179,True,True,4.439117450495795,0.016502295355002954,0.2746701910264451,0.2705886688157567,0.00408152221068836,0.11774805889287605,0.08024500524137522,0.037503053651500834,160.3288942377424,159.0728751676056,-19.67110576225761,-20.927124832394412,1.2560190701368015,1.2560190701368015,-22.15885162060473,-25.617195895551028,3.458344274946299,3.4583442749462847,14.83842986010333,16.463626754902794,1.6251968947994637,1.6251968947994726,362.6963999995496,35.73830000823364,3.437999985180795,3.450799995334819,366.9600999855902,39.90569998859428,0.0,0.02659574468085102,0.1757894605398178,True,True,,
train_d_25_t9p0,d_25,train,drowsy,9.0,270,30.0,True,True,1,1,0.9373324513435364,241,562,563,884,243,518,510,885,0.7430833455777491,True,True,4.446369641554016,0.013808601371285764,0.21028254846194533,0.1811606873747254,0.029121861087219925,0.04805915080541288,0.02461006164715043,0.023449089158262448,174.5876036533573,175.80659808943025,-5.4123963466427085,-4.193401910569747,1.2189944360729612,1.2189944360729612,-27.076884453996172,-30.898625744820986,3.8217412908248143,3.8217412908248036,-2.006686629082961,-0.46663437897056576,1.5400522501123952,1.5400522501123817,358.4835999936331,37.62879999703728,3.3523999736644328,3.355699998792261,362.7254999591969,41.835299984086305,0.0,0.0,0.17967934906482697,True,True,,
train_n_461_t9p0,n_461,train,not_drowsy,9.0,225,25.0,True,True,1,1,0.9408708810806274,266,440,490,664,247,365,455,687,0.5658682634730539,True,True,17.699300632135294,0.07901473496488971,0.3423023499039593,0.6047330478067698,0.26243069790281054,0.17999778465628316,0.22763981365052702,0.04764202899424386,-172.50200416403135,-170.15899429762348,7.497995835968652,9.841005702376492,2.3430098664078685,2.3430098664078685,-32.07363100620319,-39.707003990973455,7.633372984770261,7.633372984770261,-7.441601977565175,-3.0797136364343176,4.361888341130857,4.36188834113085,362.5929999980144,35.3387999930419,3.2503000111319125,3.478599974187091,366.5771000087261,39.67989992816001,0.0,0.0,0.19876424968242645,True,True,,
val_d_44_t9p0,d_44,val,drowsy,9.0,270,30.0,True,True,1,1,0.9331035614013672,230,379,499,648,221,303,466,697,0.6022749912244917,True,True,16.85065325037513,0.06264183364451721,0.3551199091073154,0.4269325967233247,0.07181268761600929,0.019735133805428285,0.056038525487062125,0.03630339168163384,178.75947549766354,-166.11758865463,-1.2405245023364557,13.882411345369974,344.87706415229354,15.122935847706458,-36.99320900319566,-47.12443632783628,10.13122732464062,10.131227324640633,-0.8823807535070817,-14.877819637044743,13.99543888353766,13.995438883537673,377.7239000191912,50.40410000947304,3.534799994667992,4.35450000804849,382.38110003294423,55.55570000433363,0.0,0.0,0.19247174263000488,True,True,,
val_n_996_t9p0,n_996,val,not_drowsy,9.0,270,30.0,True,True,1,1,0.9379895329475403,319,706,588,975,306,638,568,994,0.6789624133317115,True,True,3.69953822817343,0.013752930216258103,0.32017220185700235,0.3121804841088431,0.007991717748159266,0.02078327960349334,0.060909928616951166,0.040126649013457825,158.55544706202812,159.58072017952603,-21.444552937971878,-20.419279820473974,1.0252731174979033,1.0252731174979033,-22.064877334475913,-24.014196074932624,1.949318740456711,1.9493187404567038,11.724075208081947,12.649135117844768,0.9250599097628207,0.9250599097628083,364.4329000089783,45.874099974753335,3.4020000020973384,3.393299994058907,368.6538000474684,50.00859996653162,0.0,0.0,0.15758688747882843,True,True,,
train_d_25_t1p0,d_25,train,drowsy,1.0,30,30.0,True,True,1,1,0.9372665286064148,241,562,563,884,254,530,520,903,0.7305074626865672,True,True,5.868190649176334,0.01822419456265942,0.20321737872330065,0.23310742322590045,0.0298900445025998,0.06395000728037993,0.02194739602157359,0.04200261125880634,175.7999271272614,177.00580376608508,-4.200072872738588,-2.99419623391492,1.2058766388236677,1.2058766388236677,-32.16982591923902,-33.240675947427064,1.0708500281880475,1.0708500281880333,-1.323548412860401,-0.04148287435851749,1.2820655385018835,1.2820655385018824,365.7260999898426,37.070400023367256,3.249800007324666,3.431300021475181,369.7130999935325,41.259200050262734,0.0,0.0,0.15013748407363892,True,True,,
train_n_461_t1p0,n_461,train,not_drowsy,1.0,25,25.0,True,True,1,1,0.9445189237594604,230,409,499,677,243,368,454,698,0.6639115222955362,True,True,24.069848200074162,0.08964577256849658,0.3588524257368727,0.49807069696465156,0.13921827122777886,0.0939432340686662,0.36065870192817323,0.26671546785950706,-172.81738954615992,-165.36407030671316,7.182610453840084,14.635929693286812,7.453319239446756,7.453319239446756,-22.17045738671249,-46.90238947332402,24.731932086611533,24.731932086611522,-4.231090602952757,-5.866222075466459,1.6351314725137023,1.6351314725137058,356.07160002109595,35.79140000510961,3.2088000152725726,3.399300010642037,360.0499000749551,40.018900006543845,0.0,0.0,0.14568442106246948,True,True,,
val_d_44_t1p0,d_44,val,drowsy,1.0,30,30.0,True,True,1,1,0.9364128112792969,205,384,527,706,217,310,471,721,0.6476205558634888,True,True,10.201530629017384,0.03168177213980554,0.3969182716607429,0.48873690439133693,0.09181863273059404,0.025079139666757788,0.031224266059648526,0.006145126392890738,173.8131176787226,179.54494719599074,-6.186882321277409,-0.45505280400925585,5.731829517268153,5.731829517268153,-31.47925422997117,-36.80859865625317,5.329344426281999,5.329344426282006,-0.5175330659612504,-3.5083764475267825,2.990843381565532,2.9908433815655258,357.83229998196475,35.48009999212809,3.3549999934621155,3.568299987819046,361.9475999730639,39.79289997369051,0.0,0.0,0.15077805519104004,True,True,,
val_n_996_t1p0,n_996,val,not_drowsy,1.0,30,30.0,False,False,0,0,,,,,,,,,,,False,False,,,,,,,,,,,,,,,,,,,,,,,362.3710999963805,37.25789999589324,0.0,0.0,362.3710999963805,37.25789999589324,,,,False,False,,HOG_FACE_NOT_FOUND;YUNET_FACE_NOT_FOUND
train_d_25_t3p0,d_25,train,drowsy,3.0,90,30.0,True,True,1,1,0.938050389289856,277,562,599,884,271,498,535,881,0.6718859699250576,True,True,4.181498130560383,0.012986019039007401,0.2126098097731681,0.17937905099359286,0.03323075877957524,0.04977553804322852,0.013469311461009133,0.03630622658221939,173.07799916674588,173.99769596178783,-6.922000833254117,-6.0023040382121735,0.9196967950419435,0.9196967950419435,-33.073748555142195,-33.38140402762527,0.3076554724830771,0.3076554724830771,1.813452161288065,2.437494586339942,0.624042425051877,0.6240424250518686,368.6937000020407,38.341800012858585,3.444399975705892,3.38249999913387,372.95879996963777,42.53840004093945,0.0,0.0,0.20223504304885864,True,True,,
train_n_461_t3p0,n_461,train,not_drowsy,3.0,75,25.0,True,True,1,1,0.9407128691673279,266,440,490,664,258,376,468,706,0.6095812900792154,True,True,27.023008405192012,0.12063843038032149,0.35403161987717185,0.41012477166932676,0.056093151792154905,0.04962524777917453,0.45193648298612477,0.4023112352069502,-172.94073961255748,-163.23982663942687,7.059260387442521,16.760173360573162,9.700912973130613,9.700912973130613,-31.609019627752517,-50.52603166577445,18.91701203802193,18.917012038021937,-7.1183165062589016,-9.007785125099701,1.8894686188407999,1.8894686188407945,363.3323999820277,39.25320002599619,3.2571000047028065,3.5788000095635653,367.297500022687,43.586600048001856,0.0,0.0,0.20317892730236053,True,True,,
val_d_44_t3p0,d_44,val,drowsy,3.0,90,30.0,True,True,1,1,0.9375638961791992,205,384,527,706,223,323,472,713,0.6647376799097964,True,True,7.9664901220472775,0.024740652552941854,0.38689369478034663,0.36995972406629496,0.01693397071405167,0.00822217187426218,0.0057467468254045456,0.002475425048857635,173.46385324975134,175.05784954374673,-6.536146750248662,-4.942150456253273,1.5939962939953887,1.5939962939953887,-32.56126663371928,-31.977359353530762,0.5839072801885159,0.5839072801885266,0.4892538794301639,-0.8754326593235676,1.3646865387537315,1.3646865387537446,363.271199981682,35.74099999968894,3.2879000063985586,3.330400009872392,367.3038999841083,39.81399998883717,0.0,0.0,0.1364210844039917,True,True,,
val_n_996_t3p0,n_996,val,not_drowsy,3.0,90,30.0,True,True,1,1,0.9200934767723083,349,706,618,975,331,628,581,1014,0.5862493306905395,True,True,23.623229075403604,0.08781869544759704,0.323557855053311,0.34030131103667616,0.01674345598336513,0.05496212199773481,0.3256735550268209,0.27071143302908607,159.39869830772113,166.59874185925622,-20.601301692278867,-13.401258140743778,7.200043551535089,7.200043551535089,-33.27906971544729,-33.886992093164146,0.6079223777168536,0.6079223777168465,11.36036532357598,14.63474370976566,3.27437838618968,3.2743783861896816,459.69899999909103,60.50529997446574,4.45659999968484,6.17390000843443,465.1202999812085,67.93669998296537,0.0,0.04482758620689653,0.18800772726535797,True,True,,
train_d_737_t7p0,d_737,train,drowsy,7.0,175,25.0,True,True,1,1,0.943566620349884,200,647,469,915,250,612,466,927,0.703856816302709,True,True,10.77742171844609,0.04013944285047951,0.41150483023283246,0.3550985162707533,0.05640631396207918,0.029618165210014806,0.06732484661547279,0.037706681405457985,172.94770525833238,166.23004885707738,-7.052294741667623,-13.769951142922622,6.717656401254999,6.717656401254999,26.70046061862565,32.93527004739998,6.23480942877433,6.2348094287743265,2.262564325505501,-1.4145611555299518,3.6771254810354526,3.6771254810354606,439.157199987676,49.66879999847151,3.543099999660626,3.561299992725253,443.44339999952354,53.94459996023215,0.0,0.0,0.14158207178115845,True,True,,
train_n_883_t7p0,n_883,train,not_drowsy,7.0,210,30.0,True,True,1,1,0.9268417358398438,241,663,465,886,243,617,425,900,0.6667433302667893,True,True,15.999375483678591,0.0715857517695866,0.21228529812587965,0.44784745556711225,0.2355621574412326,0.08132714124571536,0.3508260159147593,0.269498874669044,170.27748864459585,168.66257951127892,-9.722511355404151,-11.33742048872108,1.614909133316928,1.614909133316928,-33.86439976599028,-46.00967543780868,12.145275671818403,12.14527567181841,-1.6655907502793084,12.757132763180573,14.422723513459882,14.422723513459886,409.38580001238734,48.061000008601695,4.93669998832047,4.030699987197295,414.998199994443,52.80989996390417,0.0,0.0,0.1571444869041443,True,True,,
val_d_609_t7p0,d_609,val,drowsy,7.0,210,29.97,True,True,1,1,0.9284985065460205,366,449,552,635,350,411,520,660,0.5932645706474462,True,True,8.331343423079574,0.04479216894128803,0.182281284166583,0.4076074680554008,0.2253261838888178,0.029138575870717925,0.028316922189962172,0.0008216536807557524,-170.26197329333064,-168.21379433645814,9.738026706669359,11.786205663541864,2.048178956872505,2.048178956872505,-33.20650484520271,-36.206904676645365,3.0003998314426568,3.0003998314426497,-7.513957087044491,-5.941153132151365,1.5728039548931259,1.5728039548931179,391.44830001168884,40.66870000679046,3.2925000123213977,3.404000017326325,395.46400000108406,44.678600010229275,0.0,0.0,0.17055615782737732,True,True,,
val_n_640_t7p0,n_640,val,not_drowsy,7.0,210,30.0,True,True,1,1,0.9314109683036804,319,379,588,648,296,368,491,661,0.5559186812130533,True,True,54.133475127324935,0.2012396844881968,0.31194930285258154,0.37898472962765034,0.0670354267750688,0.39471074463923406,0.1764366744100102,0.21827407022922385,-173.10369497575363,179.62049186454178,6.896305024246374,-0.3795081354582237,352.7241868402954,7.275813159704626,-46.91837657791268,47.62397689193765,94.54235346985033,94.54235346985033,-1.298482955563538,174.37020605018697,175.6686890057505,175.6686890057505,410.3551000007428,46.843299991451204,3.3460999839007854,3.6965000035706908,414.39510000054725,51.342899998417124,0.0,0.0,0.20326216518878937,True,True,,
train_d_737_t9p0,d_737,train,drowsy,9.0,225,25.0,True,True,1,1,0.9411336183547974,171,647,439,915,202,610,444,944,0.7125740441572429,True,True,7.4830921903252525,0.027921985784795718,0.2984027053974748,0.39872901010572415,0.10032630470824933,0.14684457253052435,0.26908077182550605,0.1222361992949817,175.69061917644282,-177.07950991831913,-4.309380823557177,2.920490081680896,352.77012909476196,7.2298709052380445,24.97370507508236,27.586681588827773,2.612976513745412,2.612976513745423,1.224388207423831,4.240801694333766,3.0164134869099346,3.0164134869099257,396.16830000886694,42.178900010185316,4.010799981188029,3.4505000221543014,401.18919996893965,46.60870003863238,0.0,0.0,0.16979867219924927,True,True,,
train_n_883_t9p0,n_883,train,not_drowsy,9.0,270,30.0,True,True,1,1,0.9305151104927063,241,663,465,886,231,623,417,892,0.646185254700517,True,True,9.993216974904712,0.04471249208913928,0.29911603790330654,0.32585589784867686,0.026739859945370315,0.04905209414516019,0.038976353149167225,0.010075740995992961,168.71339543105574,172.5909096448582,-11.286604568944256,-7.409090355141814,3.877514213802442,3.877514213802442,-34.528650812989675,-43.47680674838616,8.948155935396485,8.948155935396471,2.166158675305043,3.677155126377705,1.5109964510726623,1.510996451072657,381.85629999497905,44.177800009492785,3.2580000115558505,4.372499999590218,385.96010001492687,49.27230000612326,0.0,0.0,0.16196967661380768,True,True,,
val_d_609_t9p0,d_609,val,drowsy,9.0,270,29.97,True,True,1,1,0.933157742023468,340,415,564,639,350,409,521,657,0.7056742815033161,True,True,4.809252040793993,0.02146987518211604,0.41032792850348154,0.3939179592265747,0.016409969276906855,0.10168026149091394,0.08750410185091365,0.014176159640000296,-170.7578127774763,-169.09086083777214,9.24218722252374,10.90913916222786,1.6669519397041483,1.6669519397041483,-36.57871038883333,-35.44853307642709,1.1301773124062393,1.1301773124062322,-5.367398827555296,-5.387116468535425,0.019717640980129403,0.019717640980132956,361.67340000974946,38.15389997907914,3.3067000040318817,3.6165000055916607,365.65709998831153,42.451000015717,0.0,0.0,0.10224521905183792,True,True,,
val_n_640_t9p0,n_640,val,not_drowsy,9.0,270,30.0,True,True,1,1,0.9437069296836853,260,379,528,648,254,374,455,659,0.6819245469436572,True,True,5.609113892525801,0.020890590756555468,0.35441016083997035,0.33732706001355806,0.01708310082641229,0.03298407790137369,0.052281575534754675,0.019297497633380983,-175.42228519419987,-172.6701503652195,4.577714805800156,7.329849634780487,2.7521348289803598,2.7521348289803598,-42.885588553187944,-44.08407890266926,1.1984903494813182,1.1984903494813182,-3.6202744741421626,-3.981094940018886,0.36082046587672334,0.36082046587671357,357.326400000602,37.6762000087183,3.1925000075716525,3.7662000104319304,361.20779998600483,42.153900023549795,0.0,0.0,0.16698700189590454,True,True,,
train_d_737_t1p0,d_737,train,drowsy,1.0,25,25.0,True,True,1,1,0.937637209892273,171,647,439,915,237,609,452,922,0.6370215219514491,True,True,8.817175211217403,0.03289990750454255,0.18632718375191606,0.278934277263145,0.09260709351122895,0.18700591822158943,0.20634257511681803,0.019336656895228593,169.6339321716221,167.93160289643208,-10.366067828377908,-12.068397103567918,1.70232927519001,1.70232927519001,28.703689636115804,34.688963377809394,5.9852737416935895,5.9852737416935895,-4.307167331168076,-4.8238661715965625,0.5166988404284867,0.5166988404284893,358.6072000034619,38.53379999054596,3.2272000098600984,3.30400001257658,362.5937000324484,42.85789999994449,0.0,0.0,0.16657762229442596,True,True,,
train_n_883_t1p0,n_883,train,not_drowsy,1.0,30,30.0,True,True,1,1,0.9354012608528137,241,663,465,886,218,628,414,895,0.6055882583784632,True,True,8.359573339462965,0.03740310630180043,0.28585326377041964,0.3952509473963224,0.10939768362590274,0.06347920495127506,0.4172526621928251,0.35377345724155,172.22199301922254,170.17274065507118,-7.778006980777462,-9.82725934492882,2.049252364151357,2.049252364151357,-10.010790714199262,-32.81938408409727,22.808593369898013,22.808593369898006,-0.8305142467543686,2.195972869660321,3.0264871164146894,3.0264871164146996,374.61960001382977,47.19809998641722,4.059200000483543,4.015899990918115,379.9935999850277,52.021299983607605,0.0,0.0,0.16543526947498322,True,True,,
val_d_609_t1p0,d_609,val,drowsy,1.0,30,29.97,True,True,1,1,0.9258533120155334,366,449,552,635,355,418,521,663,0.620854509432337,True,True,8.000930647509623,0.043015756169406574,0.24393458356061787,0.32471897392745414,0.08078439036683627,0.0607705952262494,0.06258666641198171,0.001816071185732314,-166.58371706000793,-164.41064784130324,13.416282939992072,15.589352158696784,2.1730692187046827,2.1730692187046827,-34.393504256488875,-35.351521670300016,0.9580174138111417,0.9580174138111488,-8.091668327282092,-7.802585965442254,0.2890823618398377,0.2890823618398315,370.19169999985024,43.647299986332655,3.3358999935444444,3.4900000027846545,374.23809999017976,47.83809999935329,0.0,0.0,0.16932940483093262,True,True,,
val_n_640_t1p0,n_640,val,not_drowsy,1.0,30,30.0,True,True,1,1,0.9358769655227661,260,379,528,648,242,358,443,657,0.5933537437924883,True,True,27.833926908387255,0.10366471199057056,0.31330194963695135,0.5273077032197956,0.21400575358284424,0.4227029265434006,0.31308591185767737,0.10961701468572321,-174.89028180134352,-144.7266141504092,5.109718198656481,35.273385849590795,30.163667650934315,30.163667650934315,-45.422965263094824,-60.668425270747576,15.245460007652753,15.245460007652753,-6.111488665090087,-35.30722465703358,29.195735991943494,29.19573599194348,358.0212999950163,37.32259999378584,3.2316000142600387,3.2242999877780676,361.9516000326257,41.16789996623993,0.0,0.0,0.1963861733675003,True,True,,
train_d_737_t3p0,d_737,train,drowsy,3.0,75,25.0,True,True,1,1,0.9291368722915649,171,647,439,915,213,623,437,925,0.7556898288016113,True,True,6.590636173853256,0.02459192602184051,0.28240005559842557,0.2689393939393939,0.013460661659031647,0.037874682209077824,0.11002734747314903,0.07215266526407121,170.92039945220205,169.38191580102657,-9.079600547797952,-10.618084198973435,1.5384836511754827,1.5384836511754827,31.151148362302905,27.494012199892396,3.6571361624105094,3.657136162410495,-8.882792848730832,-6.806805660433207,2.075987188297625,2.0759871882976313,372.46429998776875,39.68490002444014,3.3854999928735197,4.503300006035715,376.5088999643922,45.360000047367066,0.0,0.0,0.11977606266736984,True,True,,
train_n_883_t3p0,n_883,train,not_drowsy,3.0,90,30.0,True,True,1,1,0.9327443838119507,241,663,465,886,228,629,416,900,0.6307070707070707,True,True,7.081403534846207,0.03168421143330905,0.33915045873418503,0.33311645249274136,0.006034006241443679,0.04006058179782252,0.08053156982645654,0.04047098802863402,168.45673275223317,171.86825702813576,-11.543267247766835,-8.131742971864242,3.411524275902593,3.411524275902593,-34.093306746826634,-45.457114116893614,11.36380737006698,11.36380737006698,1.0830254858908634,2.51334221244762,1.4303167265567567,1.4303167265567538,358.21050000959076,35.916099994210526,3.2396999886259437,3.3500999852549285,362.24599997512996,40.00429998268373,0.0,0.0,0.15804456174373627,True,True,,
val_d_609_t3p0,d_609,val,drowsy,3.0,90,29.97,True,True,1,1,0.9256308674812317,366,449,552,635,349,410,524,667,0.5856166430863041,True,True,8.476523904612549,0.04557270916458359,0.35887061153608646,0.3990040612071407,0.040133449671054255,0.049015144473689605,0.037874682209077824,0.01114046226461178,-164.48494044672987,-170.19287057322998,15.515059553270135,9.807129426770018,5.707930126500116,5.707930126500116,-30.037808115180503,-33.80480719062008,3.7669990754395783,3.7669990754395712,-7.965150979198619,-4.226607349770325,3.7385436294282934,3.7385436294283068,364.6149999985937,37.03289999975823,3.303100005723536,3.3897999965120107,368.6040999891702,41.10010000295006,0.0,0.0,0.1809396892786026,True,True,,
val_n_640_t3p0,n_640,val,not_drowsy,3.0,90,30.0,True,True,1,1,0.9429089426994324,290,379,558,648,273,362,483,654,0.6370574881894595,True,True,8.913748404809054,0.033198375643592536,0.29597108789569154,0.3257094818549,0.029738393959208465,0.048622615623246296,0.056272167802733114,0.007649552179486818,179.5351693653798,-177.0259727481529,-0.46483063462019913,2.974027251847133,356.5611421135327,3.4388578864673036,-40.80612655362701,-44.84680397095384,4.040677417326833,4.040677417326833,4.380766434649949,2.5482916883042894,1.8324747463456599,1.8324747463456674,357.45049998513423,36.97000001557171,3.2482999959029257,3.537200012942776,361.43299998366274,41.21390005457215,0.0,0.0,0.1824701428413391,True,True,,
train_d_737_t5p0,d_737,train,drowsy,5.0,125,25.0,True,True,1,1,0.9451029300689697,200,647,469,915,245,609,469,928,0.7188083720484697,True,True,10.11993464518457,0.037690697177204045,0.28680739943869826,0.2988706249817609,0.012063225543062661,0.0481352359770288,0.04781206376416157,0.00032317221286722736,172.03795752319135,174.5175820209564,-7.962042476808648,-5.482417979043589,2.4796244977650588,2.4796244977650588,23.45988568703845,20.699706708293263,2.760178978745188,2.760178978745188,2.166170022945478,6.167776641881475,4.0016066189359965,4.001606618935995,361.81510001188144,37.89619999588467,3.3872999774757773,3.368300007423386,365.97379998420365,42.09569998783991,0.0,0.0,0.1450778692960739,True,True,,
train_n_883_t5p0,n_883,train,not_drowsy,5.0,150,30.0,True,True,1,1,0.9313839077949524,241,663,465,886,228,628,415,899,0.6275898879130477,True,True,7.292232607083013,0.032627520604742166,0.3427911413590379,0.389602709431163,0.04681156807212511,0.07009580400547863,0.14871527598008596,0.07861947197460734,169.16946935319743,171.15023515383956,-10.830530646802572,-8.84976484616044,1.980765800642132,1.980765800642132,-32.93519717791678,-46.365804795112794,13.430607617196017,13.430607617196017,0.9082562645910907,3.7612212277921784,2.852964963201088,2.8529649632010887,360.293499979889,36.428800027351826,3.2559999963268638,3.2618999830447137,364.3334000080358,40.39190002367832,0.0,0.0,0.15910637378692627,True,True,,
val_d_609_t5p0,d_609,val,drowsy,5.0,150,29.97,True,True,1,1,0.9326030611991882,340,415,564,639,352,414,518,654,0.7038158691701999,True,True,8.482251464275219,0.03786719403694294,0.20471604214796757,0.4323560438035482,0.22764000165558063,0.09854529968046273,0.11970749637459568,0.021162196694132954,-174.6869872395594,-168.73109507495897,5.3130127604406425,11.268904925041056,5.955892164600414,5.955892164600414,-35.38964604378837,-37.594219428547476,2.204573384759108,2.204573384759101,-2.736452472830564,-6.755365268040834,4.01891279521027,4.0189127952102695,359.0671999845654,36.19079999043606,3.2807000097818673,3.513399977236986,363.0657999601681,40.40619998704642,0.0,0.0,0.10849438607692719,True,True,,
val_n_640_t5p0,n_640,val,not_drowsy,5.0,150,30.0,True,True,1,1,0.9332822561264038,290,379,558,648,284,374,488,672,0.6689357212830624,True,True,8.991013980666414,0.03348614365039956,0.37223823883281626,0.30338585171232885,0.06885238712048741,0.03471220315399718,0.14474838427139244,0.11003618111739527,-171.15904847706219,-172.19695732489672,8.840951522937814,7.803042675103256,1.0379088478345295,1.0379088478345295,-43.925659249135464,-42.87726812043567,1.048391128699791,1.048391128699791,-0.7508807588834459,-0.5111638380360085,0.23971692084743734,0.23971692084742813,379.6790999767836,51.4549000072293,4.3234000040683895,3.5589000035542995,384.9503000092227,55.74210002669133,0.0,0.0,0.17130985856056213,True,True,,
train_d_620_t9p0,d_620,train,drowsy,9.0,270,29.97,True,True,1,1,0.9322109222412109,340,415,564,639,346,418,516,664,0.6902950795575644,True,True,5.8742193127356135,0.026224193360426844,0.31574402348224934,0.35413822266530215,0.03839419918305281,0.034160605884356564,0.04981995566895126,0.015659349784594698,-169.87003635760817,-170.40002598227676,10.129963642391829,9.599974017723241,0.5299896246685876,0.5299896246685876,-39.730915356326776,-37.82998467273413,1.900930683592648,1.9009306835926623,-5.887083853853584,-5.0463577526781,0.8407261011754841,0.840726101175477,383.71659998665564,39.56000000471249,3.3026000019162893,3.396300016902387,387.6961999631021,43.58870003488846,0.0,0.0,0.13824042677879333,True,True,,
train_n_153_t9p0,n_153,train,not_drowsy,9.0,225,25.0,True,True,1,1,0.9423516392707825,221,655,408,842,224,617,384,847,0.7149513727926593,True,True,2.5043531752820845,0.013392262969422912,0.3668696341790531,0.4577376745149833,0.09086804033593021,0.0399964449184483,0.09800605301913032,0.058009608100682016,163.92359571549622,163.50147254699974,-16.07640428450378,-16.498527453000264,0.42212316849648346,0.42212316849648346,-25.24080892615357,-25.556346121586547,0.3155371954329773,0.31553719543296666,3.886672916482774,4.135443248564626,0.24877033208185217,0.24877033208184685,363.3174999849871,37.48780000023544,3.189999988535419,3.2528000010643154,367.43679994833656,41.507699992507696,0.0,0.0,0.181907057762146,True,True,,
val_d_852_t9p0,d_852,val,drowsy,9.0,270,30.0,False,True,0,1,0.9097912311553955,,,,,302,643,562,1032,,False,True,,,,0.40733802982054823,,,0.3855478526656541,,,156.72308928073642,,-23.276910719263583,,,,-38.381637145981934,,,,24.769526393920493,,,363.35040000267327,38.03429999970831,0.0,3.5189999907743186,363.35040000267327,42.27779997745529,,0.006849315068493178,,False,True,,HOG_FACE_NOT_FOUND
val_n_658_t9p0,n_658,val,not_drowsy,9.0,270,30.0,True,True,1,1,0.9354085922241211,216,415,440,639,201,394,407,684,0.6373115652743848,True,True,34.2266403637201,0.15279750162375044,0.27301625247162425,0.31597056834228454,0.04295431587066029,0.25689416317767816,0.28568716935725863,0.02879300617958047,-165.83467104397832,-154.79124449145314,14.165328956021654,25.208755508546858,11.043426552525176,11.043426552525176,-44.64489147650839,-37.47507720358022,7.169814272928171,7.169814272928164,-20.583861821011396,-13.621064481527018,6.9627973394843785,6.962797339484382,358.9351999980863,38.96289999829605,3.205599990906194,3.360900009283796,362.8061999916099,43.08530001435429,0.0,0.0,0.16153211891651154,True,True,,
train_d_620_t1p0,d_620,train,drowsy,1.0,30,29.97,True,True,1,1,0.9288997054100037,365,440,589,664,357,415,523,672,0.6160916338822546,True,True,9.376762662311645,0.04186054759960556,0.33238520520684006,0.4752160943923363,0.14283088918549625,0.0731063303304383,0.038567124205245,0.034539206125193296,-167.98648550753992,-167.89944347059142,12.013514492460104,12.10055652940855,0.08704203694850321,0.08704203694850321,-36.48771116836858,-37.10790773447455,0.6201965661059745,0.6201965661059603,-11.956720730829618,-11.216730258094879,0.7399904727347391,0.7399904727347462,363.40929998550564,36.751799983903766,3.3310999860987067,3.2986000005621463,367.4450999533292,40.68769997684285,0.0,0.0,0.15868021547794342,True,True,,
train_n_153_t1p0,n_153,train,not_drowsy,1.0,25,25.0,True,True,1,1,0.9370482563972473,218,666,374,822,223,613,380,836,0.6581542845966863,True,True,2.2842869153369403,0.014642864841903464,0.3913896355861629,0.44872977241191314,0.05734013682575023,0.03670336958792415,0.09828332677655638,0.061579957188632226,164.61032322130097,163.34276593431795,-15.389676778699027,-16.657234065682047,1.2675572869830205,1.2675572869830205,-25.975450798629776,-26.454300222147825,0.4788494235180494,0.4788494235180565,2.077412867219785,2.425060466254393,0.34764759903460796,0.34764759903461595,366.0830000007991,39.32429998531006,3.206800000043586,3.2506999850738794,370.06310003926046,43.34579998976551,0.0,0.0,0.23615406453609467,True,True,,
val_d_852_t1p0,d_852,val,drowsy,1.0,30,30.0,True,True,1,1,0.9251245856285095,312,669,634,991,307,656,565,1021,0.6999518850740626,True,True,37.975948087267774,0.11793772697909247,0.33482682369466477,0.2791608211621896,0.05566600253247517,0.05960787776784028,0.7064246211508675,0.6468167433830272,158.8257613033544,161.71685531089386,-21.174238696645602,-18.283144689106138,2.891094007539465,2.891094007539465,-28.031947853051108,-35.56755233572354,7.535604482672433,7.535604482672426,10.329135016715814,16.725123982422033,6.39598896570622,6.395988965706209,362.20060000778176,37.228900007903576,3.3644000068306923,3.35729998187162,366.18349998025224,41.39909998048097,0.0,0.0,0.126006081700325,True,True,,
val_n_658_t1p0,n_658,val,not_drowsy,1.0,30,30.0,True,True,1,1,0.9435104131698608,200,439,469,707,197,395,417,691,0.6626114773167895,True,True,2.948416058981663,0.010981084436583974,0.33000992574231836,0.29832749855614105,0.03168242718617731,0.07254188404388497,0.025894994702858883,0.04664688934102608,-172.6109568056361,-171.74733774558732,7.389043194363921,8.252662254412712,0.8636190600487907,0.8636190600487907,-37.886206073592184,-39.41376763130862,1.5275615577164388,1.5275615577164388,-12.11969060545769,-11.737207391666924,0.3824832137907652,0.38248321379077765,362.48799998429604,43.94890001276508,4.0895999991334975,3.779000020585954,367.35099999350496,48.49030004697852,0.0,0.0,0.15211986005306244,True,True,,
train_d_620_t3p0,d_620,train,drowsy,3.0,90,29.97,True,True,1,1,0.9354649186134338,340,415,564,639,340,416,517,665,0.720562999744423,True,True,8.52748869907781,0.038069145978025944,0.33393645898755087,0.39534368898305594,0.061407229995505075,0.06646918656675294,0.05617523214728059,0.010293954419472347,-168.82390404265348,-164.95271531507072,11.176095957346547,15.04728468492931,3.871188727582762,3.871188727582762,-39.257418286008914,-38.04275825577711,1.214660030231805,1.214660030231812,-12.278749150519985,-13.685540893641422,1.4067917431214365,1.4067917431214312,363.1069000111893,37.53040000447072,3.128000011201948,3.2358999887946993,366.8623999983538,41.37389999232255,0.0,0.0,0.15260402858257294,True,True,,
train_n_153_t3p0,n_153,train,not_drowsy,3.0,75,25.0,True,True,1,1,0.9430187940597534,180,634,367,821,210,612,369,839,0.7040021101599405,True,True,2.7551354466233806,0.014733344634349629,0.3868115225982528,0.4281316447627167,0.0413201221644639,0.0309108372017933,0.07468058377284631,0.04376974657105301,163.24156773968767,164.22975133666233,-16.758432260312333,-15.770248663337668,0.9881835969746646,0.9881835969746646,6.351808850160039,9.990293725127781,3.638484874967742,3.6384848749677303,-7.0158901858390665,-6.98048300219041,0.03540718364865647,0.03540718364865825,358.6924999835901,36.351899994770065,3.47579998197034,3.4021000028587878,362.9741999611724,40.605399990454316,0.0,0.0,0.16906625032424927,True,True,,
val_d_852_t3p0,d_852,val,drowsy,3.0,90,30.0,True,True,1,1,0.9230345487594604,349,736,618,1004,323,659,577,1036,0.5724242594570288,True,True,41.007465593152894,0.15272825585010988,0.24799929028933027,0.31511981787797827,0.067120527588648,0.027374154301398026,0.5846317557810553,0.5572576014796573,168.21023939128435,158.79551836622943,-11.789760608715653,-21.20448163377057,9.414721025054916,9.414721025054916,-27.086101472327705,-34.805969693203544,7.7198682208758385,7.7198682208758385,8.045471643095855,20.715038896738204,12.669567253642349,12.669567253642356,428.1240999989677,40.30649998458102,3.340099996421486,3.4816999977920204,432.1279999858234,44.51719997450709,0.0,0.02296819787985871,0.1872461438179016,True,True,,
val_n_658_t3p0,n_658,val,not_drowsy,3.0,90,30.0,True,True,1,1,0.9494891166687012,241,440,465,664,206,385,437,689,0.5739385065885798,True,True,2.4559378122659234,0.010964008090472873,0.3448618026649387,0.3429123508459478,0.0019494518189909216,0.09621514669643283,0.03585726807972302,0.06035787861670981,-172.4733764281597,-173.15490683876723,7.526623571840332,6.8450931612327395,0.6815304106075359,0.6815304106075359,-33.050514546986655,-34.347226967317305,1.2967124203306497,1.296712420330664,-9.329002139734046,-9.360838074668035,0.03183593493398895,0.03183593493398007,379.278099979274,40.857399988453835,4.853299993555993,4.801000002771616,385.2842999622226,46.43379998742603,0.0,0.0,0.1910053938627243,True,True,,
train_d_620_t5p0,d_620,train,drowsy,5.0,150,29.97,True,True,1,1,0.9331851601600647,345,428,532,615,335,410,513,662,0.648970232807949,True,True,6.005342890401769,0.03211413310375277,0.39413702200399037,0.43080440355487437,0.036667381550884004,0.04991808020444679,0.026747360685805948,0.02317071951864084,-170.25928631024073,-169.6894025171628,9.740713689759275,10.310597482837238,0.5698837930779348,0.5698837930779348,-36.467970393226224,-37.777867343782574,1.3098969505563502,1.3098969505563502,-7.565296761713175,-6.091341225020551,1.4739555366926238,1.473955536692614,376.02299998980016,42.16969999833964,3.3555999980308115,3.81070000003092,380.0743999890983,46.6570999706164,0.0,0.0,0.17106930911540985,True,True,,
train_n_153_t5p0,n_153,train,not_drowsy,5.0,125,25.0,True,True,1,1,0.9380853772163391,221,655,408,842,222,612,382,844,0.7095259550854893,True,True,2.421863244693542,0.01295114034595477,0.37030343419105666,0.4149174560171218,0.044614021826065164,0.0514775248750031,0.08588975014708024,0.034412225272077136,164.14757210586515,164.0943099313451,-15.852427894134848,-15.905690068654906,0.053262174520057215,0.053262174520057215,-26.534909760404105,-25.87545107708133,0.6594586833227751,0.6594586833227822,2.3710487771536104,2.780976268341042,0.40992749118743177,0.40992749118743177,363.82119997870177,39.732900011586025,3.4146999823860824,3.36770000285469,367.9495999531355,43.87960000894964,0.0,0.0,0.19054220616817474,True,True,,
val_d_852_t5p0,d_852,val,drowsy,5.0,150,30.0,True,True,1,1,0.9251781702041626,319,706,588,975,305,654,559,1020,0.640698655287054,True,True,41.05656503541568,0.15262663581938915,0.18978434547890327,0.3231784619013106,0.13339411642240734,0.12329109391771799,0.44418732255706744,0.32089622863934947,160.1305681135025,157.23138331467752,-19.869431886497495,-22.768616685322485,2.89918479882499,2.89918479882499,-25.936998362238125,-37.80469823607138,11.867699873833256,11.86769987383326,7.637717408999773,18.222000429556573,10.5842830205568,10.584283020556796,359.6949000202585,36.01660000276752,3.25660000089556,3.356300003360957,363.65730001125485,40.10719998041168,0.0,0.0,0.16364209353923798,True,True,,
val_n_658_t5p0,n_658,val,not_drowsy,5.0,150,30.0,True,True,1,1,0.9238976836204529,216,415,440,639,195,394,399,680,0.6070370809145835,True,True,67.93866646939051,0.3032976181669219,0.2870167899368617,0.4065191505795208,0.11950236064265912,0.42194831976502234,1.027244056855349,0.6052957370903266,-155.8760898291259,179.94820847763222,24.12391017087407,-0.05179152236777895,335.8242983067581,24.175701693241876,-48.973005355068906,-47.58069694139206,1.3923084136768438,1.392308413676858,-30.117498143565538,177.61687783701186,207.7343759805774,152.2656240194226,372.75069998577237,38.56300000916235,3.3424999855924398,3.3002999844029546,376.8037999398075,42.823399970075116,0.0,0.0,0.15601569414138794,True,True,,
train_d_620_t7p0,d_620,train,drowsy,7.0,210,29.97,True,True,1,1,0.9324594736099243,340,415,564,639,344,412,517,665,0.7021180222129618,True,True,7.103417717129732,0.0317116862371863,0.3209404971557257,0.430123894860414,0.10918339770468832,0.053494721371611896,0.009084904526785747,0.04440981684482615,-170.97674496559478,-171.79633174926408,9.023255034405224,8.203668250735916,0.8195867836693083,0.8195867836693083,-38.961087258964376,-38.4548741899934,0.506213068970979,0.5062130689709647,-6.424894808653467,-5.209589483025198,1.215305325628269,1.2153053256282647,359.597999980906,42.80769999604672,4.163799982052296,3.6435000074561685,364.45219998131506,47.170699981506914,0.0,0.0,0.13300609588623047,True,True,,
train_n_153_t7p0,n_153,train,not_drowsy,7.0,175,25.0,True,True,1,1,0.9387657642364502,221,655,408,842,223,619,383,840,0.72675489209163,True,True,2.265695600915807,0.012116019256234262,0.39890552995391704,0.42230537353787834,0.0233998435839613,0.03156441555005324,0.10433340538504063,0.07276898983498739,162.82160493803426,162.4606520509143,-17.178395061965745,-17.53934794908571,0.3609528871199643,0.3609528871199643,-25.515585384727597,-25.51346527627157,0.0021201084560260597,0.0021201084560402705,4.143202736034244,3.990370291917034,0.15283244411720975,0.15283244411722308,358.27399999834597,35.50230001565069,3.1322999857366085,3.4512999991420656,362.1416999667417,39.73059999407269,0.0,0.0,0.17490285634994507,True,True,,
val_d_852_t7p0,d_852,val,drowsy,7.0,210,30.0,True,True,1,1,0.932195782661438,349,706,618,975,310,649,565,1011,0.5452344534424353,True,True,23.059319751100126,0.0857223782568778,0.273590472333025,0.3143664398880819,0.04077596755505686,0.03640371600231456,0.0637058613299071,0.027302145327592543,159.53185177783368,164.38679035780476,-20.46814822216632,-15.613209642195244,4.854938579971076,4.854938579971076,-24.10701599277352,-29.692693433282038,5.585677440508519,5.585677440508505,9.943440026932926,13.618565004844246,3.67512497791132,3.6751249779113095,362.1618000033777,37.92619999148883,3.3020999981090426,3.439399995841086,366.150399990147,42.13239997625351,0.0,0.0,0.16674411296844482,True,True,,
val_n_658_t7p0,n_658,val,not_drowsy,7.0,210,30.0,True,True,1,1,0.9454330205917358,191,440,415,664,154,389,390,694,0.5745810775973189,True,True,3.3202731884928087,0.014822648162914325,0.3261172601464697,0.33089956733896875,0.004782307192499058,0.1878897702983502,0.05363594846548164,0.13425382183286855,-174.96416786448077,-175.9151229592068,5.035832135519229,4.084877040793231,0.9509550947260266,0.9509550947260266,-22.884135890299845,-26.127285431315975,3.2431495410161304,3.2431495410161233,-17.24549138798666,-17.09576107147679,0.14973031650987068,0.14973031650987423,401.7726999882143,34.07369999331422,3.2942999969236553,3.591999993659556,405.9809999598656,38.60720002558082,0.0,0.0,0.19875819981098175,True,True,,
train_d_936_t1p0,d_936,train,drowsy,1.0,30,29.92,True,True,1,1,0.9366496205329895,200,587,469,856,226,580,465,878,0.8108131967916057,True,True,2.597658489777647,0.009656723010325824,0.33146404893096126,0.3521907538784217,0.020726704947460428,0.04510850947771663,0.06406739739096272,0.01895888791324609,159.39827926038322,159.33205271733874,-20.60172073961678,-20.66794728266126,0.06622654304447906,0.06622654304447906,-5.3174293362561205,-5.392492101121913,0.07506276486579289,0.07506276486580532,-14.527220925850017,-14.445959327014053,0.08126159883596351,0.08126159883596529,382.26790001499467,35.837600007653236,3.310200001578778,3.6247000098228455,387.78220003587194,40.18250000081025,0.0,0.0,0.1303301751613617,True,True,,
train_n_474_t1p0,n_474,train,not_drowsy,1.0,25,25.0,True,True,1,1,0.9377133250236511,200,409,469,677,209,381,434,730,0.6676483939900573,True,True,31.384224279924904,0.11688744393610957,0.3923838109160078,0.4170431479684511,0.024659337052443275,0.0982542721911996,0.5369855241970934,0.43873125200589386,-169.74841196478982,-162.3404546742949,10.251588035210148,17.659545325705096,7.40795729049492,7.40795729049492,-33.65301529012558,-51.521872371670725,17.868857081545144,17.868857081545144,-15.293614122743511,-12.822873138319205,2.4707409844243067,2.4707409844243102,375.76239998452365,37.704799993662164,3.3149999799206853,3.366499993717298,379.77679996402003,41.83900001225993,0.0,0.0,0.14940017461776733,True,True,,
val_d_280_t1p0,d_280,val,drowsy,1.0,30,29.95,True,True,1,1,0.9238064885139465,315,613,539,837,303,598,482,853,0.6404053892113057,True,True,9.978324792237238,0.04454609282248767,0.4439900060324275,0.47829044570472135,0.03430043967229385,0.08278116706466515,0.06310547428675069,0.019675692777914464,173.991960778183,177.774237590973,-6.0080392218170005,-2.2257624090269985,3.782276812790002,3.782276812790002,-31.87596857969447,-36.210325036270994,4.334356456576526,4.334356456576529,2.1176357159587935,-0.5745741050241596,2.6922098209829533,2.692209820982953,359.4116999884136,38.012800010619685,3.20019997889176,3.5706000053323805,363.22129995096475,42.43329999735579,0.0,0.0,0.19427171349525452,True,True,,
val_n_1002_t1p0,n_1002,val,not_drowsy,1.0,30,29.92,True,True,1,1,0.9379765391349792,230,617,499,886,238,576,471,878,0.7424005664477379,True,True,2.230220778694116,0.008290783563918647,0.36138341518203515,0.3548609053440198,0.0065225098380153335,0.05655043890470832,0.05905672004869801,0.0025062811439896943,164.17477187728142,164.16405206167315,-15.825228122718585,-15.835947938326854,0.010719815608268846,0.010719815608268846,-22.465341939675508,-25.295444768200138,2.8301028285246304,2.830102828524616,-10.538120201373424,-9.734545037476755,0.803575163896669,0.8035751638966815,359.6706000098493,36.76879999693483,3.2765000069048256,3.5121999972034246,363.6785999988206,41.050099971471354,0.0,0.0,0.15625450015068054,True,True,,
train_d_936_t3p0,d_936,train,drowsy,3.0,90,29.92,True,True,1,1,0.9317808747291565,200,617,469,886,200,580,449,896,0.7967857822611344,True,True,4.7132176770259875,0.01752125530492932,0.3364664072683594,0.35983863968209595,0.023372232413736538,0.06902709119715057,0.06750869230373718,0.001518398893413389,163.79418664285743,164.38570865444873,-16.205813357142574,-15.614291345551266,0.5915220115913087,0.5915220115913087,-0.33450959590076723,2.81675142518557,3.151261021086337,3.151261021086327,-22.494850695002015,-20.9451389965807,1.5497116984213157,1.549711698421305,366.7153000133112,36.83270001783967,3.377599990926683,3.383400005986914,370.8703000447713,41.158200067002326,0.0,0.0,0.14635194838047028,True,True,,
train_n_474_t3p0,n_474,train,not_drowsy,3.0,75,25.0,True,True,1,1,0.9416393637657166,230,409,499,677,230,378,447,702,0.6903280945824035,True,True,28.060943165306444,0.10451021162014722,0.345825224496175,0.3807681834063531,0.034942958910178123,0.06723194682441497,0.38006433045261684,0.31283238362820187,-171.80625746585963,-162.00160886830284,8.19374253414037,17.99839113169719,9.804648597556792,9.804648597556792,-33.402293482182124,-50.45230341865772,17.050009936475597,17.05000993647559,-11.088569161981614,-11.855612081295387,0.7670429193137736,0.7670429193137807,362.44120000628754,37.12480000103824,3.298499999800697,3.3716000034473836,366.39090001699515,41.2965000141412,0.0,0.0,0.1450725942850113,True,True,,
val_d_280_t3p0,d_280,val,drowsy,3.0,90,29.95,True,True,1,1,0.9323952198028564,241,638,465,862,278,629,466,888,0.7351351351351352,True,True,4.185711015196314,0.018686209889269258,0.40092310605663184,0.41281832624691284,0.011895220190280997,0.0724801348006637,0.11881551300472923,0.046335378204065525,176.26539833938006,174.32959870979957,-3.734601660619944,-5.670401290200431,1.9357996295804867,1.9357996295804867,36.738274904003845,41.092883570966144,4.354608666962299,4.354608666962292,3.1620620485948376,0.06818987576668176,3.093872172828156,3.0938721728281564,361.699300003238,45.53140001371503,3.6911999923177063,3.4835000114981085,366.0777000186499,50.24990002857521,0.0,0.0,0.1635645031929016,True,True,,
val_n_1002_t3p0,n_1002,val,not_drowsy,3.0,90,29.92,True,True,1,1,0.9303324222564697,291,613,514,837,259,574,474,870,0.5646280991735537,True,True,14.661822722330388,0.0656011606803735,0.3519367887968289,0.3632484492869176,0.011311660490088693,0.05629157007012675,0.06527139518645055,0.008979825116323795,166.6945278949023,175.2065739077213,-13.305472105097692,-4.7934260922787075,8.512046012818985,8.512046012818985,-30.227456632111178,-35.06884773233834,4.841391100227163,4.841391100227156,-7.5333234378844045,-10.121627375412046,2.588303937527642,2.5883039375276553,357.20410000067204,34.69000000040978,3.632500011008233,3.3303999807685614,361.56190003384836,38.78229999099858,0.0,0.0,0.2161744087934494,True,True,,
train_d_936_t5p0,d_936,train,drowsy,5.0,150,29.92,True,True,1,1,0.9446777105331421,230,617,499,886,238,577,477,879,0.7643705521172838,True,True,1.8500319027700147,0.006877442017732396,0.3552214413099191,0.3606397422182045,0.005418300908285378,0.0650039958873784,0.058324530319448176,0.006679465567930226,164.05255060664132,163.7111797281186,-15.947449393358681,-16.288820271881406,0.3413708785227243,0.3413708785227243,-6.418105047565447,-8.341962339744388,1.9238572921789405,1.9238572921789512,-16.215589131820185,-15.127407210994166,1.0881819208260186,1.088181920826031,366.19979998795316,34.79439998045564,3.389599994989112,3.4161999938078225,370.3115999815054,38.940200000070035,0.0,0.0,0.14802730083465576,True,True,,
train_n_474_t5p0,n_474,train,not_drowsy,5.0,125,25.0,True,True,1,1,0.9410871267318726,241,440,465,664,229,377,445,706,0.6048925129725723,True,True,30.63594643102556,0.13676761799564982,0.35977650752414836,0.41950775276657737,0.05973124524242901,0.043613641839657144,0.46548133438282535,0.4218676925431682,-173.048106480876,-161.10383649726955,6.951893519124042,18.896163502730474,11.944269983606432,11.944269983606432,-34.63820641369355,-51.48065347572642,16.842447062032868,16.842447062032875,-10.400529001264127,-12.609814223229426,2.209285221965299,2.2092852219653025,396.00370000698604,35.4669000080321,3.290499997092411,3.534199990099296,399.9998999934178,39.82120001455769,0.0,0.0,0.2029443383216858,True,True,,
val_d_280_t5p0,d_280,val,drowsy,5.0,150,29.95,True,True,1,1,0.9355084896087646,291,613,514,837,305,600,483,851,0.7281493115161255,True,True,2.4999943944526906,0.011185685236852802,0.20524773386214523,0.18576693473155276,0.019480799130592474,0.11010624841371061,0.10267920611999314,0.007427042293717476,168.74547912266223,167.17728933870583,-11.254520877337768,-12.822710661294167,1.5681897839563987,1.5681897839563987,-20.634224496151415,-22.071578630600467,1.437354134449052,1.4373541344490377,3.4827622983182605,2.804107216966445,0.6786550813518155,0.6786550813518204,377.25099999806844,36.66350001003593,3.3918000117409974,3.5420999920461327,381.50350004434586,41.05369999888353,0.0,0.0,0.12698282301425934,True,True,,
val_n_1002_t5p0,n_1002,val,not_drowsy,5.0,150,29.92,True,True,1,1,0.9365749955177307,290,587,558,856,285,564,505,875,0.6995294942970839,True,True,3.81719598722179,0.014216769481695694,0.42226695238784695,0.42822933198050717,0.005962379592660216,0.07014778066761672,0.0460681422409776,0.02407963842663912,164.91037182913848,166.11088565761347,-15.089628170861516,-13.889114342386534,1.200513828474982,1.200513828474982,-33.9525174075879,-34.16263727880339,0.2101198712154897,0.2101198712154826,-3.678031986646694,-3.3186944572998205,0.35933752934687346,0.3593375293468739,364.09960000310093,36.60140000283718,3.3078999840654433,3.5497999924700707,368.05309998453595,40.84009997313842,0.0,0.0,0.1645764410495758,True,True,,
train_d_936_t7p0,d_936,train,drowsy,7.0,209,29.92,True,True,1,1,0.9389017224311829,260,617,528,886,256,578,489,873,0.7131613201464667,True,True,3.477127966485134,0.012950219722371367,0.3753401790845805,0.40342745524032747,0.028087276155746965,0.05439270017771981,0.05412980468699789,0.00026289549072192053,163.61769776952397,166.36960111615363,-16.38230223047603,-13.630398883846368,2.7519033466296605,2.7519033466296605,-25.473175503949737,-27.690675001905884,2.2174994979561475,2.2174994979561404,-10.344548922086732,-10.041144379126758,0.3034045429599743,0.3034045429599814,366.7970999958925,35.94109998084605,3.1445999920833856,3.298800002085045,370.561199990334,39.91889997269027,0.0,0.0,0.15721267461776733,True,True,,
train_n_474_t7p0,n_474,train,not_drowsy,7.0,175,25.0,True,True,1,1,0.939294695854187,241,440,465,664,225,373,443,706,0.5836794716338588,True,True,27.042395691053304,0.12072498076363082,0.3559084611171134,0.4013564356151295,0.04544797449801613,0.06820925921583844,0.47553487179560044,0.407325612579762,-172.0729464463268,-162.12408093356382,7.927053553673204,17.875919066436154,9.948865512762978,9.948865512762978,-34.10630206363518,-50.43042255404932,16.324120490414145,16.324120490414145,-10.753879990708068,-10.817352178699252,0.06347218799118437,0.06347218799118082,363.4351000073366,41.30400001304224,3.2306000066455454,3.310500003863126,367.34090000391006,45.44200003147125,0.0,0.0,0.20612165331840515,True,True,,
val_d_280_t7p0,d_280,val,drowsy,7.0,210,29.95,True,True,1,1,0.932503879070282,324,614,511,801,313,591,485,826,0.6648778764188861,True,True,2.312150463960854,0.012364440983747883,0.2819215963591373,0.2504456643256736,0.031475932033463716,0.05136619581702623,0.1122317355398194,0.06086553972279317,161.0023654135973,162.06826557807267,-18.99763458640271,-17.93173442192733,1.06590016447538,1.06590016447538,-21.865413610565582,-25.380894305805025,3.515480695239443,3.5154806952394324,5.607699431652493,5.480576724897061,0.1271227067554319,0.12712270675544346,385.1561000046786,37.90950000984594,3.2983999990392476,3.4014999982900918,389.2622999846935,42.137500015087426,0.0,0.0,0.19753237068653107,True,True,,
val_n_1002_t7p0,n_1002,val,not_drowsy,7.0,209,29.92,True,True,1,1,0.9368003010749817,290,587,558,856,284,567,495,871,0.6800384752931892,True,True,6.865192966633011,0.025568733222161702,0.3968456929997455,0.44322680953510485,0.04638111653535937,0.07417022646512232,0.05636534233872402,0.0178048841263983,162.00325202709485,167.62882602760033,-17.996747972905155,-12.371173972399674,5.62557400050548,5.62557400050548,-34.01910493927769,-34.941985190976574,0.922880251698885,0.9228802516988708,-1.7350154364220516,-1.5167957391165399,0.21821969730551172,0.21821969730549995,363.43540000962093,45.23530000005849,3.5382999922148883,3.483100008452311,367.6868000184186,49.56990003120154,0.0,0.0,0.17404606938362122,True,True,,
train_d_936_t9p0,d_936,train,drowsy,9.0,269,29.92,True,True,1,1,0.9297130107879639,290,587,558,856,287,557,503,870,0.6953266264577745,True,True,27.69269758282976,0.10313871731483802,0.37439065661008564,0.3267010596459482,0.04768959696413744,0.08189270745694623,0.07051667090268182,0.011376036554264404,161.45488097046538,-169.22008258636075,-18.545119029534618,10.779917413639282,330.6749635568261,29.32503644317387,-36.45469630744968,-40.61041164500908,4.1557153375594,4.1557153375594,-2.0039888882524077,-9.025307303542991,7.021318415290583,7.02131841529058,361.9509999989532,34.52459999243729,3.234899981180206,3.606499987654388,365.80429997411557,38.69009998743422,0.0,0.0,0.16255231201648712,True,True,,
train_n_474_t9p0,n_474,train,not_drowsy,9.0,225,25.0,True,True,1,1,0.9426735043525696,230,409,499,677,245,386,454,708,0.6717839238168342,True,True,25.417093203699988,0.09466345353537164,0.3537847751633149,0.4245881222599831,0.07080334709666819,0.05046115049575415,0.356054058048423,0.3055929075526688,-173.0420972224008,-164.33008513571545,6.957902777599202,15.669914864284578,8.712012086685348,8.712012086685348,-34.25044514387759,-50.33795940673572,16.08751426285813,16.08751426285812,-6.925836408594181,-7.932170740328285,1.006334331734104,1.0063343317341094,358.2736999960616,34.58999999566004,3.230500005884096,3.6065000167582184,362.33949998859316,38.957899989327416,0.0,0.0,0.13231751322746277,True,True,,
val_d_280_t9p0,d_280,val,drowsy,9.0,270,29.95,True,True,1,1,0.9333547353744507,315,588,539,812,329,591,509,834,0.7348160189153243,True,True,4.140542103140713,0.01848456296044961,0.3101992428426026,0.3349706582389288,0.024771415396326213,0.04386277371709191,0.20325218547279394,0.15938941175570204,162.64492609399966,166.05551742650462,-17.355073906000342,-13.944482573495378,3.410591332504964,3.410591332504964,-22.846145002049237,-25.069941414143976,2.223796412094739,2.2237964120947424,7.059316753226244,5.891682504009219,1.1676342492170253,1.1676342492170306,469.51749999425374,41.93239999585785,3.8409999979194254,4.055299999890849,474.64299999410287,46.92560000694357,0.0,0.0,0.12062512338161469,True,True,,
val_n_1002_t9p0,n_1002,val,not_drowsy,9.0,269,29.92,True,True,1,1,0.9354674816131592,260,587,528,856,260,569,479,872,0.7406648394478111,True,True,4.304505712967906,0.01603170643026017,0.34926428620556327,0.4239302030343872,0.07466591682882395,0.07837600856269003,0.05571163676538094,0.02266437179730909,161.02429775663288,165.08689008455488,-18.975702243367124,-14.91310991544512,4.062592327922005,4.062592327922005,-31.644609218649475,-32.11023265083679,0.46562343218731783,0.4656234321873285,-5.982144965053839,-5.6539319102153085,0.3282130548385309,0.32821305483852825,376.1309999972582,43.073800014099106,3.278599993791431,4.038199986098334,380.1044999854639,47.957299975678325,0.0,0.0,0.14204807579517365,True,True,,
train_d_488_t3p0,d_488,train,drowsy,3.0,75,25.0,True,True,1,1,0.9396008849143982,291,365,514,589,267,318,477,633,0.5597141245063005,True,True,27.79253558483058,0.12435170081811502,0.30570014435940535,0.353027331645945,0.047327187286539674,0.15141653301961414,0.33572740944203505,0.18431087642242092,-170.54338213919485,-158.19913416572973,9.456617860805181,21.80086583427027,12.344247973465116,12.344247973465116,-30.657991747298396,-47.81478404575742,17.156792298459024,17.156792298459038,-10.129852055720633,-14.711288654040914,4.5814365983202805,4.581436598320295,361.461499996949,38.801099988631904,3.3053999941330403,3.3617999870330095,365.4988999769557,43.156899948371574,0.0,0.0,0.21034647524356842,True,True,,
train_n_278_t3p0,n_278,train,not_drowsy,3.0,90,29.95,True,True,1,1,0.9323553442955017,216,613,440,837,263,596,444,857,0.6863196524087313,True,True,2.51060229330743,0.011208045952265312,0.2739854096585629,0.2546899525345749,0.019295457123988002,0.026299605099783335,0.028896681690366348,0.0025970765905830133,166.73937486466912,166.28365756082647,-13.260625135330883,-13.71634243917353,0.45571730384264697,0.45571730384264697,31.615841548319235,31.809282189018614,0.19344064069937872,0.19344064069937872,-9.438981786204275,-9.280267421303234,0.15871436490104074,0.1587143649010443,376.26540000201203,39.38390000257641,4.10710001597181,3.4313999931328,381.1188000254333,43.52389997802675,0.0,0.0,0.1874559372663498,True,True,,
val_d_682_t3p0,d_682,val,drowsy,3.0,90,29.97,True,True,1,1,0.9327822923660278,324,511,511,697,312,464,498,751,0.58,True,True,9.760978697989014,0.05233787548019872,0.14884962142130131,0.18179473623824371,0.0329451148169424,0.04365295276770846,0.11533003420115236,0.0716770814334439,-171.6688468756909,-173.2877255759585,8.33115312430914,6.712274424041539,1.6188787002676008,1.6188787002676008,-20.47309416651089,-34.22108544682066,13.747991280309769,13.747991280309776,0.0496408830717582,0.6413040136358449,0.5916631305640867,0.5916631305640863,373.67110000923276,37.3468000034336,3.3420999825466424,5.6226999731734395,377.7315999614075,43.73789994860999,0.0,0.0,0.22909879684448242,True,True,,
val_n_378_t3p0,n_378,val,not_drowsy,3.0,90,30.0,True,True,1,1,0.9315345883369446,205,348,527,670,210,271,475,668,0.6833804769157621,True,True,3.611987103611377,0.01121735125345148,0.3539358024239919,0.36368234593198534,0.009746543507993422,0.029393463056351838,0.07280409723170435,0.043410634175352514,-173.36191013392835,-172.19572257827386,6.6380898660716525,7.8042774217261695,1.1661875556544885,1.1661875556544885,-18.79383422975337,-22.368762162178907,3.5749279324255383,3.5749279324255383,-4.46264304599743,-5.675341852019531,1.2126988060221011,1.2126988060221038,371.58789997920394,35.84319999208674,3.1912999984342605,3.349500009790063,375.5665999779012,39.971299993339926,0.0,0.0,0.12425082176923752,True,True,,
train_d_488_t5p0,d_488,train,drowsy,5.0,125,25.0,True,True,1,1,0.9371214509010315,266,365,490,589,259,318,469,635,0.6379886073462974,True,True,22.551738726027907,0.10067740502691029,0.31114072623693245,0.3457282647127662,0.034587538475833735,0.09898602175343406,0.54847424909587,0.4494882273424359,-170.22716540775613,-162.29311267792428,9.77283459224384,17.706887322075715,7.934052729831848,7.934052729831848,-30.13036794893212,-44.04961558785551,13.919247638923395,13.919247638923395,-12.177985294900346,-12.804656633070898,0.6266713381705529,0.6266713381705529,357.1727000235114,38.44130001380108,3.2896999910008162,3.3660999906715006,361.1308000108693,42.60660000727512,0.0,0.0,0.20514951646327972,True,True,,
train_n_278_t5p0,n_278,train,not_drowsy,5.0,150,29.95,True,True,1,1,0.9082009792327881,216,613,440,837,255,607,444,846,0.7687313335930399,True,True,10.442693695453613,0.04661916828327506,0.4187896235483669,0.4399342308788147,0.021144607330447818,0.09307574034657366,0.05599978496123863,0.037075955385335035,173.8425725409577,178.1303547535218,-6.15742745904231,-1.8696452464781999,4.28778221256411,4.28778221256411,43.120536114601684,45.358636999531996,2.2381008849303115,2.2381008849303043,-3.334330737123781,-2.655428028679302,0.678902708444479,0.6789027084444683,360.1548000006005,35.61820002505556,3.2254999969154596,3.361099981702864,364.0161999792326,39.66999999829568,0.0,0.0,0.14835557341575623,True,True,,
val_d_682_t5p0,d_682,val,drowsy,5.0,150,29.97,True,True,1,1,0.9416727423667908,291,489,514,713,307,451,487,735,0.6636818540953384,True,True,4.087207338931304,0.01828732692060661,0.21917180683167747,0.28499222086382614,0.06582041403214867,0.0,0.028122844066340236,0.028122844066340236,-179.39775577721207,-177.6443211100294,0.602244222787931,2.3556788899705907,1.7534346671826597,1.7534346671826597,-29.67836935429875,-31.01635719305324,1.33798783875449,1.3379878387544863,-0.14497342379953523,-0.6734860066794036,0.5285125828798684,0.5285125828798698,357.14370000641793,51.13570002140477,3.3255999733228236,3.3284999954048544,361.24759996891953,55.39090005913749,0.0,0.0,0.16810943186283112,True,True,,
val_n_378_t5p0,n_378,val,not_drowsy,5.0,150,30.0,True,True,1,1,0.9252464175224304,205,348,527,670,208,274,480,683,0.6877532430819486,True,True,3.174906706722109,0.009859958716528288,0.30888827624040816,0.35037370267590473,0.041485426435496575,0.0802005886417459,0.10981863249891302,0.029618043857167126,-169.02862781736525,-170.2223675482477,10.971372182634752,9.77763245175231,1.1937397308824416,1.1937397308824416,-18.98878264362294,-23.06855735968471,4.07977471606177,4.079774716061763,-6.622410676429547,-7.345424741111488,0.7230140646819407,0.7230140646819336,390.32550001866184,49.79280001134612,3.8841000059619546,5.028899991884828,395.1068000460509,55.943399987882,0.0,0.0,0.1344614326953888,True,True,,
train_d_488_t7p0,d_488,train,drowsy,7.0,175,25.0,True,True,1,1,0.9415339827537537,260,350,528,618,256,322,467,648,0.6516315455634647,True,True,24.64932932093672,0.0919751094064803,0.39512061382568187,0.42869247671139565,0.03357186288571379,0.0776994079237072,0.3472431561212631,0.2695437481975559,-169.91644940014228,-157.83565046031836,10.083550599857745,22.164349539681666,12.080798939823922,12.080798939823922,-31.644651015540934,-46.05333650213758,14.40868548659665,14.408685486596653,-13.274287464892957,-15.78973530142601,2.5154478365330526,2.515447836533042,368.6830000078771,34.81929999543354,3.3134999976027757,3.429500007769093,372.6763000013307,39.069199992809445,0.0,0.0,0.16416572034358978,True,True,,
train_n_278_t7p0,n_278,train,not_drowsy,7.0,210,29.95,True,True,1,1,0.9304828643798828,216,638,440,862,258,610,447,862,0.7147766323024055,True,True,2.680198433124578,0.011965171576449008,0.2736333134593287,0.3333464925981515,0.05971317913882285,0.08278116706466515,0.14854419974210029,0.06576303267743513,172.80685339003196,169.7392011911423,-7.193146609968039,-10.260798808857686,3.067652198889647,3.067652198889647,37.86445611289025,39.73796350375868,1.8735073908684257,1.8735073908684399,-4.143192997842282,-6.396663348617978,2.2534703507756966,2.2534703507757,361.40749999322,36.81020002113655,3.3334000036120415,3.261999983806163,365.3683999727946,40.7608000386972,0.0,0.0,0.20188593864440918,True,True,,
val_d_682_t7p0,d_682,val,drowsy,7.0,210,29.97,True,True,1,1,0.942750871181488,291,489,514,713,303,453,488,737,0.6787656424031973,True,True,7.169451827844178,0.032078164513085095,0.22436540957583737,0.43329770626549713,0.20893229668965976,0.03783971743220832,0.045184153399123725,0.007344435966915405,178.6590688931651,-178.19563046664084,-1.340931106834887,1.8043695333591359,356.854699359806,3.145300640194023,-30.472213772978826,-31.78183114039695,1.3096173674181237,1.3096173674181273,1.063777030776033,0.4347460136252795,0.6290310171507536,0.6290310171507656,476.5625,41.44000000087544,3.4856999991461635,3.939899994293228,480.7895000267308,46.13589998916723,0.0,0.0,0.16952987015247345,True,True,,
val_n_378_t7p0,n_378,val,not_drowsy,7.0,210,30.0,True,True,1,1,0.9315509796142578,205,348,527,670,228,284,502,675,0.7196998123827392,True,True,2.3965553781085442,0.007442718565554485,0.3427510510032924,0.3639552201573436,0.02120416915405121,0.01785587760452093,0.06316501535083854,0.04530913774631762,-169.96870309425617,-170.51337116693347,10.03129690574383,9.486628833066561,0.5446680726772968,0.5446680726772968,-19.257239291457655,-18.028066726228083,1.2291725652295717,1.229172565229561,-3.0433971827560677,-3.0269965245184856,0.01640065823758219,0.016400658237586185,386.63680001627654,36.188800004310906,3.2512999896425754,3.4930999972857535,390.7088999985717,40.492699976312,0.0,0.0,0.1180388554930687,True,True,,
train_d_488_t9p0,d_488,train,drowsy,9.0,225,25.0,True,True,1,1,0.9390769004821777,266,365,490,589,256,315,465,639,0.6079982541327951,True,True,22.787824498569982,0.10173135936861599,0.39970165333954144,0.511463541307221,0.11176188796767961,0.16305100821190002,0.3747371398671503,0.21168613165525027,-169.57084799550896,-164.0311106947989,10.429152004491016,15.96888930520106,5.539737300710044,5.539737300710044,-29.982565988083433,-43.29807234823669,13.315506360153254,13.31550636015325,-12.680171914865968,-10.380404784039616,2.2997671308263516,2.2997671308263534,422.6914999890141,42.84539999207482,3.4140000061597675,3.4697999944910407,426.7791999736801,47.13029999402352,0.0,0.0,0.20823532342910767,True,True,,
train_n_278_t9p0,n_278,train,not_drowsy,9.0,270,29.95,True,True,1,1,0.939816415309906,266,663,490,886,292,616,481,874,0.6778108268887567,True,True,9.635403596963654,0.043111533371765855,0.2687429103732704,0.5250798643999367,0.2563369540266663,0.06424781124536655,0.2373765616814462,0.17312875043607964,170.06920685360458,174.86819115287187,-9.930793146395416,-5.131808847128127,4.798984299267289,4.798984299267289,-7.410432807734253,-4.585883575852621,2.8245492318816323,2.824549231881633,-5.503431595948849,-7.458022941470955,1.9545913455221058,1.9545913455221182,392.07159998477437,41.31270002108067,3.4087999956682324,3.4786000032909214,396.52599999681115,45.801500004017726,0.0,0.0,0.1919080913066864,True,True,,
val_d_682_t9p0,d_682,val,drowsy,9.0,270,29.97,True,True,1,1,0.9326072335243225,291,464,514,688,291,436,485,721,0.7033308516492409,True,True,6.99898798487058,0.031315460846229715,0.2674761105919906,0.48408825828074775,0.21661214768875714,0.0234375,0.09074259060283552,0.06730509060283552,-179.93359403864108,-176.64410109248948,0.06640596135889609,3.35589890751055,3.289492946151597,3.289492946151597,-30.715076125437246,-30.261191609346188,0.4538845160910583,0.4538845160910512,-0.18231218555065434,-1.2494210967830959,1.0671089112324414,1.0671089112324523,373.4476999961771,41.09189999871887,3.2831999997142702,3.413900005398318,377.56110000191256,45.245999994222075,0.0,0.0,0.17309080064296722,True,True,,
val_n_378_t9p0,n_378,val,not_drowsy,9.0,270,30.0,True,True,1,1,0.9276800155639648,205,277,527,599,208,245,478,616,0.7436235181415399,True,True,4.470590608670437,0.013883821766057259,0.3774461588935656,0.4075533631666025,0.030107204273036925,0.11301726581436386,0.19211120489227465,0.07909393907791079,175.27426493597724,173.9147588892073,-4.725735064022757,-6.085241110792708,1.3595060467699511,1.3595060467699511,-4.058049018046486,-6.71903758736774,2.6609885693212547,2.660988569321262,-0.7285206429959075,-1.7947890081880138,1.0662683651921063,1.0662683651921157,374.9536999966949,37.68010000931099,3.225599997676909,3.3930000208783895,379.30749997030944,42.013000027509406,0.0,0.0,0.0997823104262352,True,True,,
train_d_488_t1p0,d_488,train,drowsy,1.0,25,25.0,True,True,1,1,0.9385790228843689,260,350,528,618,260,320,477,646,0.6889705011254591,True,True,30.44781552636902,0.1136112519640635,0.30812551392952847,0.41750014939296687,0.1093746354634384,0.054800137447897766,0.39216011217982755,0.3373599747319298,-170.7710323934542,-158.4442868353679,9.22896760654578,21.555713164632095,12.326745558086287,12.326745558086287,-30.319274889426875,-48.11690215188862,17.79762726246174,17.79762726246173,-11.177901982479394,-14.67541571793483,3.4975137354554366,3.497513735455442,398.2691999990493,35.74839999782853,3.4259000094607472,3.329900006065145,402.4319000309333,39.83350002090447,0.0,0.0,0.16201280057430267,True,True,,
train_n_278_t1p0,n_278,train,not_drowsy,1.0,30,29.95,True,True,1,1,0.9376052021980286,266,638,490,862,280,600,466,848,0.6823422542100482,True,True,3.8798122669644983,0.017320590477520083,0.3413551368347294,0.3223358642714994,0.019019272563229994,0.0945989229245413,0.09131116743420413,0.003287755490337177,167.74528202109147,165.2374633630958,-12.25471797890853,-14.762536636904201,2.5078186579956707,2.5078186579956707,-8.013620765256903,4.738003423894846,12.751624189151748,12.751624189151755,-2.147381813872111,-7.7467640407500715,5.59938222687796,5.599382226877964,374.3609999946784,40.45060000498779,3.2845000096131116,3.5656999971251935,378.71599997743033,45.21669997484423,0.0,0.0,0.18457919359207153,True,True,,
val_d_682_t1p0,d_682,val,drowsy,1.0,30,29.97,True,True,1,1,0.9330583810806274,315,489,539,713,311,444,501,730,0.6628906001400114,True,True,7.719350963683362,0.03446138823072929,0.2515915332109846,0.48963801760729697,0.23804648439631237,0.07911263137295782,0.06963575181639445,0.009476879556563372,179.724558595971,178.36133123882738,-0.2754414040290101,-1.6386687611726245,1.3632273571436144,1.3632273571436144,-30.849424849460416,-30.956988377111447,0.10756352765103117,0.10756352765102406,2.1348758627153885,3.130535918731018,0.9956600560156295,0.9956600560156232,364.4986000144854,41.970199992647395,3.243700019083917,3.6551000084728003,368.55640006251633,46.367400005692616,0.0,0.0,0.17046934366226196,True,True,,
val_n_378_t1p0,n_378,val,not_drowsy,1.0,30,30.0,True,True,1,1,0.932750403881073,241,348,563,670,239,312,511,691,0.7255157220108152,True,True,3.5279964984057286,0.010956510864614064,0.24334329794496914,0.26417924599360715,0.020835948048638003,0.03545736346821809,0.04300201054947803,0.007544647081259945,-168.2776983028355,-168.6097051014598,11.72230169716454,11.390294898540219,0.33200679862432025,0.33200679862432025,-24.579005564859436,-26.349371378722108,1.7703658138626714,1.770365813862668,-2.218014938825882,-3.1274735244966694,0.9094585856707873,0.9094585856707909,377.09590001031756,36.53540002414957,3.2878000056371093,3.5451999865472317,381.29690001369454,40.89390000444837,0.0,0.0,0.12047839909791946,True,True,,
train_d_75_t5p0,d_75,train,drowsy,5.0,150,29.97,True,True,1,1,0.921710193157196,205,277,527,599,163,226,447,658,0.5249245527053245,True,True,69.58966814329375,0.21611698181147126,0.5534822253938176,0.46457196524695543,0.08891026014686221,0.07640224660605721,0.306836743934997,0.23043449732893978,139.16819045984008,162.0925827956897,-40.831809540159924,-17.907417204310292,22.92439233584963,22.92439233584963,-48.44318593067011,49.56881781096997,98.01200374164009,98.01200374164009,-147.13943333352177,151.78534382320305,298.9247771567248,61.075222843275185,360.1173000060953,35.21750000072643,3.260099998442456,3.8206999888643622,363.9858000096865,40.129800006980076,0.0,0.029320987654321007,0.18148811161518097,True,True,,
train_n_889_t5p0,n_889,train,not_drowsy,5.0,150,30.0,True,True,1,1,0.9451786875724792,200,379,469,648,243,313,476,662,0.654515309418199,True,True,3.844339159921975,0.014291223642832621,0.33721296567788756,0.41101503608375317,0.07380207040586562,0.013652592788242301,0.013493814503750113,0.00015877828449218853,-170.47617139755067,-172.24002459862,9.523828602449328,7.759975401379961,1.7638532010693382,1.7638532010693382,32.27874805970286,34.51956303265086,2.2408149729479945,2.2408149729479874,9.143249015502532,9.735370730204922,0.5921217147023903,0.5921217147023867,358.91320000519045,36.62499997881241,3.2005000102799386,3.4707000013440847,362.9140000557527,40.82969995215535,0.0,0.0,0.13469110429286957,True,True,,
val_d_430_t5p0,d_430,val,drowsy,5.0,150,30.0,True,False,1,0,,98,384,420,706,,,,,,True,False,,,0.3955996280229504,,,0.04040265062329025,,,-167.02645632220222,,12.973543677797807,,,,28.676143064939804,,,,19.660560318634584,,,,364.37340002157725,45.6869000045117,3.5693000245373696,0.0,368.6340000422206,45.6869000045117,0.0,,,True,False,,YUNET_FACE_NOT_FOUND
val_n_196_t5p0,n_196,val,not_drowsy,5.0,125,25.0,True,True,1,1,0.9461485743522644,218,666,374,822,215,617,373,841,0.6802070439968493,True,True,2.4169213862384944,0.015493085809221117,0.3832035595105673,0.4131636694217473,0.029960109911180033,0.03280472168056829,0.04383937815650646,0.011034656475938168,161.48549029782302,161.42534627178793,-18.51450970217698,-18.57465372821207,0.06014402603508984,0.06014402603508984,-25.06356470170449,-25.457286798140192,0.39372209643570244,0.39372209643570955,5.412676724988353,6.081113984362648,0.6684372593742944,0.6684372593742864,370.3813999891281,39.61369997705333,3.2303000043611974,3.7699999811593443,374.6402000251692,44.18029994121753,0.0,0.0,0.23563741147518158,True,True,,
train_d_75_t7p0,d_75,train,drowsy,7.0,210,29.97,True,True,1,1,0.9187946319580078,134,277,456,599,111,201,406,651,0.5884044339939536,True,True,45.15801584434547,0.14024228523088655,0.4273139247671748,0.44597185539382117,0.01865793062664639,0.03717290486758477,0.0703435148638134,0.03317060999622864,-170.55008923084765,-127.58287160704113,9.449910769152325,52.41712839295889,42.96721762380652,42.967217623806505,-45.22743981324713,-57.238871114949866,12.011431301702736,12.011431301702743,-9.893951115819592,-49.83877369076895,39.94482257494936,39.94482257494937,366.3732999993954,34.89439998520538,3.3088000200223178,3.822400001809001,370.38860001484863,39.37550002592616,0.0,0.11703703703703705,0.17711365222930908,True,True,,
train_n_889_t7p0,n_889,train,not_drowsy,7.0,210,30.0,True,True,1,1,0.9397063255310059,200,320,469,588,237,302,477,639,0.6847878761178906,True,True,5.303844415254088,0.01975364473578582,0.21276382135681948,0.30696242972495,0.09419860836813054,0.19029336157896443,0.15328986739934902,0.037003494179615404,-169.52504840267724,-167.33522145994104,10.474951597322729,12.664778540058933,2.189826942736204,2.189826942736204,38.01625148373409,35.778396092356644,2.237855391377444,2.237855391377451,15.093960320191092,16.764850343718066,1.6708900235269741,1.6708900235269653,376.0677999816835,47.57190000964329,4.186799982562661,3.3829000021796674,381.3874999759719,51.855400030035526,0.0,0.0,0.11392895877361298,True,True,,
val_d_430_t7p0,d_430,val,drowsy,7.0,210,30.0,True,True,1,1,0.9435977339744568,200,409,469,677,229,385,474,705,0.7464141484472915,True,True,6.42105656225383,0.023914591045384567,0.32697038861465677,0.38169267595799744,0.05472228734334067,0.06254442295354418,0.11424631621143386,0.05170189325788968,-174.58932434772947,-174.72268408336052,5.410675652270527,5.277315916639509,0.1333597356310463,0.1333597356310463,28.64392047771707,30.434213132640593,1.7902926549235225,1.790292654923519,6.036811244766177,7.064947791839485,1.0281365470733075,1.0281365470733022,423.26939999475144,66.67170001310296,5.41529999463819,5.952199979219586,429.67750001116656,73.68959998711944,0.0,0.0,0.16403652727603912,True,True,,
val_n_196_t7p0,n_196,val,not_drowsy,7.0,175,25.0,True,True,1,1,0.9457978010177612,201,655,387,842,208,625,368,846,0.7438715131022823,True,True,2.2285679815510315,0.011949469118461032,0.39863443602407156,0.4127060293276424,0.014071593303570828,0.03675068954258106,0.06922093792993937,0.03247024838735831,160.26361128298603,161.81382846538796,-19.736388717013966,-18.186171534612043,1.5502171824019229,1.5502171824019229,-26.848262562125782,-26.425567879689396,0.4226946824363864,0.4226946824363722,5.123903315405425,4.616058337798706,0.5078449776067187,0.5078449776067089,439.47559999651276,38.40879999916069,3.3706000249367207,3.991600009612739,443.6653000302613,43.220499996095896,0.0,0.0,0.15690027177333832,True,True,,
train_d_75_t9p0,d_75,train,drowsy,9.0,270,29.97,True,True,1,1,0.9219382405281067,134,277,456,599,99,206,410,673,0.5552799455166855,True,True,20.54924896741016,0.06381754337705019,0.4365034328484721,0.44848747081922347,0.011984037970751371,0.0,0.058793033025887544,0.058793033025887544,-171.41567093606636,159.00677865773167,8.584329063933637,-20.993221342268328,330.42244959379804,29.577550406201965,-44.36000602445285,-43.096093244846564,1.2639127796062866,1.2639127796063008,-5.818290086283239,-165.0116629829346,159.19337289665137,159.19337289665134,377.0141999993939,42.580699984682724,3.4124999947380275,3.5441999789327383,381.13009999506176,46.70549996080808,0.0,0.13694721825962908,0.19092030823230743,True,True,,
train_n_889_t9p0,n_889,train,not_drowsy,9.0,270,30.0,False,True,0,1,0.941697359085083,,,,,252,304,487,633,,False,True,,,,0.3206590285308176,,,0.06866141933156814,,,-166.89401662316308,,13.105983376836889,,,,40.98851565889286,,,,18.60612687810041,,,361.103400005959,37.01909998198971,0.0,3.6951999936718494,361.103400005959,41.499099985230714,,0.0,,False,True,,HOG_FACE_NOT_FOUND
val_d_430_t9p0,d_430,val,drowsy,9.0,270,30.0,True,True,1,1,0.9398472309112549,171,409,439,677,212,379,454,703,0.6805226184616762,True,True,8.324287418468082,0.031060773949507767,0.35647384011058886,0.29957233469355704,0.05690150541703182,0.08659361161155472,0.05782982921148628,0.028763782400068445,-174.82873110710256,-171.33949791143027,5.171268892897444,8.660502088569729,3.489233195672284,3.489233195672284,36.101110043576554,39.609206163273974,3.50809611969742,3.508096119697427,1.728723395575066,5.2952353955755305,3.5665120000004644,3.566512000000472,361.91420000977814,37.61209998629056,3.3110000076703727,3.3736000186763704,365.9524000249803,41.718500026036054,0.0,0.0,0.17323265969753265,True,True,,
val_n_196_t9p0,n_196,val,not_drowsy,9.0,225,25.0,True,True,1,1,0.9458057880401611,180,655,367,842,196,630,356,853,0.7346117017358639,True,True,2.2638372000352187,0.012106081283610796,0.3822905130420245,0.4484237540246523,0.0661332409826278,0.043635908311847896,0.05319666243177813,0.009560754119930237,163.85955857423386,163.9973215549753,-16.14044142576614,-16.002678445024713,0.137762980741428,0.137762980741428,-21.69757483056184,-21.017331782671008,0.6802430478908335,0.6802430478908263,0.42969183898696284,0.18608903733521776,0.24360280165174508,0.24360280165174686,363.0735000187997,35.379799985093996,3.2420000061392784,3.4201999951619655,367.17710000812076,39.747900009388104,0.0,0.0,0.16642242670059204,True,True,,
train_d_75_t1p0,d_75,train,drowsy,1.0,30,29.97,True,True,1,1,0.9196398854255676,76,247,462,633,83,210,382,641,0.7104542292752891,True,True,14.018701829552478,0.03631788038744165,0.4496712328089343,0.5559569065122534,0.1062856737033191,0.060158878841454114,0.06303900362899509,0.0028801247875409747,-170.3787843147931,-170.655413674664,9.621215685206892,9.344586325335968,0.27662935987089554,0.27662935987089554,-39.63449909550245,-27.754321361987667,11.880177733514781,11.880177733514785,-18.002118134849656,-13.48087948762291,4.521238647226745,4.521238647226738,361.88129999209195,36.92559999763034,3.2113000052049756,3.6456999951042235,365.84569996921346,41.44000000087544,0.036206896551724155,0.14064914992272026,0.11576813459396362,True,True,,
train_n_889_t1p0,n_889,train,not_drowsy,1.0,30,30.0,True,True,1,1,0.9474332332611084,200,379,469,648,250,327,485,664,0.6358788925468185,True,True,4.073087298028236,0.015141588468506453,0.3955959414303572,0.40880716189210936,0.01321122046175216,0.03756506884416279,0.034835717127230624,0.0027293517169321643,-170.9782646324651,-168.253521847183,9.021735367534916,11.746478152816962,2.7247427852821033,2.7247427852821033,35.88940528269682,37.91426479120208,2.0248595085052585,2.0248595085052443,14.058632662500292,15.274538478244915,1.2159058157446232,1.2159058157446339,370.3347999835387,36.732800013851374,3.25059998431243,3.850799985229969,374.31059998925775,41.362799995113164,0.0,0.0,0.12696117162704468,True,True,,
val_d_430_t1p0,d_430,val,drowsy,1.0,30,30.0,True,True,2,1,0.9384832382202148,230,409,499,677,257,384,505,689,0.7825667261933491,True,True,5.5157990517832705,0.020543048847652005,0.35301698082492905,0.3142309533035683,0.03878602752136073,0.06682081601152969,0.08087812220519969,0.014057306193670002,-177.11368682900047,-172.83632881186992,2.8863131709995287,7.163671188130081,4.2773580171305525,4.2773580171305525,21.55533533240242,29.088463401351767,7.533128068949345,7.533128068949338,13.450439424804777,14.038787684055167,0.5883482592503899,0.588348259250381,368.57550000422634,35.57369997724891,3.255300020100549,3.6062999861314893,372.61970003601164,39.97529993648641,0.0,0.0,0.13400261104106903,True,True,,
val_n_196_t1p0,n_196,val,not_drowsy,1.0,25,25.0,True,True,1,1,0.9446597695350647,221,655,408,842,219,623,374,844,0.7044788614483047,True,True,2.334978277890203,0.012486514855027823,0.3991101276946967,0.4494756260476749,0.050365498352978155,0.06571619315074853,0.05544285115828187,0.010273341992466663,161.1370854049439,160.7837736536649,-18.86291459505611,-19.216226346335105,0.3533117512789943,0.3533117512789943,-31.18844159690798,-31.9387943021511,0.7503527052431203,0.7503527052431309,6.587973702628854,7.1052038119427445,0.5172301093138909,0.5172301093138856,404.198100004578,44.447399995988235,4.145100014284253,4.337699996540323,409.0637000335846,49.65989998891018,0.0,0.0,0.1612253487110138,True,True,,
train_d_75_t3p0,d_75,train,drowsy,3.0,90,29.97,True,True,1,1,0.903111457824707,241,313,563,635,223,274,487,654,0.6347522277069043,True,True,80.0705005041512,0.24866615063400993,0.3618898525947242,0.39615944869186964,0.034269596097145416,0.10181283641337463,0.5785779805329395,0.4767651441195649,-174.48916772875504,-162.04716865204347,5.510832271244965,17.952831347956533,12.441999076711568,12.441999076711568,-46.42391148461689,-49.09237443771889,2.6684629531020008,2.6684629531019937,2.8848586076803393,-14.518868968295996,17.403727575976333,17.403727575976347,390.98009999725036,35.78509998624213,3.2711000239942223,3.559700009645894,394.8964000446722,40.1883999875281,0.0,0.0,0.14962562918663025,True,True,,
train_n_889_t3p0,n_889,train,not_drowsy,3.0,90,30.0,True,True,1,1,0.9457233548164368,200,379,469,648,240,328,474,670,0.67851478168921,True,True,2.896893025183057,0.010769119052725118,0.3498496040223858,0.37020785789033533,0.02035825386794954,0.03296027467093167,0.006833305240913977,0.02612696943001769,-169.5411726827029,-169.66691514893918,10.458827317297107,10.33308485106079,0.12574246623628937,0.12574246623628937,32.74274121476037,33.65240144389091,0.9096602291305373,0.9096602291305373,10.338990401636185,10.520784442943151,0.18179404130696675,0.18179404130697208,360.7172000047285,37.36139999818988,3.2404999947175384,3.309700026875362,364.7311999811791,41.657700028736144,0.0,0.0,0.1267281323671341,True,True,,
val_d_430_t3p0,d_430,val,drowsy,3.0,90,30.0,True,True,1,1,0.9299684762954712,200,379,469,648,233,367,487,676,0.7266691848952074,True,True,4.603936333254873,0.017115004956337818,0.24629284239443902,0.2666986006238291,0.020405758229390086,0.099753146426468,0.07851313660430928,0.02124000982215872,175.39902616632622,179.33534898467948,-4.600973833673777,-0.6646510153205156,3.9363228183532613,3.9363228183532613,22.859801171479607,27.680578895288345,4.820777723808739,4.820777723808732,7.795293439372146,9.909361678607132,2.114068239234986,2.114068239234996,357.5770999887027,37.71870001219213,3.337900008773431,3.39579998399131,361.92760002450086,41.93090001353994,0.0,0.0,0.15044517815113068,True,True,,
val_n_196_t3p0,n_196,val,not_drowsy,3.0,75,25.0,True,True,1,1,0.9444714784622192,201,666,357,822,200,623,356,839,0.7142857142857143,True,True,1.9843591985566968,0.012720251272799339,0.3993575441354211,0.4143761398727805,0.015018595737359364,0.03735450863618114,0.0675429033697874,0.03018839473360626,162.60159361482434,162.07165062581745,-17.39840638517566,-17.928349374182545,0.5299429890068836,0.5299429890068836,-28.835978696441426,-29.125896587933212,0.28991789149178615,0.2899178914917968,2.03136238785462,2.1224013837541973,0.0910389958995772,0.09103899589956654,369.28569999872707,36.16399999009445,3.223100007744506,3.258500015363097,373.2869999948889,40.21030000876635,0.0,0.0,0.22007650136947632,True,True,,
