video_id,split,label,context_eligible_frozen,behavior_eligible_frozen,context_bundle_exists,behavior_bundle_exists,context_sequence_rows,behavior_sequence_rows,context_status,behavior_status,cross_branch_status,canonical_policy_hash,sequence_missing_policy_hash
d_10,train,drowsy,True,True,True,True,32,100,COMPLETE,COMPLETE,BOTH,29f74d12e4a522352868297c1661224c5d444f2829f1cae6866c8b2d1968e721,f382c7900331c0be2f56b95f8fd95ed77f86dd5d4b06239da078e03d180eee4d
d_100,train,drowsy,True,True,True,True,32,100,COMPLETE,COMPLETE,BOTH,29f74d12e4a522352868297c1661224c5d444f2829f1cae6866c8b2d1968e721,f382c7900331c0be2f56b95f8fd95ed77f86dd5d4b06239da078e03d180eee4d
d_101,train,drowsy,True,True,True,True,32,100,COMPLETE,COMPLETE,BOTH,29f74d12e4a522352868297c1661224c5d444f2829f1cae6866c8b2d1968e721,f382c7900331c0be2f56b95f8fd95ed77f86dd5d4b06239da078e03d180eee4d
d_102,train,drowsy,True,True,True,True,32,100,COMPLETE,COMPLETE,BOTH,29f74d12e4a522352868297c1661224c5d444f2829f1cae6866c8b2d1968e721,f382c7900331c0be2f56b95f8fd95ed77f86dd5d4b06239da078e03d180eee4d
d_103,val,drowsy,True,True,True,True,32,100,COMPLETE,COMPLETE,BOTH,29f74d12e4a522352868297c1661224c5d444f2829f1cae6866c8b2d1968e721,f382c7900331c0be2f56b95f8fd95ed77f86dd5d4b06239da078e03d180eee4d
d_104,train,drowsy,True,True,True,True,32,100,COMPLETE,COMPLETE,BOTH,29f74d12e4a522352868297c1661224c5d444f2829f1cae6866c8b2d1968e721,f382c7900331c0be2f56b95f8fd95ed77f86dd5d4b06239da078e03d180eee4d
d_105,train,drowsy,True,True,True,True,32,100,COMPLETE,COMPLETE,BOTH,29f74d12e4a522352868297c1661224c5d444f2829f1cae6866c8b2d1968e721,f382c7900331c0be2f56b95f8fd95ed77f86dd5d4b06239da078e03d180eee4d
d_106,train,drowsy,True,True,True,True,32,100,COMPLETE,COMPLETE,BOTH,29f74d12e4a522352868297c1661224c5d444f2829f1cae6866c8b2d1968e721,f382c7900331c0be2f56b95f8fd95ed77f86dd5d4b06239da078e03d180eee4d
d_107,train,drowsy,True,True,True,True,32,100,COMPLETE,COMPLETE,BOTH,29f74d12e4a522352868297c1661224c5d444f2829f1cae6866c8b2d1968e721,f382c7900331c0be2f56b95f8fd95ed77f86dd5d4b06239da078e03d180eee4d
d_108,val,drowsy,True,True,True,True,32,100,COMPLETE,COMPLETE,BOTH,29f74d12e4a522352868297c1661224c5d444f2829f1cae6866c8b2d1968e721,f382c7900331c0be2f56b95f8fd95ed77f86dd5d4b06239da078e03d180eee4d
d_109,val,drowsy,True,True,True,True,32,100,COMPLETE,COMPLETE,BOTH,29f74d12e4a522352868297c1661224c5d444f2829f1cae6866c8b2d1968e721,f382c7900331c0be2f56b95f8fd95ed77f86dd5d4b06239da078e03d180eee4d
d_11,train,drowsy,True,True,True,True,32,100,COMPLETE,COMPLETE,BOTH,29f74d12e4a522352868297c1661224c5d444f2829f1cae6866c8b2d1968e721,f382c7900331c0be2f56b95f8fd95ed77f86dd5d4b06239da078e03d180eee4d
d_110,train,drowsy,True,True,True,True,32,100,COMPLETE,COMPLETE,BOTH,29f74d12e4a522352868297c1661224c5d444f2829f1cae6866c8b2d1968e721,f382c7900331c0be2f56b95f8fd95ed77f86dd5d4b06239da078e03d180eee4d
d_111,train,drowsy,True,True,True,True,32,100,COMPLETE,COMPLETE,BOTH,29f74d12e4a522352868297c1661224c5d444f2829f1cae6866c8b2d1968e721,f382c7900331c0be2f56b95f8fd95ed77f86dd5d4b06239da078e03d180eee4d
d_112,train,drowsy,True,True,True,True,32,100,COMPLETE,COMPLETE,BOTH,29f74d12e4a522352868297c1661224c5d444f2829f1cae6866c8b2d1968e721,f382c7900331c0be2f56b95f8fd95ed77f86dd5d4b06239da078e03d180eee4d
d_113,train,drowsy,True,True,True,True,32,100,COMPLETE,COMPLETE,BOTH,29f74d12e4a522352868297c1661224c5d444f2829f1cae6866c8b2d1968e721,f382c7900331c0be2f56b95f8fd95ed77f86dd5d4b06239da078e03d180eee4d
d_114,val,drowsy,True,True,True,True,32,100,COMPLETE,COMPLETE,BOTH,29f74d12e4a522352868297c1661224c5d444f2829f1cae6866c8b2d1968e721,f382c7900331c0be2f56b95f8fd95ed77f86dd5d4b06239da078e03d180eee4d
d_116,train,drowsy,True,True,True,True,32,100,COMPLETE,COMPLETE,BOTH,29f74d12e4a522352868297c1661224c5d444f2829f1cae6866c8b2d1968e721,f382c7900331c0be2f56b95f8fd95ed77f86dd5d4b06239da078e03d180eee4d
d_117,train,drowsy,True,True,True,True,32,100,COMPLETE,COMPLETE,BOTH,29f74d12e4a522352868297c1661224c5d444f2829f1cae6866c8b2d1968e721,f382c7900331c0be2f56b95f8fd95ed77f86dd5d4b06239da078e03d180eee4d
d_118,train,drowsy,True,True,True,True,32,100,COMPLETE,COMPLETE,BOTH,29f74d12e4a522352868297c1661224c5d444f2829f1cae6866c8b2d1968e721,f382c7900331c0be2f56b95f8fd95ed77f86dd5d4b06239da078e03d180eee4d
d_12,train,drowsy,True,True,True,True,32,100,COMPLETE,COMPLETE,BOTH,29f74d12e4a522352868297c1661224c5d444f2829f1cae6866c8b2d1968e721,f382c7900331c0be2f56b95f8fd95ed77f86dd5d4b06239da078e03d180eee4d
d_120,train,drowsy,True,True,True,True,32,100,COMPLETE,COMPLETE,BOTH,29f74d12e4a522352868297c1661224c5d444f2829f1cae6866c8b2d1968e721,f382c7900331c0be2f56b95f8fd95ed77f86dd5d4b06239da078e03d180eee4d
d_121,train,drowsy,True,True,True,True,32,100,COMPLETE,COMPLETE,BOTH,29f74d12e4a522352868297c1661224c5d444f2829f1cae6866c8b2d1968e721,f382c7900331c0be2f56b95f8fd95ed77f86dd5d4b06239da078e03d180eee4d
d_122,train,drowsy,True,True,True,True,32,100,COMPLETE,COMPLETE,BOTH,29f74d12e4a522352868297c1661224c5d444f2829f1cae6866c8b2d1968e721,f382c7900331c0be2f56b95f8fd95ed77f86dd5d4b06239da078e03d180eee4d
d_123,train,drowsy,True,True,True,True,32,100,COMPLETE,COMPLETE,BOTH,29f74d12e4a522352868297c1661224c5d444f2829f1cae6866c8b2d1968e721,f382c7900331c0be2f56b95f8fd95ed77f86dd5d4b06239da078e03d180eee4d
d_124,train,drowsy,True,True,True,True,32,100,COMPLETE,COMPLETE,BOTH,29f74d12e4a522352868297c1661224c5d444f2829f1cae6866c8b2d1968e721,f382c7900331c0be2f56b95f8fd95ed77f86dd5d4b06239da078e03d180eee4d
d_125,train,drowsy,True,True,True,True,32,100,COMPLETE,COMPLETE,BOTH,29f74d12e4a522352868297c1661224c5d444f2829f1cae6866c8b2d1968e721,f382c7900331c0be2f56b95f8fd95ed77f86dd5d4b06239da078e03d180eee4d
d_126,train,drowsy,True,True,True,True,32,100,COMPLETE,COMPLETE,BOTH,29f74d12e4a522352868297c1661224c5d444f2829f1cae6866c8b2d1968e721,f382c7900331c0be2f56b95f8fd95ed77f86dd5d4b06239da078e03d180eee4d
d_127,train,drowsy,True,True,True,True,32,100,COMPLETE,COMPLETE,BOTH,29f74d12e4a522352868297c1661224c5d444f2829f1cae6866c8b2d1968e721,f382c7900331c0be2f56b95f8fd95ed77f86dd5d4b06239da078e03d180eee4d
d_128,train,drowsy,True,True,True,True,32,100,COMPLETE,COMPLETE,BOTH,29f74d12e4a522352868297c1661224c5d444f2829f1cae6866c8b2d1968e721,f382c7900331c0be2f56b95f8fd95ed77f86dd5d4b06239da078e03d180eee4d
d_129,train,drowsy,True,True,True,True,32,100,COMPLETE,COMPLETE,BOTH,29f74d12e4a522352868297c1661224c5d444f2829f1cae6866c8b2d1968e721,f382c7900331c0be2f56b95f8fd95ed77f86dd5d4b06239da078e03d180eee4d
d_13,train,drowsy,True,True,True,True,32,100,COMPLETE,COMPLETE,BOTH,29f74d12e4a522352868297c1661224c5d444f2829f1cae6866c8b2d1968e721,f382c7900331c0be2f56b95f8fd95ed77f86dd5d4b06239da078e03d180eee4d
d_132,train,drowsy,True,True,True,True,32,100,COMPLETE,COMPLETE,BOTH,29f74d12e4a522352868297c1661224c5d444f2829f1cae6866c8b2d1968e721,f382c7900331c0be2f56b95f8fd95ed77f86dd5d4b06239da078e03d180eee4d
d_133,train,drowsy,True,True,True,True,32,100,COMPLETE,COMPLETE,BOTH,29f74d12e4a522352868297c1661224c5d444f2829f1cae6866c8b2d1968e721,f382c7900331c0be2f56b95f8fd95ed77f86dd5d4b06239da078e03d180eee4d
d_135,train,drowsy,True,True,True,True,32,100,COMPLETE,COMPLETE,BOTH,29f74d12e4a522352868297c1661224c5d444f2829f1cae6866c8b2d1968e721,f382c7900331c0be2f56b95f8fd95ed77f86dd5d4b06239da078e03d180eee4d
d_136,train,drowsy,True,True,True,True,32,100,COMPLETE,COMPLETE,BOTH,29f74d12e4a522352868297c1661224c5d444f2829f1cae6866c8b2d1968e721,f382c7900331c0be2f56b95f8fd95ed77f86dd5d4b06239da078e03d180eee4d
d_138,train,drowsy,True,True,True,True,32,100,COMPLETE,COMPLETE,BOTH,29f74d12e4a522352868297c1661224c5d444f2829f1cae6866c8b2d1968e721,f382c7900331c0be2f56b95f8fd95ed77f86dd5d4b06239da078e03d180eee4d
d_139,train,drowsy,True,True,True,True,32,100,COMPLETE,COMPLETE,BOTH,29f74d12e4a522352868297c1661224c5d444f2829f1cae6866c8b2d1968e721,f382c7900331c0be2f56b95f8fd95ed77f86dd5d4b06239da078e03d180eee4d
d_14,val,drowsy,True,True,True,True,32,100,COMPLETE,COMPLETE,BOTH,29f74d12e4a522352868297c1661224c5d444f2829f1cae6866c8b2d1968e721,f382c7900331c0be2f56b95f8fd95ed77f86dd5d4b06239da078e03d180eee4d
d_140,train,drowsy,True,True,True,True,32,100,COMPLETE,COMPLETE,BOTH,29f74d12e4a522352868297c1661224c5d444f2829f1cae6866c8b2d1968e721,f382c7900331c0be2f56b95f8fd95ed77f86dd5d4b06239da078e03d180eee4d
d_141,train,drowsy,True,True,True,True,32,100,COMPLETE,COMPLETE,BOTH,29f74d12e4a522352868297c1661224c5d444f2829f1cae6866c8b2d1968e721,f382c7900331c0be2f56b95f8fd95ed77f86dd5d4b06239da078e03d180eee4d
d_142,train,drowsy,True,True,True,True,32,100,COMPLETE,COMPLETE,BOTH,29f74d12e4a522352868297c1661224c5d444f2829f1cae6866c8b2d1968e721,f382c7900331c0be2f56b95f8fd95ed77f86dd5d4b06239da078e03d180eee4d
d_143,train,drowsy,True,True,True,True,32,100,COMPLETE,COMPLETE,BOTH,29f74d12e4a522352868297c1661224c5d444f2829f1cae6866c8b2d1968e721,f382c7900331c0be2f56b95f8fd95ed77f86dd5d4b06239da078e03d180eee4d
d_144,train,drowsy,True,True,True,True,32,100,COMPLETE,COMPLETE,BOTH,29f74d12e4a522352868297c1661224c5d444f2829f1cae6866c8b2d1968e721,f382c7900331c0be2f56b95f8fd95ed77f86dd5d4b06239da078e03d180eee4d
d_146,val,drowsy,True,True,True,True,32,100,COMPLETE,COMPLETE,BOTH,29f74d12e4a522352868297c1661224c5d444f2829f1cae6866c8b2d1968e721,f382c7900331c0be2f56b95f8fd95ed77f86dd5d4b06239da078e03d180eee4d
d_147,train,drowsy,True,True,True,True,32,100,COMPLETE,COMPLETE,BOTH,29f74d12e4a522352868297c1661224c5d444f2829f1cae6866c8b2d1968e721,f382c7900331c0be2f56b95f8fd95ed77f86dd5d4b06239da078e03d180eee4d
d_148,train,drowsy,True,True,True,True,32,100,COMPLETE,COMPLETE,BOTH,29f74d12e4a522352868297c1661224c5d444f2829f1cae6866c8b2d1968e721,f382c7900331c0be2f56b95f8fd95ed77f86dd5d4b06239da078e03d180eee4d
d_149,train,drowsy,True,True,True,True,32,100,COMPLETE,COMPLETE,BOTH,29f74d12e4a522352868297c1661224c5d444f2829f1cae6866c8b2d1968e721,f382c7900331c0be2f56b95f8fd95ed77f86dd5d4b06239da078e03d180eee4d
d_15,train,drowsy,True,True,True,True,32,100,COMPLETE,COMPLETE,BOTH,29f74d12e4a522352868297c1661224c5d444f2829f1cae6866c8b2d1968e721,f382c7900331c0be2f56b95f8fd95ed77f86dd5d4b06239da078e03d180eee4d
d_150,train,drowsy,True,True,True,True,32,100,COMPLETE,COMPLETE,BOTH,29f74d12e4a522352868297c1661224c5d444f2829f1cae6866c8b2d1968e721,f382c7900331c0be2f56b95f8fd95ed77f86dd5d4b06239da078e03d180eee4d
d_152,train,drowsy,True,True,True,True,32,100,COMPLETE,COMPLETE,BOTH,29f74d12e4a522352868297c1661224c5d444f2829f1cae6866c8b2d1968e721,f382c7900331c0be2f56b95f8fd95ed77f86dd5d4b06239da078e03d180eee4d
d_154,val,drowsy,True,True,True,True,32,100,COMPLETE,COMPLETE,BOTH,29f74d12e4a522352868297c1661224c5d444f2829f1cae6866c8b2d1968e721,f382c7900331c0be2f56b95f8fd95ed77f86dd5d4b06239da078e03d180eee4d
d_155,train,drowsy,True,True,True,True,32,100,COMPLETE,COMPLETE,BOTH,29f74d12e4a522352868297c1661224c5d444f2829f1cae6866c8b2d1968e721,f382c7900331c0be2f56b95f8fd95ed77f86dd5d4b06239da078e03d180eee4d
d_156,train,drowsy,True,True,True,True,32,100,COMPLETE,COMPLETE,BOTH,29f74d12e4a522352868297c1661224c5d444f2829f1cae6866c8b2d1968e721,f382c7900331c0be2f56b95f8fd95ed77f86dd5d4b06239da078e03d180eee4d
d_157,train,drowsy,True,True,True,True,32,100,COMPLETE,COMPLETE,BOTH,29f74d12e4a522352868297c1661224c5d444f2829f1cae6866c8b2d1968e721,f382c7900331c0be2f56b95f8fd95ed77f86dd5d4b06239da078e03d180eee4d
d_158,train,drowsy,True,True,True,True,32,100,COMPLETE,COMPLETE,BOTH,29f74d12e4a522352868297c1661224c5d444f2829f1cae6866c8b2d1968e721,f382c7900331c0be2f56b95f8fd95ed77f86dd5d4b06239da078e03d180eee4d
d_159,train,drowsy,True,True,True,True,32,100,COMPLETE,COMPLETE,BOTH,29f74d12e4a522352868297c1661224c5d444f2829f1cae6866c8b2d1968e721,f382c7900331c0be2f56b95f8fd95ed77f86dd5d4b06239da078e03d180eee4d
d_16,train,drowsy,True,True,True,True,32,100,COMPLETE,COMPLETE,BOTH,29f74d12e4a522352868297c1661224c5d444f2829f1cae6866c8b2d1968e721,f382c7900331c0be2f56b95f8fd95ed77f86dd5d4b06239da078e03d180eee4d
d_161,val,drowsy,True,True,True,True,32,100,COMPLETE,COMPLETE,BOTH,29f74d12e4a522352868297c1661224c5d444f2829f1cae6866c8b2d1968e721,f382c7900331c0be2f56b95f8fd95ed77f86dd5d4b06239da078e03d180eee4d
d_162,train,drowsy,True,True,True,True,32,100,COMPLETE,COMPLETE,BOTH,29f74d12e4a522352868297c1661224c5d444f2829f1cae6866c8b2d1968e721,f382c7900331c0be2f56b95f8fd95ed77f86dd5d4b06239da078e03d180eee4d
d_163,train,drowsy,True,True,True,True,32,100,COMPLETE,COMPLETE,BOTH,29f74d12e4a522352868297c1661224c5d444f2829f1cae6866c8b2d1968e721,f382c7900331c0be2f56b95f8fd95ed77f86dd5d4b06239da078e03d180eee4d
d_166,train,drowsy,True,True,True,True,32,100,COMPLETE,COMPLETE,BOTH,29f74d12e4a522352868297c1661224c5d444f2829f1cae6866c8b2d1968e721,f382c7900331c0be2f56b95f8fd95ed77f86dd5d4b06239da078e03d180eee4d
d_167,train,drowsy,True,True,True,True,32,100,COMPLETE,COMPLETE,BOTH,29f74d12e4a522352868297c1661224c5d444f2829f1cae6866c8b2d1968e721,f382c7900331c0be2f56b95f8fd95ed77f86dd5d4b06239da078e03d180eee4d
d_168,train,drowsy,True,True,True,True,32,100,COMPLETE,COMPLETE,BOTH,29f74d12e4a522352868297c1661224c5d444f2829f1cae6866c8b2d1968e721,f382c7900331c0be2f56b95f8fd95ed77f86dd5d4b06239da078e03d180eee4d
d_169,train,drowsy,True,True,True,True,32,100,COMPLETE,COMPLETE,BOTH,29f74d12e4a522352868297c1661224c5d444f2829f1cae6866c8b2d1968e721,f382c7900331c0be2f56b95f8fd95ed77f86dd5d4b06239da078e03d180eee4d
d_17,train,drowsy,True,True,True,True,32,100,COMPLETE,COMPLETE,BOTH,29f74d12e4a522352868297c1661224c5d444f2829f1cae6866c8b2d1968e721,f382c7900331c0be2f56b95f8fd95ed77f86dd5d4b06239da078e03d180eee4d
d_170,train,drowsy,True,True,True,True,32,100,COMPLETE,COMPLETE,BOTH,29f74d12e4a522352868297c1661224c5d444f2829f1cae6866c8b2d1968e721,f382c7900331c0be2f56b95f8fd95ed77f86dd5d4b06239da078e03d180eee4d
d_171,train,drowsy,True,True,True,True,32,100,COMPLETE,COMPLETE,BOTH,29f74d12e4a522352868297c1661224c5d444f2829f1cae6866c8b2d1968e721,f382c7900331c0be2f56b95f8fd95ed77f86dd5d4b06239da078e03d180eee4d
d_172,train,drowsy,True,True,True,True,32,100,COMPLETE,COMPLETE,BOTH,29f74d12e4a522352868297c1661224c5d444f2829f1cae6866c8b2d1968e721,f382c7900331c0be2f56b95f8fd95ed77f86dd5d4b06239da078e03d180eee4d
d_173,train,drowsy,True,True,True,True,32,100,COMPLETE,COMPLETE,BOTH,29f74d12e4a522352868297c1661224c5d444f2829f1cae6866c8b2d1968e721,f382c7900331c0be2f56b95f8fd95ed77f86dd5d4b06239da078e03d180eee4d
d_175,train,drowsy,True,True,True,True,32,100,COMPLETE,COMPLETE,BOTH,29f74d12e4a522352868297c1661224c5d444f2829f1cae6866c8b2d1968e721,f382c7900331c0be2f56b95f8fd95ed77f86dd5d4b06239da078e03d180eee4d
d_176,train,drowsy,True,True,True,True,32,100,COMPLETE,COMPLETE,BOTH,29f74d12e4a522352868297c1661224c5d444f2829f1cae6866c8b2d1968e721,f382c7900331c0be2f56b95f8fd95ed77f86dd5d4b06239da078e03d180eee4d
d_177,train,drowsy,True,True,True,True,32,100,COMPLETE,COMPLETE,BOTH,29f74d12e4a522352868297c1661224c5d444f2829f1cae6866c8b2d1968e721,f382c7900331c0be2f56b95f8fd95ed77f86dd5d4b06239da078e03d180eee4d
d_178,train,drowsy,True,True,True,True,32,100,COMPLETE,COMPLETE,BOTH,29f74d12e4a522352868297c1661224c5d444f2829f1cae6866c8b2d1968e721,f382c7900331c0be2f56b95f8fd95ed77f86dd5d4b06239da078e03d180eee4d
d_179,train,drowsy,True,True,True,True,32,100,COMPLETE,COMPLETE,BOTH,29f74d12e4a522352868297c1661224c5d444f2829f1cae6866c8b2d1968e721,f382c7900331c0be2f56b95f8fd95ed77f86dd5d4b06239da078e03d180eee4d
d_18,train,drowsy,True,True,True,True,32,100,COMPLETE,COMPLETE,BOTH,29f74d12e4a522352868297c1661224c5d444f2829f1cae6866c8b2d1968e721,f382c7900331c0be2f56b95f8fd95ed77f86dd5d4b06239da078e03d180eee4d
d_180,train,drowsy,True,True,True,True,32,100,COMPLETE,COMPLETE,BOTH,29f74d12e4a522352868297c1661224c5d444f2829f1cae6866c8b2d1968e721,f382c7900331c0be2f56b95f8fd95ed77f86dd5d4b06239da078e03d180eee4d
d_181,train,drowsy,True,True,True,True,32,100,COMPLETE,COMPLETE,BOTH,29f74d12e4a522352868297c1661224c5d444f2829f1cae6866c8b2d1968e721,f382c7900331c0be2f56b95f8fd95ed77f86dd5d4b06239da078e03d180eee4d
d_182,train,drowsy,True,True,True,True,32,100,COMPLETE,COMPLETE,BOTH,29f74d12e4a522352868297c1661224c5d444f2829f1cae6866c8b2d1968e721,f382c7900331c0be2f56b95f8fd95ed77f86dd5d4b06239da078e03d180eee4d
d_183,train,drowsy,True,True,True,True,32,100,COMPLETE,COMPLETE,BOTH,29f74d12e4a522352868297c1661224c5d444f2829f1cae6866c8b2d1968e721,f382c7900331c0be2f56b95f8fd95ed77f86dd5d4b06239da078e03d180eee4d
d_184,train,drowsy,True,True,True,True,32,100,COMPLETE,COMPLETE,BOTH,29f74d12e4a522352868297c1661224c5d444f2829f1cae6866c8b2d1968e721,f382c7900331c0be2f56b95f8fd95ed77f86dd5d4b06239da078e03d180eee4d
d_185,train,drowsy,True,True,True,True,32,100,COMPLETE,COMPLETE,BOTH,29f74d12e4a522352868297c1661224c5d444f2829f1cae6866c8b2d1968e721,f382c7900331c0be2f56b95f8fd95ed77f86dd5d4b06239da078e03d180eee4d
d_186,train,drowsy,True,True,True,True,32,100,COMPLETE,COMPLETE,BOTH,29f74d12e4a522352868297c1661224c5d444f2829f1cae6866c8b2d1968e721,f382c7900331c0be2f56b95f8fd95ed77f86dd5d4b06239da078e03d180eee4d
d_187,train,drowsy,True,True,True,True,32,100,COMPLETE,COMPLETE,BOTH,29f74d12e4a522352868297c1661224c5d444f2829f1cae6866c8b2d1968e721,f382c7900331c0be2f56b95f8fd95ed77f86dd5d4b06239da078e03d180eee4d
d_188,train,drowsy,True,True,True,True,32,100,COMPLETE,COMPLETE,BOTH,29f74d12e4a522352868297c1661224c5d444f2829f1cae6866c8b2d1968e721,f382c7900331c0be2f56b95f8fd95ed77f86dd5d4b06239da078e03d180eee4d
d_189,train,drowsy,True,True,True,True,32,100,COMPLETE,COMPLETE,BOTH,29f74d12e4a522352868297c1661224c5d444f2829f1cae6866c8b2d1968e721,f382c7900331c0be2f56b95f8fd95ed77f86dd5d4b06239da078e03d180eee4d
d_19,train,drowsy,True,True,True,True,32,100,COMPLETE,COMPLETE,BOTH,29f74d12e4a522352868297c1661224c5d444f2829f1cae6866c8b2d1968e721,f382c7900331c0be2f56b95f8fd95ed77f86dd5d4b06239da078e03d180eee4d
d_190,train,drowsy,True,True,True,True,32,100,COMPLETE,COMPLETE,BOTH,29f74d12e4a522352868297c1661224c5d444f2829f1cae6866c8b2d1968e721,f382c7900331c0be2f56b95f8fd95ed77f86dd5d4b06239da078e03d180eee4d
d_192,train,drowsy,True,True,True,True,32,100,COMPLETE,COMPLETE,BOTH,29f74d12e4a522352868297c1661224c5d444f2829f1cae6866c8b2d1968e721,f382c7900331c0be2f56b95f8fd95ed77f86dd5d4b06239da078e03d180eee4d
d_194,val,drowsy,True,True,True,True,32,100,COMPLETE,COMPLETE,BOTH,29f74d12e4a522352868297c1661224c5d444f2829f1cae6866c8b2d1968e721,f382c7900331c0be2f56b95f8fd95ed77f86dd5d4b06239da078e03d180eee4d
d_195,val,drowsy,True,True,True,True,32,100,COMPLETE,COMPLETE,BOTH,29f74d12e4a522352868297c1661224c5d444f2829f1cae6866c8b2d1968e721,f382c7900331c0be2f56b95f8fd95ed77f86dd5d4b06239da078e03d180eee4d
d_196,train,drowsy,True,True,True,True,32,100,COMPLETE,COMPLETE,BOTH,29f74d12e4a522352868297c1661224c5d444f2829f1cae6866c8b2d1968e721,f382c7900331c0be2f56b95f8fd95ed77f86dd5d4b06239da078e03d180eee4d
d_197,train,drowsy,True,True,True,True,32,100,COMPLETE,COMPLETE,BOTH,29f74d12e4a522352868297c1661224c5d444f2829f1cae6866c8b2d1968e721,f382c7900331c0be2f56b95f8fd95ed77f86dd5d4b06239da078e03d180eee4d
d_198,train,drowsy,True,True,True,True,32,100,COMPLETE,COMPLETE,BOTH,29f74d12e4a522352868297c1661224c5d444f2829f1cae6866c8b2d1968e721,f382c7900331c0be2f56b95f8fd95ed77f86dd5d4b06239da078e03d180eee4d
d_199,train,drowsy,True,True,True,True,32,100,COMPLETE,COMPLETE,BOTH,29f74d12e4a522352868297c1661224c5d444f2829f1cae6866c8b2d1968e721,f382c7900331c0be2f56b95f8fd95ed77f86dd5d4b06239da078e03d180eee4d
d_2,val,drowsy,True,True,True,True,32,100,COMPLETE,COMPLETE,BOTH,29f74d12e4a522352868297c1661224c5d444f2829f1cae6866c8b2d1968e721,f382c7900331c0be2f56b95f8fd95ed77f86dd5d4b06239da078e03d180eee4d
d_200,train,drowsy,True,True,True,True,32,100,COMPLETE,COMPLETE,BOTH,29f74d12e4a522352868297c1661224c5d444f2829f1cae6866c8b2d1968e721,f382c7900331c0be2f56b95f8fd95ed77f86dd5d4b06239da078e03d180eee4d
d_201,val,drowsy,True,True,True,True,32,100,COMPLETE,COMPLETE,BOTH,29f74d12e4a522352868297c1661224c5d444f2829f1cae6866c8b2d1968e721,f382c7900331c0be2f56b95f8fd95ed77f86dd5d4b06239da078e03d180eee4d
d_203,train,drowsy,True,True,True,True,32,100,COMPLETE,COMPLETE,BOTH,29f74d12e4a522352868297c1661224c5d444f2829f1cae6866c8b2d1968e721,f382c7900331c0be2f56b95f8fd95ed77f86dd5d4b06239da078e03d180eee4d
d_205,train,drowsy,True,True,True,True,32,100,COMPLETE,COMPLETE,BOTH,29f74d12e4a522352868297c1661224c5d444f2829f1cae6866c8b2d1968e721,f382c7900331c0be2f56b95f8fd95ed77f86dd5d4b06239da078e03d180eee4d
d_206,train,drowsy,True,True,True,True,32,100,COMPLETE,COMPLETE,BOTH,29f74d12e4a522352868297c1661224c5d444f2829f1cae6866c8b2d1968e721,f382c7900331c0be2f56b95f8fd95ed77f86dd5d4b06239da078e03d180eee4d
d_208,val,drowsy,True,True,True,True,32,100,COMPLETE,COMPLETE,BOTH,29f74d12e4a522352868297c1661224c5d444f2829f1cae6866c8b2d1968e721,f382c7900331c0be2f56b95f8fd95ed77f86dd5d4b06239da078e03d180eee4d
d_209,val,drowsy,True,True,True,True,32,100,COMPLETE,COMPLETE,BOTH,29f74d12e4a522352868297c1661224c5d444f2829f1cae6866c8b2d1968e721,f382c7900331c0be2f56b95f8fd95ed77f86dd5d4b06239da078e03d180eee4d
d_21,train,drowsy,True,True,True,True,32,100,COMPLETE,COMPLETE,BOTH,29f74d12e4a522352868297c1661224c5d444f2829f1cae6866c8b2d1968e721,f382c7900331c0be2f56b95f8fd95ed77f86dd5d4b06239da078e03d180eee4d
d_210,train,drowsy,True,True,True,True,32,100,COMPLETE,COMPLETE,BOTH,29f74d12e4a522352868297c1661224c5d444f2829f1cae6866c8b2d1968e721,f382c7900331c0be2f56b95f8fd95ed77f86dd5d4b06239da078e03d180eee4d
d_212,train,drowsy,True,True,True,True,32,100,COMPLETE,COMPLETE,BOTH,29f74d12e4a522352868297c1661224c5d444f2829f1cae6866c8b2d1968e721,f382c7900331c0be2f56b95f8fd95ed77f86dd5d4b06239da078e03d180eee4d
d_213,train,drowsy,True,True,True,True,32,100,COMPLETE,COMPLETE,BOTH,29f74d12e4a522352868297c1661224c5d444f2829f1cae6866c8b2d1968e721,f382c7900331c0be2f56b95f8fd95ed77f86dd5d4b06239da078e03d180eee4d
d_214,train,drowsy,True,True,True,True,32,100,COMPLETE,COMPLETE,BOTH,29f74d12e4a522352868297c1661224c5d444f2829f1cae6866c8b2d1968e721,f382c7900331c0be2f56b95f8fd95ed77f86dd5d4b06239da078e03d180eee4d
d_215,train,drowsy,True,True,True,True,32,100,COMPLETE,COMPLETE,BOTH,29f74d12e4a522352868297c1661224c5d444f2829f1cae6866c8b2d1968e721,f382c7900331c0be2f56b95f8fd95ed77f86dd5d4b06239da078e03d180eee4d
d_216,train,drowsy,True,True,True,True,32,100,COMPLETE,COMPLETE,BOTH,29f74d12e4a522352868297c1661224c5d444f2829f1cae6866c8b2d1968e721,f382c7900331c0be2f56b95f8fd95ed77f86dd5d4b06239da078e03d180eee4d
d_217,val,drowsy,True,True,True,True,32,100,COMPLETE,COMPLETE,BOTH,29f74d12e4a522352868297c1661224c5d444f2829f1cae6866c8b2d1968e721,f382c7900331c0be2f56b95f8fd95ed77f86dd5d4b06239da078e03d180eee4d
d_218,train,drowsy,True,True,True,True,32,100,COMPLETE,COMPLETE,BOTH,29f74d12e4a522352868297c1661224c5d444f2829f1cae6866c8b2d1968e721,f382c7900331c0be2f56b95f8fd95ed77f86dd5d4b06239da078e03d180eee4d
d_219,train,drowsy,True,True,True,True,32,100,COMPLETE,COMPLETE,BOTH,29f74d12e4a522352868297c1661224c5d444f2829f1cae6866c8b2d1968e721,f382c7900331c0be2f56b95f8fd95ed77f86dd5d4b06239da078e03d180eee4d
d_22,train,drowsy,True,True,True,True,32,100,COMPLETE,COMPLETE,BOTH,29f74d12e4a522352868297c1661224c5d444f2829f1cae6866c8b2d1968e721,f382c7900331c0be2f56b95f8fd95ed77f86dd5d4b06239da078e03d180eee4d
d_220,train,drowsy,True,True,True,True,32,100,COMPLETE,COMPLETE,BOTH,29f74d12e4a522352868297c1661224c5d444f2829f1cae6866c8b2d1968e721,f382c7900331c0be2f56b95f8fd95ed77f86dd5d4b06239da078e03d180eee4d
d_221,train,drowsy,True,True,True,True,32,100,COMPLETE,COMPLETE,BOTH,29f74d12e4a522352868297c1661224c5d444f2829f1cae6866c8b2d1968e721,f382c7900331c0be2f56b95f8fd95ed77f86dd5d4b06239da078e03d180eee4d
d_223,train,drowsy,True,True,True,True,32,100,COMPLETE,COMPLETE,BOTH,29f74d12e4a522352868297c1661224c5d444f2829f1cae6866c8b2d1968e721,f382c7900331c0be2f56b95f8fd95ed77f86dd5d4b06239da078e03d180eee4d
d_226,train,drowsy,True,True,True,True,32,100,COMPLETE,COMPLETE,BOTH,29f74d12e4a522352868297c1661224c5d444f2829f1cae6866c8b2d1968e721,f382c7900331c0be2f56b95f8fd95ed77f86dd5d4b06239da078e03d180eee4d
d_227,train,drowsy,True,True,True,True,32,100,COMPLETE,COMPLETE,BOTH,29f74d12e4a522352868297c1661224c5d444f2829f1cae6866c8b2d1968e721,f382c7900331c0be2f56b95f8fd95ed77f86dd5d4b06239da078e03d180eee4d
d_228,train,drowsy,True,True,True,True,32,100,COMPLETE,COMPLETE,BOTH,29f74d12e4a522352868297c1661224c5d444f2829f1cae6866c8b2d1968e721,f382c7900331c0be2f56b95f8fd95ed77f86dd5d4b06239da078e03d180eee4d
d_229,val,drowsy,True,True,True,True,32,100,COMPLETE,COMPLETE,BOTH,29f74d12e4a522352868297c1661224c5d444f2829f1cae6866c8b2d1968e721,f382c7900331c0be2f56b95f8fd95ed77f86dd5d4b06239da078e03d180eee4d
d_23,train,drowsy,True,True,True,True,32,100,COMPLETE,COMPLETE,BOTH,29f74d12e4a522352868297c1661224c5d444f2829f1cae6866c8b2d1968e721,f382c7900331c0be2f56b95f8fd95ed77f86dd5d4b06239da078e03d180eee4d
d_230,train,drowsy,True,True,True,True,32,100,COMPLETE,COMPLETE,BOTH,29f74d12e4a522352868297c1661224c5d444f2829f1cae6866c8b2d1968e721,f382c7900331c0be2f56b95f8fd95ed77f86dd5d4b06239da078e03d180eee4d
d_233,train,drowsy,True,True,True,True,32,100,COMPLETE,COMPLETE,BOTH,29f74d12e4a522352868297c1661224c5d444f2829f1cae6866c8b2d1968e721,f382c7900331c0be2f56b95f8fd95ed77f86dd5d4b06239da078e03d180eee4d
d_235,train,drowsy,True,True,True,True,32,100,COMPLETE,COMPLETE,BOTH,29f74d12e4a522352868297c1661224c5d444f2829f1cae6866c8b2d1968e721,f382c7900331c0be2f56b95f8fd95ed77f86dd5d4b06239da078e03d180eee4d
d_236,train,drowsy,True,True,True,True,32,100,COMPLETE,COMPLETE,BOTH,29f74d12e4a522352868297c1661224c5d444f2829f1cae6866c8b2d1968e721,f382c7900331c0be2f56b95f8fd95ed77f86dd5d4b06239da078e03d180eee4d
d_237,val,drowsy,True,True,True,True,32,100,COMPLETE,COMPLETE,BOTH,29f74d12e4a522352868297c1661224c5d444f2829f1cae6866c8b2d1968e721,f382c7900331c0be2f56b95f8fd95ed77f86dd5d4b06239da078e03d180eee4d
d_239,train,drowsy,True,True,True,True,32,100,COMPLETE,COMPLETE,BOTH,29f74d12e4a522352868297c1661224c5d444f2829f1cae6866c8b2d1968e721,f382c7900331c0be2f56b95f8fd95ed77f86dd5d4b06239da078e03d180eee4d
d_24,train,drowsy,True,True,True,True,32,100,COMPLETE,COMPLETE,BOTH,29f74d12e4a522352868297c1661224c5d444f2829f1cae6866c8b2d1968e721,f382c7900331c0be2f56b95f8fd95ed77f86dd5d4b06239da078e03d180eee4d
d_240,train,drowsy,True,True,True,True,32,100,COMPLETE,COMPLETE,BOTH,29f74d12e4a522352868297c1661224c5d444f2829f1cae6866c8b2d1968e721,f382c7900331c0be2f56b95f8fd95ed77f86dd5d4b06239da078e03d180eee4d
d_242,train,drowsy,True,False,True,False,32,0,COMPLETE,EXCLUDED,CONTEXT_ONLY,29f74d12e4a522352868297c1661224c5d444f2829f1cae6866c8b2d1968e721,f382c7900331c0be2f56b95f8fd95ed77f86dd5d4b06239da078e03d180eee4d
d_244,train,drowsy,False,False,False,False,0,0,EXCLUDED,EXCLUDED,NEITHER,29f74d12e4a522352868297c1661224c5d444f2829f1cae6866c8b2d1968e721,f382c7900331c0be2f56b95f8fd95ed77f86dd5d4b06239da078e03d180eee4d
d_245,train,drowsy,False,False,False,False,0,0,EXCLUDED,EXCLUDED,NEITHER,29f74d12e4a522352868297c1661224c5d444f2829f1cae6866c8b2d1968e721,f382c7900331c0be2f56b95f8fd95ed77f86dd5d4b06239da078e03d180eee4d
d_246,val,drowsy,True,True,True,True,32,100,COMPLETE,COMPLETE,BOTH,29f74d12e4a522352868297c1661224c5d444f2829f1cae6866c8b2d1968e721,f382c7900331c0be2f56b95f8fd95ed77f86dd5d4b06239da078e03d180eee4d
d_247,train,drowsy,False,False,False,False,0,0,EXCLUDED,EXCLUDED,NEITHER,29f74d12e4a522352868297c1661224c5d444f2829f1cae6866c8b2d1968e721,f382c7900331c0be2f56b95f8fd95ed77f86dd5d4b06239da078e03d180eee4d
d_248,train,drowsy,False,False,False,False,0,0,EXCLUDED,EXCLUDED,NEITHER,29f74d12e4a522352868297c1661224c5d444f2829f1cae6866c8b2d1968e721,f382c7900331c0be2f56b95f8fd95ed77f86dd5d4b06239da078e03d180eee4d
d_25,train,drowsy,True,True,True,True,32,100,COMPLETE,COMPLETE,BOTH,29f74d12e4a522352868297c1661224c5d444f2829f1cae6866c8b2d1968e721,f382c7900331c0be2f56b95f8fd95ed77f86dd5d4b06239da078e03d180eee4d
d_250,train,drowsy,False,False,False,False,0,0,EXCLUDED,EXCLUDED,NEITHER,29f74d12e4a522352868297c1661224c5d444f2829f1cae6866c8b2d1968e721,f382c7900331c0be2f56b95f8fd95ed77f86dd5d4b06239da078e03d180eee4d
d_251,val,drowsy,False,False,False,False,0,0,EXCLUDED,EXCLUDED,NEITHER,29f74d12e4a522352868297c1661224c5d444f2829f1cae6866c8b2d1968e721,f382c7900331c0be2f56b95f8fd95ed77f86dd5d4b06239da078e03d180eee4d
d_252,val,drowsy,True,False,True,False,32,0,COMPLETE,EXCLUDED,CONTEXT_ONLY,29f74d12e4a522352868297c1661224c5d444f2829f1cae6866c8b2d1968e721,f382c7900331c0be2f56b95f8fd95ed77f86dd5d4b06239da078e03d180eee4d
d_253,val,drowsy,True,True,True,True,32,100,COMPLETE,COMPLETE,BOTH,29f74d12e4a522352868297c1661224c5d444f2829f1cae6866c8b2d1968e721,f382c7900331c0be2f56b95f8fd95ed77f86dd5d4b06239da078e03d180eee4d
d_254,train,drowsy,True,False,True,False,32,0,COMPLETE,EXCLUDED,CONTEXT_ONLY,29f74d12e4a522352868297c1661224c5d444f2829f1cae6866c8b2d1968e721,f382c7900331c0be2f56b95f8fd95ed77f86dd5d4b06239da078e03d180eee4d
d_255,train,drowsy,True,False,True,False,32,0,COMPLETE,EXCLUDED,CONTEXT_ONLY,29f74d12e4a522352868297c1661224c5d444f2829f1cae6866c8b2d1968e721,f382c7900331c0be2f56b95f8fd95ed77f86dd5d4b06239da078e03d180eee4d
d_256,val,drowsy,True,True,True,True,32,100,COMPLETE,COMPLETE,BOTH,29f74d12e4a522352868297c1661224c5d444f2829f1cae6866c8b2d1968e721,f382c7900331c0be2f56b95f8fd95ed77f86dd5d4b06239da078e03d180eee4d
d_257,train,drowsy,False,False,False,False,0,0,EXCLUDED,EXCLUDED,NEITHER,29f74d12e4a522352868297c1661224c5d444f2829f1cae6866c8b2d1968e721,f382c7900331c0be2f56b95f8fd95ed77f86dd5d4b06239da078e03d180eee4d
d_258,val,drowsy,True,True,True,True,32,100,COMPLETE,COMPLETE,BOTH,29f74d12e4a522352868297c1661224c5d444f2829f1cae6866c8b2d1968e721,f382c7900331c0be2f56b95f8fd95ed77f86dd5d4b06239da078e03d180eee4d
d_259,val,drowsy,True,True,True,True,32,100,COMPLETE,COMPLETE,BOTH,29f74d12e4a522352868297c1661224c5d444f2829f1cae6866c8b2d1968e721,f382c7900331c0be2f56b95f8fd95ed77f86dd5d4b06239da078e03d180eee4d
d_260,train,drowsy,True,True,True,True,32,100,COMPLETE,COMPLETE,BOTH,29f74d12e4a522352868297c1661224c5d444f2829f1cae6866c8b2d1968e721,f382c7900331c0be2f56b95f8fd95ed77f86dd5d4b06239da078e03d180eee4d
d_261,train,drowsy,True,True,True,True,32,100,COMPLETE,COMPLETE,BOTH,29f74d12e4a522352868297c1661224c5d444f2829f1cae6866c8b2d1968e721,f382c7900331c0be2f56b95f8fd95ed77f86dd5d4b06239da078e03d180eee4d
d_262,train,drowsy,True,False,True,False,32,0,COMPLETE,EXCLUDED,CONTEXT_ONLY,29f74d12e4a522352868297c1661224c5d444f2829f1cae6866c8b2d1968e721,f382c7900331c0be2f56b95f8fd95ed77f86dd5d4b06239da078e03d180eee4d
d_263,train,drowsy,True,False,True,False,32,0,COMPLETE,EXCLUDED,CONTEXT_ONLY,29f74d12e4a522352868297c1661224c5d444f2829f1cae6866c8b2d1968e721,f382c7900331c0be2f56b95f8fd95ed77f86dd5d4b06239da078e03d180eee4d
d_264,train,drowsy,True,False,True,False,32,0,COMPLETE,EXCLUDED,CONTEXT_ONLY,29f74d12e4a522352868297c1661224c5d444f2829f1cae6866c8b2d1968e721,f382c7900331c0be2f56b95f8fd95ed77f86dd5d4b06239da078e03d180eee4d
d_265,train,drowsy,True,True,True,True,32,100,COMPLETE,COMPLETE,BOTH,29f74d12e4a522352868297c1661224c5d444f2829f1cae6866c8b2d1968e721,f382c7900331c0be2f56b95f8fd95ed77f86dd5d4b06239da078e03d180eee4d
d_266,train,drowsy,True,False,True,False,32,0,COMPLETE,EXCLUDED,CONTEXT_ONLY,29f74d12e4a522352868297c1661224c5d444f2829f1cae6866c8b2d1968e721,f382c7900331c0be2f56b95f8fd95ed77f86dd5d4b06239da078e03d180eee4d
d_267,train,drowsy,True,True,True,True,32,100,COMPLETE,COMPLETE,BOTH,29f74d12e4a522352868297c1661224c5d444f2829f1cae6866c8b2d1968e721,f382c7900331c0be2f56b95f8fd95ed77f86dd5d4b06239da078e03d180eee4d
d_268,train,drowsy,True,True,True,True,32,100,COMPLETE,COMPLETE,BOTH,29f74d12e4a522352868297c1661224c5d444f2829f1cae6866c8b2d1968e721,f382c7900331c0be2f56b95f8fd95ed77f86dd5d4b06239da078e03d180eee4d
d_269,train,drowsy,True,True,True,True,32,100,COMPLETE,COMPLETE,BOTH,29f74d12e4a522352868297c1661224c5d444f2829f1cae6866c8b2d1968e721,f382c7900331c0be2f56b95f8fd95ed77f86dd5d4b06239da078e03d180eee4d
d_27,val,drowsy,True,True,True,True,32,100,COMPLETE,COMPLETE,BOTH,29f74d12e4a522352868297c1661224c5d444f2829f1cae6866c8b2d1968e721,f382c7900331c0be2f56b95f8fd95ed77f86dd5d4b06239da078e03d180eee4d
d_270,train,drowsy,True,True,True,True,32,100,COMPLETE,COMPLETE,BOTH,29f74d12e4a522352868297c1661224c5d444f2829f1cae6866c8b2d1968e721,f382c7900331c0be2f56b95f8fd95ed77f86dd5d4b06239da078e03d180eee4d
d_271,train,drowsy,True,True,True,True,32,100,COMPLETE,COMPLETE,BOTH,29f74d12e4a522352868297c1661224c5d444f2829f1cae6866c8b2d1968e721,f382c7900331c0be2f56b95f8fd95ed77f86dd5d4b06239da078e03d180eee4d
d_272,train,drowsy,True,True,True,True,32,100,COMPLETE,COMPLETE,BOTH,29f74d12e4a522352868297c1661224c5d444f2829f1cae6866c8b2d1968e721,f382c7900331c0be2f56b95f8fd95ed77f86dd5d4b06239da078e03d180eee4d
d_273,train,drowsy,True,False,True,False,32,0,COMPLETE,EXCLUDED,CONTEXT_ONLY,29f74d12e4a522352868297c1661224c5d444f2829f1cae6866c8b2d1968e721,f382c7900331c0be2f56b95f8fd95ed77f86dd5d4b06239da078e03d180eee4d
d_274,train,drowsy,True,True,True,True,32,100,COMPLETE,COMPLETE,BOTH,29f74d12e4a522352868297c1661224c5d444f2829f1cae6866c8b2d1968e721,f382c7900331c0be2f56b95f8fd95ed77f86dd5d4b06239da078e03d180eee4d
d_276,train,drowsy,True,True,True,True,32,100,COMPLETE,COMPLETE,BOTH,29f74d12e4a522352868297c1661224c5d444f2829f1cae6866c8b2d1968e721,f382c7900331c0be2f56b95f8fd95ed77f86dd5d4b06239da078e03d180eee4d
d_277,train,drowsy,True,True,True,True,32,100,COMPLETE,COMPLETE,BOTH,29f74d12e4a522352868297c1661224c5d444f2829f1cae6866c8b2d1968e721,f382c7900331c0be2f56b95f8fd95ed77f86dd5d4b06239da078e03d180eee4d
d_278,train,drowsy,True,True,True,True,32,100,COMPLETE,COMPLETE,BOTH,29f74d12e4a522352868297c1661224c5d444f2829f1cae6866c8b2d1968e721,f382c7900331c0be2f56b95f8fd95ed77f86dd5d4b06239da078e03d180eee4d
d_279,train,drowsy,True,True,True,True,32,100,COMPLETE,COMPLETE,BOTH,29f74d12e4a522352868297c1661224c5d444f2829f1cae6866c8b2d1968e721,f382c7900331c0be2f56b95f8fd95ed77f86dd5d4b06239da078e03d180eee4d
d_28,train,drowsy,True,True,True,True,32,100,COMPLETE,COMPLETE,BOTH,29f74d12e4a522352868297c1661224c5d444f2829f1cae6866c8b2d1968e721,f382c7900331c0be2f56b95f8fd95ed77f86dd5d4b06239da078e03d180eee4d
d_280,val,drowsy,True,True,True,True,32,100,COMPLETE,COMPLETE,BOTH,29f74d12e4a522352868297c1661224c5d444f2829f1cae6866c8b2d1968e721,f382c7900331c0be2f56b95f8fd95ed77f86dd5d4b06239da078e03d180eee4d
d_281,train,drowsy,True,True,True,True,32,100,COMPLETE,COMPLETE,BOTH,29f74d12e4a522352868297c1661224c5d444f2829f1cae6866c8b2d1968e721,f382c7900331c0be2f56b95f8fd95ed77f86dd5d4b06239da078e03d180eee4d
d_282,train,drowsy,True,True,True,True,32,100,COMPLETE,COMPLETE,BOTH,29f74d12e4a522352868297c1661224c5d444f2829f1cae6866c8b2d1968e721,f382c7900331c0be2f56b95f8fd95ed77f86dd5d4b06239da078e03d180eee4d
d_283,val,drowsy,True,True,True,True,32,100,COMPLETE,COMPLETE,BOTH,29f74d12e4a522352868297c1661224c5d444f2829f1cae6866c8b2d1968e721,f382c7900331c0be2f56b95f8fd95ed77f86dd5d4b06239da078e03d180eee4d
d_284,train,drowsy,True,True,True,True,32,100,COMPLETE,COMPLETE,BOTH,29f74d12e4a522352868297c1661224c5d444f2829f1cae6866c8b2d1968e721,f382c7900331c0be2f56b95f8fd95ed77f86dd5d4b06239da078e03d180eee4d
d_285,train,drowsy,False,False,False,False,0,0,EXCLUDED,EXCLUDED,NEITHER,29f74d12e4a522352868297c1661224c5d444f2829f1cae6866c8b2d1968e721,f382c7900331c0be2f56b95f8fd95ed77f86dd5d4b06239da078e03d180eee4d
d_286,train,drowsy,True,True,True,True,32,100,COMPLETE,COMPLETE,BOTH,29f74d12e4a522352868297c1661224c5d444f2829f1cae6866c8b2d1968e721,f382c7900331c0be2f56b95f8fd95ed77f86dd5d4b06239da078e03d180eee4d
d_287,train,drowsy,True,False,True,False,32,0,COMPLETE,EXCLUDED,CONTEXT_ONLY,29f74d12e4a522352868297c1661224c5d444f2829f1cae6866c8b2d1968e721,f382c7900331c0be2f56b95f8fd95ed77f86dd5d4b06239da078e03d180eee4d
d_288,train,drowsy,True,True,True,True,32,100,COMPLETE,COMPLETE,BOTH,29f74d12e4a522352868297c1661224c5d444f2829f1cae6866c8b2d1968e721,f382c7900331c0be2f56b95f8fd95ed77f86dd5d4b06239da078e03d180eee4d
d_289,train,drowsy,True,True,True,True,32,100,COMPLETE,COMPLETE,BOTH,29f74d12e4a522352868297c1661224c5d444f2829f1cae6866c8b2d1968e721,f382c7900331c0be2f56b95f8fd95ed77f86dd5d4b06239da078e03d180eee4d
d_29,train,drowsy,True,True,True,True,32,100,COMPLETE,COMPLETE,BOTH,29f74d12e4a522352868297c1661224c5d444f2829f1cae6866c8b2d1968e721,f382c7900331c0be2f56b95f8fd95ed77f86dd5d4b06239da078e03d180eee4d
d_290,train,drowsy,True,True,True,True,32,100,COMPLETE,COMPLETE,BOTH,29f74d12e4a522352868297c1661224c5d444f2829f1cae6866c8b2d1968e721,f382c7900331c0be2f56b95f8fd95ed77f86dd5d4b06239da078e03d180eee4d
d_291,train,drowsy,True,True,True,True,32,100,COMPLETE,COMPLETE,BOTH,29f74d12e4a522352868297c1661224c5d444f2829f1cae6866c8b2d1968e721,f382c7900331c0be2f56b95f8fd95ed77f86dd5d4b06239da078e03d180eee4d
d_292,train,drowsy,True,False,True,False,32,0,COMPLETE,EXCLUDED,CONTEXT_ONLY,29f74d12e4a522352868297c1661224c5d444f2829f1cae6866c8b2d1968e721,f382c7900331c0be2f56b95f8fd95ed77f86dd5d4b06239da078e03d180eee4d
d_293,val,drowsy,True,False,True,False,32,0,COMPLETE,EXCLUDED,CONTEXT_ONLY,29f74d12e4a522352868297c1661224c5d444f2829f1cae6866c8b2d1968e721,f382c7900331c0be2f56b95f8fd95ed77f86dd5d4b06239da078e03d180eee4d
d_294,train,drowsy,True,True,True,True,32,100,COMPLETE,COMPLETE,BOTH,29f74d12e4a522352868297c1661224c5d444f2829f1cae6866c8b2d1968e721,f382c7900331c0be2f56b95f8fd95ed77f86dd5d4b06239da078e03d180eee4d
d_296,train,drowsy,False,False,False,False,0,0,EXCLUDED,EXCLUDED,NEITHER,29f74d12e4a522352868297c1661224c5d444f2829f1cae6866c8b2d1968e721,f382c7900331c0be2f56b95f8fd95ed77f86dd5d4b06239da078e03d180eee4d
d_297,train,drowsy,True,True,True,True,32,100,COMPLETE,COMPLETE,BOTH,29f74d12e4a522352868297c1661224c5d444f2829f1cae6866c8b2d1968e721,f382c7900331c0be2f56b95f8fd95ed77f86dd5d4b06239da078e03d180eee4d
d_298,train,drowsy,True,True,True,True,32,100,COMPLETE,COMPLETE,BOTH,29f74d12e4a522352868297c1661224c5d444f2829f1cae6866c8b2d1968e721,f382c7900331c0be2f56b95f8fd95ed77f86dd5d4b06239da078e03d180eee4d
d_299,train,drowsy,True,True,True,True,32,100,COMPLETE,COMPLETE,BOTH,29f74d12e4a522352868297c1661224c5d444f2829f1cae6866c8b2d1968e721,f382c7900331c0be2f56b95f8fd95ed77f86dd5d4b06239da078e03d180eee4d
d_30,train,drowsy,True,True,True,True,32,100,COMPLETE,COMPLETE,BOTH,29f74d12e4a522352868297c1661224c5d444f2829f1cae6866c8b2d1968e721,f382c7900331c0be2f56b95f8fd95ed77f86dd5d4b06239da078e03d180eee4d
d_300,train,drowsy,True,True,True,True,32,100,COMPLETE,COMPLETE,BOTH,29f74d12e4a522352868297c1661224c5d444f2829f1cae6866c8b2d1968e721,f382c7900331c0be2f56b95f8fd95ed77f86dd5d4b06239da078e03d180eee4d
d_301,train,drowsy,True,True,True,True,32,100,COMPLETE,COMPLETE,BOTH,29f74d12e4a522352868297c1661224c5d444f2829f1cae6866c8b2d1968e721,f382c7900331c0be2f56b95f8fd95ed77f86dd5d4b06239da078e03d180eee4d
d_304,train,drowsy,True,True,True,True,32,100,COMPLETE,COMPLETE,BOTH,29f74d12e4a522352868297c1661224c5d444f2829f1cae6866c8b2d1968e721,f382c7900331c0be2f56b95f8fd95ed77f86dd5d4b06239da078e03d180eee4d
d_305,train,drowsy,True,True,True,True,32,100,COMPLETE,COMPLETE,BOTH,29f74d12e4a522352868297c1661224c5d444f2829f1cae6866c8b2d1968e721,f382c7900331c0be2f56b95f8fd95ed77f86dd5d4b06239da078e03d180eee4d
d_306,val,drowsy,True,True,True,True,32,100,COMPLETE,COMPLETE,BOTH,29f74d12e4a522352868297c1661224c5d444f2829f1cae6866c8b2d1968e721,f382c7900331c0be2f56b95f8fd95ed77f86dd5d4b06239da078e03d180eee4d
d_307,val,drowsy,True,True,True,True,32,100,COMPLETE,COMPLETE,BOTH,29f74d12e4a522352868297c1661224c5d444f2829f1cae6866c8b2d1968e721,f382c7900331c0be2f56b95f8fd95ed77f86dd5d4b06239da078e03d180eee4d
d_308,train,drowsy,True,True,True,True,32,100,COMPLETE,COMPLETE,BOTH,29f74d12e4a522352868297c1661224c5d444f2829f1cae6866c8b2d1968e721,f382c7900331c0be2f56b95f8fd95ed77f86dd5d4b06239da078e03d180eee4d
d_309,train,drowsy,True,False,True,False,32,0,COMPLETE,EXCLUDED,CONTEXT_ONLY,29f74d12e4a522352868297c1661224c5d444f2829f1cae6866c8b2d1968e721,f382c7900331c0be2f56b95f8fd95ed77f86dd5d4b06239da078e03d180eee4d
d_310,train,drowsy,True,True,True,True,32,100,COMPLETE,COMPLETE,BOTH,29f74d12e4a522352868297c1661224c5d444f2829f1cae6866c8b2d1968e721,f382c7900331c0be2f56b95f8fd95ed77f86dd5d4b06239da078e03d180eee4d
d_311,train,drowsy,True,True,True,True,32,100,COMPLETE,COMPLETE,BOTH,29f74d12e4a522352868297c1661224c5d444f2829f1cae6866c8b2d1968e721,f382c7900331c0be2f56b95f8fd95ed77f86dd5d4b06239da078e03d180eee4d
d_312,train,drowsy,True,True,True,True,32,100,COMPLETE,COMPLETE,BOTH,29f74d12e4a522352868297c1661224c5d444f2829f1cae6866c8b2d1968e721,f382c7900331c0be2f56b95f8fd95ed77f86dd5d4b06239da078e03d180eee4d
d_313,train,drowsy,True,True,True,True,32,100,COMPLETE,COMPLETE,BOTH,29f74d12e4a522352868297c1661224c5d444f2829f1cae6866c8b2d1968e721,f382c7900331c0be2f56b95f8fd95ed77f86dd5d4b06239da078e03d180eee4d
d_314,val,drowsy,True,False,True,False,32,0,COMPLETE,EXCLUDED,CONTEXT_ONLY,29f74d12e4a522352868297c1661224c5d444f2829f1cae6866c8b2d1968e721,f382c7900331c0be2f56b95f8fd95ed77f86dd5d4b06239da078e03d180eee4d
d_315,train,drowsy,True,True,True,True,32,100,COMPLETE,COMPLETE,BOTH,29f74d12e4a522352868297c1661224c5d444f2829f1cae6866c8b2d1968e721,f382c7900331c0be2f56b95f8fd95ed77f86dd5d4b06239da078e03d180eee4d
d_316,train,drowsy,True,True,True,True,32,100,COMPLETE,COMPLETE,BOTH,29f74d12e4a522352868297c1661224c5d444f2829f1cae6866c8b2d1968e721,f382c7900331c0be2f56b95f8fd95ed77f86dd5d4b06239da078e03d180eee4d
d_317,train,drowsy,True,True,True,True,32,100,COMPLETE,COMPLETE,BOTH,29f74d12e4a522352868297c1661224c5d444f2829f1cae6866c8b2d1968e721,f382c7900331c0be2f56b95f8fd95ed77f86dd5d4b06239da078e03d180eee4d
d_318,train,drowsy,True,False,True,False,32,0,COMPLETE,EXCLUDED,CONTEXT_ONLY,29f74d12e4a522352868297c1661224c5d444f2829f1cae6866c8b2d1968e721,f382c7900331c0be2f56b95f8fd95ed77f86dd5d4b06239da078e03d180eee4d
d_319,val,drowsy,True,True,True,True,32,100,COMPLETE,COMPLETE,BOTH,29f74d12e4a522352868297c1661224c5d444f2829f1cae6866c8b2d1968e721,f382c7900331c0be2f56b95f8fd95ed77f86dd5d4b06239da078e03d180eee4d
d_32,train,drowsy,True,True,True,True,32,100,COMPLETE,COMPLETE,BOTH,29f74d12e4a522352868297c1661224c5d444f2829f1cae6866c8b2d1968e721,f382c7900331c0be2f56b95f8fd95ed77f86dd5d4b06239da078e03d180eee4d
d_320,val,drowsy,True,True,True,True,32,100,COMPLETE,COMPLETE,BOTH,29f74d12e4a522352868297c1661224c5d444f2829f1cae6866c8b2d1968e721,f382c7900331c0be2f56b95f8fd95ed77f86dd5d4b06239da078e03d180eee4d
d_321,train,drowsy,True,False,True,False,32,0,COMPLETE,EXCLUDED,CONTEXT_ONLY,29f74d12e4a522352868297c1661224c5d444f2829f1cae6866c8b2d1968e721,f382c7900331c0be2f56b95f8fd95ed77f86dd5d4b06239da078e03d180eee4d
d_322,val,drowsy,True,True,True,True,32,100,COMPLETE,COMPLETE,BOTH,29f74d12e4a522352868297c1661224c5d444f2829f1cae6866c8b2d1968e721,f382c7900331c0be2f56b95f8fd95ed77f86dd5d4b06239da078e03d180eee4d
d_323,val,drowsy,True,True,True,True,32,100,COMPLETE,COMPLETE,BOTH,29f74d12e4a522352868297c1661224c5d444f2829f1cae6866c8b2d1968e721,f382c7900331c0be2f56b95f8fd95ed77f86dd5d4b06239da078e03d180eee4d
d_324,val,drowsy,True,True,True,True,32,100,COMPLETE,COMPLETE,BOTH,29f74d12e4a522352868297c1661224c5d444f2829f1cae6866c8b2d1968e721,f382c7900331c0be2f56b95f8fd95ed77f86dd5d4b06239da078e03d180eee4d
d_325,train,drowsy,True,True,True,True,32,100,COMPLETE,COMPLETE,BOTH,29f74d12e4a522352868297c1661224c5d444f2829f1cae6866c8b2d1968e721,f382c7900331c0be2f56b95f8fd95ed77f86dd5d4b06239da078e03d180eee4d
d_327,train,drowsy,True,True,True,True,32,100,COMPLETE,COMPLETE,BOTH,29f74d12e4a522352868297c1661224c5d444f2829f1cae6866c8b2d1968e721,f382c7900331c0be2f56b95f8fd95ed77f86dd5d4b06239da078e03d180eee4d
d_328,train,drowsy,True,True,True,True,32,100,COMPLETE,COMPLETE,BOTH,29f74d12e4a522352868297c1661224c5d444f2829f1cae6866c8b2d1968e721,f382c7900331c0be2f56b95f8fd95ed77f86dd5d4b06239da078e03d180eee4d
d_329,train,drowsy,False,False,False,False,0,0,EXCLUDED,EXCLUDED,NEITHER,29f74d12e4a522352868297c1661224c5d444f2829f1cae6866c8b2d1968e721,f382c7900331c0be2f56b95f8fd95ed77f86dd5d4b06239da078e03d180eee4d
d_33,val,drowsy,True,True,True,True,32,100,COMPLETE,COMPLETE,BOTH,29f74d12e4a522352868297c1661224c5d444f2829f1cae6866c8b2d1968e721,f382c7900331c0be2f56b95f8fd95ed77f86dd5d4b06239da078e03d180eee4d
d_330,train,drowsy,False,False,False,False,0,0,EXCLUDED,EXCLUDED,NEITHER,29f74d12e4a522352868297c1661224c5d444f2829f1cae6866c8b2d1968e721,f382c7900331c0be2f56b95f8fd95ed77f86dd5d4b06239da078e03d180eee4d
d_331,val,drowsy,False,False,False,False,0,0,EXCLUDED,EXCLUDED,NEITHER,29f74d12e4a522352868297c1661224c5d444f2829f1cae6866c8b2d1968e721,f382c7900331c0be2f56b95f8fd95ed77f86dd5d4b06239da078e03d180eee4d
d_333,train,drowsy,True,True,True,True,32,100,COMPLETE,COMPLETE,BOTH,29f74d12e4a522352868297c1661224c5d444f2829f1cae6866c8b2d1968e721,f382c7900331c0be2f56b95f8fd95ed77f86dd5d4b06239da078e03d180eee4d
d_334,train,drowsy,True,True,True,True,32,100,COMPLETE,COMPLETE,BOTH,29f74d12e4a522352868297c1661224c5d444f2829f1cae6866c8b2d1968e721,f382c7900331c0be2f56b95f8fd95ed77f86dd5d4b06239da078e03d180eee4d
d_335,train,drowsy,True,True,True,True,32,100,COMPLETE,COMPLETE,BOTH,29f74d12e4a522352868297c1661224c5d444f2829f1cae6866c8b2d1968e721,f382c7900331c0be2f56b95f8fd95ed77f86dd5d4b06239da078e03d180eee4d
d_337,train,drowsy,True,False,True,False,32,0,COMPLETE,EXCLUDED,CONTEXT_ONLY,29f74d12e4a522352868297c1661224c5d444f2829f1cae6866c8b2d1968e721,f382c7900331c0be2f56b95f8fd95ed77f86dd5d4b06239da078e03d180eee4d
d_338,train,drowsy,True,True,True,True,32,100,COMPLETE,COMPLETE,BOTH,29f74d12e4a522352868297c1661224c5d444f2829f1cae6866c8b2d1968e721,f382c7900331c0be2f56b95f8fd95ed77f86dd5d4b06239da078e03d180eee4d
d_339,train,drowsy,True,False,True,False,32,0,COMPLETE,EXCLUDED,CONTEXT_ONLY,29f74d12e4a522352868297c1661224c5d444f2829f1cae6866c8b2d1968e721,f382c7900331c0be2f56b95f8fd95ed77f86dd5d4b06239da078e03d180eee4d
d_34,val,drowsy,True,True,True,True,32,100,COMPLETE,COMPLETE,BOTH,29f74d12e4a522352868297c1661224c5d444f2829f1cae6866c8b2d1968e721,f382c7900331c0be2f56b95f8fd95ed77f86dd5d4b06239da078e03d180eee4d
d_340,train,drowsy,False,False,False,False,0,0,EXCLUDED,EXCLUDED,NEITHER,29f74d12e4a522352868297c1661224c5d444f2829f1cae6866c8b2d1968e721,f382c7900331c0be2f56b95f8fd95ed77f86dd5d4b06239da078e03d180eee4d
d_341,val,drowsy,True,True,True,True,32,100,COMPLETE,COMPLETE,BOTH,29f74d12e4a522352868297c1661224c5d444f2829f1cae6866c8b2d1968e721,f382c7900331c0be2f56b95f8fd95ed77f86dd5d4b06239da078e03d180eee4d
d_342,val,drowsy,True,True,True,True,32,100,COMPLETE,COMPLETE,BOTH,29f74d12e4a522352868297c1661224c5d444f2829f1cae6866c8b2d1968e721,f382c7900331c0be2f56b95f8fd95ed77f86dd5d4b06239da078e03d180eee4d
d_343,train,drowsy,True,True,True,True,32,100,COMPLETE,COMPLETE,BOTH,29f74d12e4a522352868297c1661224c5d444f2829f1cae6866c8b2d1968e721,f382c7900331c0be2f56b95f8fd95ed77f86dd5d4b06239da078e03d180eee4d
d_344,train,drowsy,True,False,True,False,32,0,COMPLETE,EXCLUDED,CONTEXT_ONLY,29f74d12e4a522352868297c1661224c5d444f2829f1cae6866c8b2d1968e721,f382c7900331c0be2f56b95f8fd95ed77f86dd5d4b06239da078e03d180eee4d
d_345,train,drowsy,False,False,False,False,0,0,EXCLUDED,EXCLUDED,NEITHER,29f74d12e4a522352868297c1661224c5d444f2829f1cae6866c8b2d1968e721,f382c7900331c0be2f56b95f8fd95ed77f86dd5d4b06239da078e03d180eee4d
d_346,train,drowsy,True,True,True,True,32,100,COMPLETE,COMPLETE,BOTH,29f74d12e4a522352868297c1661224c5d444f2829f1cae6866c8b2d1968e721,f382c7900331c0be2f56b95f8fd95ed77f86dd5d4b06239da078e03d180eee4d
d_347,train,drowsy,True,True,True,True,32,100,COMPLETE,COMPLETE,BOTH,29f74d12e4a522352868297c1661224c5d444f2829f1cae6866c8b2d1968e721,f382c7900331c0be2f56b95f8fd95ed77f86dd5d4b06239da078e03d180eee4d
d_348,train,drowsy,True,True,True,True,32,100,COMPLETE,COMPLETE,BOTH,29f74d12e4a522352868297c1661224c5d444f2829f1cae6866c8b2d1968e721,f382c7900331c0be2f56b95f8fd95ed77f86dd5d4b06239da078e03d180eee4d
d_349,val,drowsy,False,False,False,False,0,0,EXCLUDED,EXCLUDED,NEITHER,29f74d12e4a522352868297c1661224c5d444f2829f1cae6866c8b2d1968e721,f382c7900331c0be2f56b95f8fd95ed77f86dd5d4b06239da078e03d180eee4d
d_35,train,drowsy,True,True,True,True,32,100,COMPLETE,COMPLETE,BOTH,29f74d12e4a522352868297c1661224c5d444f2829f1cae6866c8b2d1968e721,f382c7900331c0be2f56b95f8fd95ed77f86dd5d4b06239da078e03d180eee4d
d_351,train,drowsy,True,True,True,True,32,100,COMPLETE,COMPLETE,BOTH,29f74d12e4a522352868297c1661224c5d444f2829f1cae6866c8b2d1968e721,f382c7900331c0be2f56b95f8fd95ed77f86dd5d4b06239da078e03d180eee4d
d_352,train,drowsy,True,True,True,True,32,100,COMPLETE,COMPLETE,BOTH,29f74d12e4a522352868297c1661224c5d444f2829f1cae6866c8b2d1968e721,f382c7900331c0be2f56b95f8fd95ed77f86dd5d4b06239da078e03d180eee4d
d_353,train,drowsy,True,True,True,True,32,100,COMPLETE,COMPLETE,BOTH,29f74d12e4a522352868297c1661224c5d444f2829f1cae6866c8b2d1968e721,f382c7900331c0be2f56b95f8fd95ed77f86dd5d4b06239da078e03d180eee4d
d_354,train,drowsy,True,True,True,True,32,100,COMPLETE,COMPLETE,BOTH,29f74d12e4a522352868297c1661224c5d444f2829f1cae6866c8b2d1968e721,f382c7900331c0be2f56b95f8fd95ed77f86dd5d4b06239da078e03d180eee4d
d_355,train,drowsy,True,True,True,True,32,100,COMPLETE,COMPLETE,BOTH,29f74d12e4a522352868297c1661224c5d444f2829f1cae6866c8b2d1968e721,f382c7900331c0be2f56b95f8fd95ed77f86dd5d4b06239da078e03d180eee4d
d_356,train,drowsy,True,True,True,True,32,100,COMPLETE,COMPLETE,BOTH,29f74d12e4a522352868297c1661224c5d444f2829f1cae6866c8b2d1968e721,f382c7900331c0be2f56b95f8fd95ed77f86dd5d4b06239da078e03d180eee4d
d_357,train,drowsy,True,True,True,True,32,100,COMPLETE,COMPLETE,BOTH,29f74d12e4a522352868297c1661224c5d444f2829f1cae6866c8b2d1968e721,f382c7900331c0be2f56b95f8fd95ed77f86dd5d4b06239da078e03d180eee4d
d_358,train,drowsy,True,True,True,True,32,100,COMPLETE,COMPLETE,BOTH,29f74d12e4a522352868297c1661224c5d444f2829f1cae6866c8b2d1968e721,f382c7900331c0be2f56b95f8fd95ed77f86dd5d4b06239da078e03d180eee4d
d_359,train,drowsy,True,True,True,True,32,100,COMPLETE,COMPLETE,BOTH,29f74d12e4a522352868297c1661224c5d444f2829f1cae6866c8b2d1968e721,f382c7900331c0be2f56b95f8fd95ed77f86dd5d4b06239da078e03d180eee4d
d_36,train,drowsy,True,True,True,True,32,100,COMPLETE,COMPLETE,BOTH,29f74d12e4a522352868297c1661224c5d444f2829f1cae6866c8b2d1968e721,f382c7900331c0be2f56b95f8fd95ed77f86dd5d4b06239da078e03d180eee4d
d_360,train,drowsy,True,True,True,True,32,100,COMPLETE,COMPLETE,BOTH,29f74d12e4a522352868297c1661224c5d444f2829f1cae6866c8b2d1968e721,f382c7900331c0be2f56b95f8fd95ed77f86dd5d4b06239da078e03d180eee4d
d_361,val,drowsy,True,True,True,True,32,100,COMPLETE,COMPLETE,BOTH,29f74d12e4a522352868297c1661224c5d444f2829f1cae6866c8b2d1968e721,f382c7900331c0be2f56b95f8fd95ed77f86dd5d4b06239da078e03d180eee4d
d_363,train,drowsy,True,True,True,True,32,100,COMPLETE,COMPLETE,BOTH,29f74d12e4a522352868297c1661224c5d444f2829f1cae6866c8b2d1968e721,f382c7900331c0be2f56b95f8fd95ed77f86dd5d4b06239da078e03d180eee4d
d_364,train,drowsy,True,True,True,True,32,100,COMPLETE,COMPLETE,BOTH,29f74d12e4a522352868297c1661224c5d444f2829f1cae6866c8b2d1968e721,f382c7900331c0be2f56b95f8fd95ed77f86dd5d4b06239da078e03d180eee4d
d_365,train,drowsy,True,True,True,True,32,100,COMPLETE,COMPLETE,BOTH,29f74d12e4a522352868297c1661224c5d444f2829f1cae6866c8b2d1968e721,f382c7900331c0be2f56b95f8fd95ed77f86dd5d4b06239da078e03d180eee4d
d_366,val,drowsy,True,True,True,True,32,100,COMPLETE,COMPLETE,BOTH,29f74d12e4a522352868297c1661224c5d444f2829f1cae6866c8b2d1968e721,f382c7900331c0be2f56b95f8fd95ed77f86dd5d4b06239da078e03d180eee4d
d_367,train,drowsy,True,True,True,True,32,100,COMPLETE,COMPLETE,BOTH,29f74d12e4a522352868297c1661224c5d444f2829f1cae6866c8b2d1968e721,f382c7900331c0be2f56b95f8fd95ed77f86dd5d4b06239da078e03d180eee4d
d_368,train,drowsy,True,True,True,True,32,100,COMPLETE,COMPLETE,BOTH,29f74d12e4a522352868297c1661224c5d444f2829f1cae6866c8b2d1968e721,f382c7900331c0be2f56b95f8fd95ed77f86dd5d4b06239da078e03d180eee4d
d_369,train,drowsy,True,True,True,True,32,100,COMPLETE,COMPLETE,BOTH,29f74d12e4a522352868297c1661224c5d444f2829f1cae6866c8b2d1968e721,f382c7900331c0be2f56b95f8fd95ed77f86dd5d4b06239da078e03d180eee4d
d_37,train,drowsy,True,True,True,True,32,100,COMPLETE,COMPLETE,BOTH,29f74d12e4a522352868297c1661224c5d444f2829f1cae6866c8b2d1968e721,f382c7900331c0be2f56b95f8fd95ed77f86dd5d4b06239da078e03d180eee4d
d_370,val,drowsy,True,True,True,True,32,100,COMPLETE,COMPLETE,BOTH,29f74d12e4a522352868297c1661224c5d444f2829f1cae6866c8b2d1968e721,f382c7900331c0be2f56b95f8fd95ed77f86dd5d4b06239da078e03d180eee4d
d_371,val,drowsy,True,True,True,True,32,100,COMPLETE,COMPLETE,BOTH,29f74d12e4a522352868297c1661224c5d444f2829f1cae6866c8b2d1968e721,f382c7900331c0be2f56b95f8fd95ed77f86dd5d4b06239da078e03d180eee4d
d_373,train,drowsy,True,True,True,True,32,100,COMPLETE,COMPLETE,BOTH,29f74d12e4a522352868297c1661224c5d444f2829f1cae6866c8b2d1968e721,f382c7900331c0be2f56b95f8fd95ed77f86dd5d4b06239da078e03d180eee4d
d_374,train,drowsy,True,True,True,True,32,100,COMPLETE,COMPLETE,BOTH,29f74d12e4a522352868297c1661224c5d444f2829f1cae6866c8b2d1968e721,f382c7900331c0be2f56b95f8fd95ed77f86dd5d4b06239da078e03d180eee4d
d_376,train,drowsy,True,True,True,True,32,100,COMPLETE,COMPLETE,BOTH,29f74d12e4a522352868297c1661224c5d444f2829f1cae6866c8b2d1968e721,f382c7900331c0be2f56b95f8fd95ed77f86dd5d4b06239da078e03d180eee4d
d_377,val,drowsy,True,True,True,True,32,100,COMPLETE,COMPLETE,BOTH,29f74d12e4a522352868297c1661224c5d444f2829f1cae6866c8b2d1968e721,f382c7900331c0be2f56b95f8fd95ed77f86dd5d4b06239da078e03d180eee4d
d_379,train,drowsy,True,True,True,True,32,100,COMPLETE,COMPLETE,BOTH,29f74d12e4a522352868297c1661224c5d444f2829f1cae6866c8b2d1968e721,f382c7900331c0be2f56b95f8fd95ed77f86dd5d4b06239da078e03d180eee4d
d_38,val,drowsy,True,True,True,True,32,100,COMPLETE,COMPLETE,BOTH,29f74d12e4a522352868297c1661224c5d444f2829f1cae6866c8b2d1968e721,f382c7900331c0be2f56b95f8fd95ed77f86dd5d4b06239da078e03d180eee4d
d_381,train,drowsy,True,True,True,True,32,100,COMPLETE,COMPLETE,BOTH,29f74d12e4a522352868297c1661224c5d444f2829f1cae6866c8b2d1968e721,f382c7900331c0be2f56b95f8fd95ed77f86dd5d4b06239da078e03d180eee4d
d_382,train,drowsy,True,True,True,True,32,100,COMPLETE,COMPLETE,BOTH,29f74d12e4a522352868297c1661224c5d444f2829f1cae6866c8b2d1968e721,f382c7900331c0be2f56b95f8fd95ed77f86dd5d4b06239da078e03d180eee4d
d_383,train,drowsy,True,True,True,True,32,100,COMPLETE,COMPLETE,BOTH,29f74d12e4a522352868297c1661224c5d444f2829f1cae6866c8b2d1968e721,f382c7900331c0be2f56b95f8fd95ed77f86dd5d4b06239da078e03d180eee4d
d_384,val,drowsy,True,False,True,False,32,0,COMPLETE,EXCLUDED,CONTEXT_ONLY,29f74d12e4a522352868297c1661224c5d444f2829f1cae6866c8b2d1968e721,f382c7900331c0be2f56b95f8fd95ed77f86dd5d4b06239da078e03d180eee4d
d_386,val,drowsy,True,True,True,True,32,100,COMPLETE,COMPLETE,BOTH,29f74d12e4a522352868297c1661224c5d444f2829f1cae6866c8b2d1968e721,f382c7900331c0be2f56b95f8fd95ed77f86dd5d4b06239da078e03d180eee4d
d_388,train,drowsy,True,True,True,True,32,100,COMPLETE,COMPLETE,BOTH,29f74d12e4a522352868297c1661224c5d444f2829f1cae6866c8b2d1968e721,f382c7900331c0be2f56b95f8fd95ed77f86dd5d4b06239da078e03d180eee4d
d_389,train,drowsy,True,True,True,True,32,100,COMPLETE,COMPLETE,BOTH,29f74d12e4a522352868297c1661224c5d444f2829f1cae6866c8b2d1968e721,f382c7900331c0be2f56b95f8fd95ed77f86dd5d4b06239da078e03d180eee4d
d_39,train,drowsy,True,True,True,True,32,100,COMPLETE,COMPLETE,BOTH,29f74d12e4a522352868297c1661224c5d444f2829f1cae6866c8b2d1968e721,f382c7900331c0be2f56b95f8fd95ed77f86dd5d4b06239da078e03d180eee4d
d_390,train,drowsy,True,True,True,True,32,100,COMPLETE,COMPLETE,BOTH,29f74d12e4a522352868297c1661224c5d444f2829f1cae6866c8b2d1968e721,f382c7900331c0be2f56b95f8fd95ed77f86dd5d4b06239da078e03d180eee4d
d_392,train,drowsy,True,True,True,True,32,100,COMPLETE,COMPLETE,BOTH,29f74d12e4a522352868297c1661224c5d444f2829f1cae6866c8b2d1968e721,f382c7900331c0be2f56b95f8fd95ed77f86dd5d4b06239da078e03d180eee4d
d_394,train,drowsy,True,True,True,True,32,100,COMPLETE,COMPLETE,BOTH,29f74d12e4a522352868297c1661224c5d444f2829f1cae6866c8b2d1968e721,f382c7900331c0be2f56b95f8fd95ed77f86dd5d4b06239da078e03d180eee4d
d_395,train,drowsy,True,True,True,True,32,100,COMPLETE,COMPLETE,BOTH,29f74d12e4a522352868297c1661224c5d444f2829f1cae6866c8b2d1968e721,f382c7900331c0be2f56b95f8fd95ed77f86dd5d4b06239da078e03d180eee4d
d_396,val,drowsy,True,True,True,True,32,100,COMPLETE,COMPLETE,BOTH,29f74d12e4a522352868297c1661224c5d444f2829f1cae6866c8b2d1968e721,f382c7900331c0be2f56b95f8fd95ed77f86dd5d4b06239da078e03d180eee4d
d_397,train,drowsy,True,True,True,True,32,100,COMPLETE,COMPLETE,BOTH,29f74d12e4a522352868297c1661224c5d444f2829f1cae6866c8b2d1968e721,f382c7900331c0be2f56b95f8fd95ed77f86dd5d4b06239da078e03d180eee4d
d_398,train,drowsy,True,True,True,True,32,100,COMPLETE,COMPLETE,BOTH,29f74d12e4a522352868297c1661224c5d444f2829f1cae6866c8b2d1968e721,f382c7900331c0be2f56b95f8fd95ed77f86dd5d4b06239da078e03d180eee4d
d_399,train,drowsy,True,True,True,True,32,100,COMPLETE,COMPLETE,BOTH,29f74d12e4a522352868297c1661224c5d444f2829f1cae6866c8b2d1968e721,f382c7900331c0be2f56b95f8fd95ed77f86dd5d4b06239da078e03d180eee4d
d_4,train,drowsy,True,True,True,True,32,100,COMPLETE,COMPLETE,BOTH,29f74d12e4a522352868297c1661224c5d444f2829f1cae6866c8b2d1968e721,f382c7900331c0be2f56b95f8fd95ed77f86dd5d4b06239da078e03d180eee4d
d_40,val,drowsy,True,True,True,True,32,100,COMPLETE,COMPLETE,BOTH,29f74d12e4a522352868297c1661224c5d444f2829f1cae6866c8b2d1968e721,f382c7900331c0be2f56b95f8fd95ed77f86dd5d4b06239da078e03d180eee4d
d_400,train,drowsy,True,True,True,True,32,100,COMPLETE,COMPLETE,BOTH,29f74d12e4a522352868297c1661224c5d444f2829f1cae6866c8b2d1968e721,f382c7900331c0be2f56b95f8fd95ed77f86dd5d4b06239da078e03d180eee4d
d_401,val,drowsy,True,True,True,True,32,100,COMPLETE,COMPLETE,BOTH,29f74d12e4a522352868297c1661224c5d444f2829f1cae6866c8b2d1968e721,f382c7900331c0be2f56b95f8fd95ed77f86dd5d4b06239da078e03d180eee4d
d_402,train,drowsy,True,True,True,True,32,100,COMPLETE,COMPLETE,BOTH,29f74d12e4a522352868297c1661224c5d444f2829f1cae6866c8b2d1968e721,f382c7900331c0be2f56b95f8fd95ed77f86dd5d4b06239da078e03d180eee4d
d_403,train,drowsy,True,True,True,True,32,100,COMPLETE,COMPLETE,BOTH,29f74d12e4a522352868297c1661224c5d444f2829f1cae6866c8b2d1968e721,f382c7900331c0be2f56b95f8fd95ed77f86dd5d4b06239da078e03d180eee4d
d_404,train,drowsy,True,True,True,True,32,100,COMPLETE,COMPLETE,BOTH,29f74d12e4a522352868297c1661224c5d444f2829f1cae6866c8b2d1968e721,f382c7900331c0be2f56b95f8fd95ed77f86dd5d4b06239da078e03d180eee4d
d_405,train,drowsy,True,True,True,True,32,100,COMPLETE,COMPLETE,BOTH,29f74d12e4a522352868297c1661224c5d444f2829f1cae6866c8b2d1968e721,f382c7900331c0be2f56b95f8fd95ed77f86dd5d4b06239da078e03d180eee4d
d_406,train,drowsy,True,True,True,True,32,100,COMPLETE,COMPLETE,BOTH,29f74d12e4a522352868297c1661224c5d444f2829f1cae6866c8b2d1968e721,f382c7900331c0be2f56b95f8fd95ed77f86dd5d4b06239da078e03d180eee4d
d_407,train,drowsy,True,True,True,True,32,100,COMPLETE,COMPLETE,BOTH,29f74d12e4a522352868297c1661224c5d444f2829f1cae6866c8b2d1968e721,f382c7900331c0be2f56b95f8fd95ed77f86dd5d4b06239da078e03d180eee4d
d_409,train,drowsy,True,True,True,True,32,100,COMPLETE,COMPLETE,BOTH,29f74d12e4a522352868297c1661224c5d444f2829f1cae6866c8b2d1968e721,f382c7900331c0be2f56b95f8fd95ed77f86dd5d4b06239da078e03d180eee4d
d_41,train,drowsy,True,True,True,True,32,100,COMPLETE,COMPLETE,BOTH,29f74d12e4a522352868297c1661224c5d444f2829f1cae6866c8b2d1968e721,f382c7900331c0be2f56b95f8fd95ed77f86dd5d4b06239da078e03d180eee4d
d_410,train,drowsy,True,True,True,True,32,100,COMPLETE,COMPLETE,BOTH,29f74d12e4a522352868297c1661224c5d444f2829f1cae6866c8b2d1968e721,f382c7900331c0be2f56b95f8fd95ed77f86dd5d4b06239da078e03d180eee4d
d_412,train,drowsy,True,True,True,True,32,100,COMPLETE,COMPLETE,BOTH,29f74d12e4a522352868297c1661224c5d444f2829f1cae6866c8b2d1968e721,f382c7900331c0be2f56b95f8fd95ed77f86dd5d4b06239da078e03d180eee4d
d_413,val,drowsy,True,True,True,True,32,100,COMPLETE,COMPLETE,BOTH,29f74d12e4a522352868297c1661224c5d444f2829f1cae6866c8b2d1968e721,f382c7900331c0be2f56b95f8fd95ed77f86dd5d4b06239da078e03d180eee4d
d_414,val,drowsy,True,True,True,True,32,100,COMPLETE,COMPLETE,BOTH,29f74d12e4a522352868297c1661224c5d444f2829f1cae6866c8b2d1968e721,f382c7900331c0be2f56b95f8fd95ed77f86dd5d4b06239da078e03d180eee4d
d_415,train,drowsy,True,True,True,True,32,100,COMPLETE,COMPLETE,BOTH,29f74d12e4a522352868297c1661224c5d444f2829f1cae6866c8b2d1968e721,f382c7900331c0be2f56b95f8fd95ed77f86dd5d4b06239da078e03d180eee4d
d_416,train,drowsy,True,True,True,True,32,100,COMPLETE,COMPLETE,BOTH,29f74d12e4a522352868297c1661224c5d444f2829f1cae6866c8b2d1968e721,f382c7900331c0be2f56b95f8fd95ed77f86dd5d4b06239da078e03d180eee4d
d_417,train,drowsy,True,True,True,True,32,100,COMPLETE,COMPLETE,BOTH,29f74d12e4a522352868297c1661224c5d444f2829f1cae6866c8b2d1968e721,f382c7900331c0be2f56b95f8fd95ed77f86dd5d4b06239da078e03d180eee4d
d_418,train,drowsy,True,True,True,True,32,100,COMPLETE,COMPLETE,BOTH,29f74d12e4a522352868297c1661224c5d444f2829f1cae6866c8b2d1968e721,f382c7900331c0be2f56b95f8fd95ed77f86dd5d4b06239da078e03d180eee4d
d_419,train,drowsy,True,True,True,True,32,100,COMPLETE,COMPLETE,BOTH,29f74d12e4a522352868297c1661224c5d444f2829f1cae6866c8b2d1968e721,f382c7900331c0be2f56b95f8fd95ed77f86dd5d4b06239da078e03d180eee4d
d_420,train,drowsy,True,True,True,True,32,100,COMPLETE,COMPLETE,BOTH,29f74d12e4a522352868297c1661224c5d444f2829f1cae6866c8b2d1968e721,f382c7900331c0be2f56b95f8fd95ed77f86dd5d4b06239da078e03d180eee4d
d_421,train,drowsy,True,True,True,True,32,100,COMPLETE,COMPLETE,BOTH,29f74d12e4a522352868297c1661224c5d444f2829f1cae6866c8b2d1968e721,f382c7900331c0be2f56b95f8fd95ed77f86dd5d4b06239da078e03d180eee4d
d_422,train,drowsy,True,True,True,True,32,100,COMPLETE,COMPLETE,BOTH,29f74d12e4a522352868297c1661224c5d444f2829f1cae6866c8b2d1968e721,f382c7900331c0be2f56b95f8fd95ed77f86dd5d4b06239da078e03d180eee4d
d_423,train,drowsy,True,True,True,True,32,100,COMPLETE,COMPLETE,BOTH,29f74d12e4a522352868297c1661224c5d444f2829f1cae6866c8b2d1968e721,f382c7900331c0be2f56b95f8fd95ed77f86dd5d4b06239da078e03d180eee4d
d_424,train,drowsy,True,True,True,True,32,100,COMPLETE,COMPLETE,BOTH,29f74d12e4a522352868297c1661224c5d444f2829f1cae6866c8b2d1968e721,f382c7900331c0be2f56b95f8fd95ed77f86dd5d4b06239da078e03d180eee4d
d_425,train,drowsy,True,True,True,True,32,100,COMPLETE,COMPLETE,BOTH,29f74d12e4a522352868297c1661224c5d444f2829f1cae6866c8b2d1968e721,f382c7900331c0be2f56b95f8fd95ed77f86dd5d4b06239da078e03d180eee4d
d_426,train,drowsy,True,True,True,True,32,100,COMPLETE,COMPLETE,BOTH,29f74d12e4a522352868297c1661224c5d444f2829f1cae6866c8b2d1968e721,f382c7900331c0be2f56b95f8fd95ed77f86dd5d4b06239da078e03d180eee4d
d_427,train,drowsy,True,True,True,True,32,100,COMPLETE,COMPLETE,BOTH,29f74d12e4a522352868297c1661224c5d444f2829f1cae6866c8b2d1968e721,f382c7900331c0be2f56b95f8fd95ed77f86dd5d4b06239da078e03d180eee4d
d_428,train,drowsy,True,True,True,True,32,100,COMPLETE,COMPLETE,BOTH,29f74d12e4a522352868297c1661224c5d444f2829f1cae6866c8b2d1968e721,f382c7900331c0be2f56b95f8fd95ed77f86dd5d4b06239da078e03d180eee4d
d_429,train,drowsy,True,True,True,True,32,100,COMPLETE,COMPLETE,BOTH,29f74d12e4a522352868297c1661224c5d444f2829f1cae6866c8b2d1968e721,f382c7900331c0be2f56b95f8fd95ed77f86dd5d4b06239da078e03d180eee4d
d_43,train,drowsy,True,True,True,True,32,100,COMPLETE,COMPLETE,BOTH,29f74d12e4a522352868297c1661224c5d444f2829f1cae6866c8b2d1968e721,f382c7900331c0be2f56b95f8fd95ed77f86dd5d4b06239da078e03d180eee4d
d_430,val,drowsy,True,True,True,True,32,100,COMPLETE,COMPLETE,BOTH,29f74d12e4a522352868297c1661224c5d444f2829f1cae6866c8b2d1968e721,f382c7900331c0be2f56b95f8fd95ed77f86dd5d4b06239da078e03d180eee4d
d_431,train,drowsy,True,True,True,True,32,100,COMPLETE,COMPLETE,BOTH,29f74d12e4a522352868297c1661224c5d444f2829f1cae6866c8b2d1968e721,f382c7900331c0be2f56b95f8fd95ed77f86dd5d4b06239da078e03d180eee4d
d_432,train,drowsy,True,True,True,True,32,100,COMPLETE,COMPLETE,BOTH,29f74d12e4a522352868297c1661224c5d444f2829f1cae6866c8b2d1968e721,f382c7900331c0be2f56b95f8fd95ed77f86dd5d4b06239da078e03d180eee4d
d_434,train,drowsy,True,True,True,True,32,100,COMPLETE,COMPLETE,BOTH,29f74d12e4a522352868297c1661224c5d444f2829f1cae6866c8b2d1968e721,f382c7900331c0be2f56b95f8fd95ed77f86dd5d4b06239da078e03d180eee4d
d_435,val,drowsy,True,True,True,True,32,100,COMPLETE,COMPLETE,BOTH,29f74d12e4a522352868297c1661224c5d444f2829f1cae6866c8b2d1968e721,f382c7900331c0be2f56b95f8fd95ed77f86dd5d4b06239da078e03d180eee4d
d_436,train,drowsy,True,True,True,True,32,100,COMPLETE,COMPLETE,BOTH,29f74d12e4a522352868297c1661224c5d444f2829f1cae6866c8b2d1968e721,f382c7900331c0be2f56b95f8fd95ed77f86dd5d4b06239da078e03d180eee4d
d_437,train,drowsy,True,True,True,True,32,100,COMPLETE,COMPLETE,BOTH,29f74d12e4a522352868297c1661224c5d444f2829f1cae6866c8b2d1968e721,f382c7900331c0be2f56b95f8fd95ed77f86dd5d4b06239da078e03d180eee4d
d_438,train,drowsy,True,True,True,True,32,100,COMPLETE,COMPLETE,BOTH,29f74d12e4a522352868297c1661224c5d444f2829f1cae6866c8b2d1968e721,f382c7900331c0be2f56b95f8fd95ed77f86dd5d4b06239da078e03d180eee4d
d_439,train,drowsy,True,True,True,True,32,100,COMPLETE,COMPLETE,BOTH,29f74d12e4a522352868297c1661224c5d444f2829f1cae6866c8b2d1968e721,f382c7900331c0be2f56b95f8fd95ed77f86dd5d4b06239da078e03d180eee4d
d_44,val,drowsy,True,True,True,True,32,100,COMPLETE,COMPLETE,BOTH,29f74d12e4a522352868297c1661224c5d444f2829f1cae6866c8b2d1968e721,f382c7900331c0be2f56b95f8fd95ed77f86dd5d4b06239da078e03d180eee4d
d_440,train,drowsy,True,False,True,False,32,0,COMPLETE,EXCLUDED,CONTEXT_ONLY,29f74d12e4a522352868297c1661224c5d444f2829f1cae6866c8b2d1968e721,f382c7900331c0be2f56b95f8fd95ed77f86dd5d4b06239da078e03d180eee4d
d_441,train,drowsy,True,True,True,True,32,100,COMPLETE,COMPLETE,BOTH,29f74d12e4a522352868297c1661224c5d444f2829f1cae6866c8b2d1968e721,f382c7900331c0be2f56b95f8fd95ed77f86dd5d4b06239da078e03d180eee4d
d_442,train,drowsy,True,True,True,True,32,100,COMPLETE,COMPLETE,BOTH,29f74d12e4a522352868297c1661224c5d444f2829f1cae6866c8b2d1968e721,f382c7900331c0be2f56b95f8fd95ed77f86dd5d4b06239da078e03d180eee4d
d_443,train,drowsy,True,True,True,True,32,100,COMPLETE,COMPLETE,BOTH,29f74d12e4a522352868297c1661224c5d444f2829f1cae6866c8b2d1968e721,f382c7900331c0be2f56b95f8fd95ed77f86dd5d4b06239da078e03d180eee4d
d_445,train,drowsy,True,True,True,True,32,100,COMPLETE,COMPLETE,BOTH,29f74d12e4a522352868297c1661224c5d444f2829f1cae6866c8b2d1968e721,f382c7900331c0be2f56b95f8fd95ed77f86dd5d4b06239da078e03d180eee4d
d_446,train,drowsy,True,True,True,True,32,100,COMPLETE,COMPLETE,BOTH,29f74d12e4a522352868297c1661224c5d444f2829f1cae6866c8b2d1968e721,f382c7900331c0be2f56b95f8fd95ed77f86dd5d4b06239da078e03d180eee4d
d_447,train,drowsy,True,True,True,True,32,100,COMPLETE,COMPLETE,BOTH,29f74d12e4a522352868297c1661224c5d444f2829f1cae6866c8b2d1968e721,f382c7900331c0be2f56b95f8fd95ed77f86dd5d4b06239da078e03d180eee4d
d_448,train,drowsy,True,True,True,True,32,100,COMPLETE,COMPLETE,BOTH,29f74d12e4a522352868297c1661224c5d444f2829f1cae6866c8b2d1968e721,f382c7900331c0be2f56b95f8fd95ed77f86dd5d4b06239da078e03d180eee4d
d_449,train,drowsy,True,True,True,True,32,100,COMPLETE,COMPLETE,BOTH,29f74d12e4a522352868297c1661224c5d444f2829f1cae6866c8b2d1968e721,f382c7900331c0be2f56b95f8fd95ed77f86dd5d4b06239da078e03d180eee4d
d_45,train,drowsy,True,True,True,True,32,100,COMPLETE,COMPLETE,BOTH,29f74d12e4a522352868297c1661224c5d444f2829f1cae6866c8b2d1968e721,f382c7900331c0be2f56b95f8fd95ed77f86dd5d4b06239da078e03d180eee4d
d_450,val,drowsy,True,True,True,True,32,100,COMPLETE,COMPLETE,BOTH,29f74d12e4a522352868297c1661224c5d444f2829f1cae6866c8b2d1968e721,f382c7900331c0be2f56b95f8fd95ed77f86dd5d4b06239da078e03d180eee4d
d_451,train,drowsy,True,True,True,True,32,100,COMPLETE,COMPLETE,BOTH,29f74d12e4a522352868297c1661224c5d444f2829f1cae6866c8b2d1968e721,f382c7900331c0be2f56b95f8fd95ed77f86dd5d4b06239da078e03d180eee4d
d_452,train,drowsy,True,True,True,True,32,100,COMPLETE,COMPLETE,BOTH,29f74d12e4a522352868297c1661224c5d444f2829f1cae6866c8b2d1968e721,f382c7900331c0be2f56b95f8fd95ed77f86dd5d4b06239da078e03d180eee4d
d_455,val,drowsy,True,True,True,True,32,100,COMPLETE,COMPLETE,BOTH,29f74d12e4a522352868297c1661224c5d444f2829f1cae6866c8b2d1968e721,f382c7900331c0be2f56b95f8fd95ed77f86dd5d4b06239da078e03d180eee4d
d_456,train,drowsy,True,True,True,True,32,100,COMPLETE,COMPLETE,BOTH,29f74d12e4a522352868297c1661224c5d444f2829f1cae6866c8b2d1968e721,f382c7900331c0be2f56b95f8fd95ed77f86dd5d4b06239da078e03d180eee4d
d_457,train,drowsy,True,True,True,True,32,100,COMPLETE,COMPLETE,BOTH,29f74d12e4a522352868297c1661224c5d444f2829f1cae6866c8b2d1968e721,f382c7900331c0be2f56b95f8fd95ed77f86dd5d4b06239da078e03d180eee4d
d_458,train,drowsy,True,True,True,True,32,100,COMPLETE,COMPLETE,BOTH,29f74d12e4a522352868297c1661224c5d444f2829f1cae6866c8b2d1968e721,f382c7900331c0be2f56b95f8fd95ed77f86dd5d4b06239da078e03d180eee4d
d_459,train,drowsy,True,True,True,True,32,100,COMPLETE,COMPLETE,BOTH,29f74d12e4a522352868297c1661224c5d444f2829f1cae6866c8b2d1968e721,f382c7900331c0be2f56b95f8fd95ed77f86dd5d4b06239da078e03d180eee4d
d_46,train,drowsy,True,True,True,True,32,100,COMPLETE,COMPLETE,BOTH,29f74d12e4a522352868297c1661224c5d444f2829f1cae6866c8b2d1968e721,f382c7900331c0be2f56b95f8fd95ed77f86dd5d4b06239da078e03d180eee4d
d_460,train,drowsy,True,True,True,True,32,100,COMPLETE,COMPLETE,BOTH,29f74d12e4a522352868297c1661224c5d444f2829f1cae6866c8b2d1968e721,f382c7900331c0be2f56b95f8fd95ed77f86dd5d4b06239da078e03d180eee4d
d_461,train,drowsy,True,True,True,True,32,100,COMPLETE,COMPLETE,BOTH,29f74d12e4a522352868297c1661224c5d444f2829f1cae6866c8b2d1968e721,f382c7900331c0be2f56b95f8fd95ed77f86dd5d4b06239da078e03d180eee4d
d_462,val,drowsy,True,True,True,True,32,100,COMPLETE,COMPLETE,BOTH,29f74d12e4a522352868297c1661224c5d444f2829f1cae6866c8b2d1968e721,f382c7900331c0be2f56b95f8fd95ed77f86dd5d4b06239da078e03d180eee4d
d_463,train,drowsy,True,True,True,True,32,100,COMPLETE,COMPLETE,BOTH,29f74d12e4a522352868297c1661224c5d444f2829f1cae6866c8b2d1968e721,f382c7900331c0be2f56b95f8fd95ed77f86dd5d4b06239da078e03d180eee4d
d_464,val,drowsy,True,True,True,True,32,100,COMPLETE,COMPLETE,BOTH,29f74d12e4a522352868297c1661224c5d444f2829f1cae6866c8b2d1968e721,f382c7900331c0be2f56b95f8fd95ed77f86dd5d4b06239da078e03d180eee4d
d_465,train,drowsy,True,True,True,True,32,100,COMPLETE,COMPLETE,BOTH,29f74d12e4a522352868297c1661224c5d444f2829f1cae6866c8b2d1968e721,f382c7900331c0be2f56b95f8fd95ed77f86dd5d4b06239da078e03d180eee4d
d_466,train,drowsy,True,True,True,True,32,100,COMPLETE,COMPLETE,BOTH,29f74d12e4a522352868297c1661224c5d444f2829f1cae6866c8b2d1968e721,f382c7900331c0be2f56b95f8fd95ed77f86dd5d4b06239da078e03d180eee4d
d_467,train,drowsy,True,True,True,True,32,100,COMPLETE,COMPLETE,BOTH,29f74d12e4a522352868297c1661224c5d444f2829f1cae6866c8b2d1968e721,f382c7900331c0be2f56b95f8fd95ed77f86dd5d4b06239da078e03d180eee4d
d_468,train,drowsy,True,True,True,True,32,100,COMPLETE,COMPLETE,BOTH,29f74d12e4a522352868297c1661224c5d444f2829f1cae6866c8b2d1968e721,f382c7900331c0be2f56b95f8fd95ed77f86dd5d4b06239da078e03d180eee4d
d_469,train,drowsy,True,True,True,True,32,100,COMPLETE,COMPLETE,BOTH,29f74d12e4a522352868297c1661224c5d444f2829f1cae6866c8b2d1968e721,f382c7900331c0be2f56b95f8fd95ed77f86dd5d4b06239da078e03d180eee4d
d_470,train,drowsy,True,True,True,True,32,100,COMPLETE,COMPLETE,BOTH,29f74d12e4a522352868297c1661224c5d444f2829f1cae6866c8b2d1968e721,f382c7900331c0be2f56b95f8fd95ed77f86dd5d4b06239da078e03d180eee4d
d_471,train,drowsy,True,True,True,True,32,100,COMPLETE,COMPLETE,BOTH,29f74d12e4a522352868297c1661224c5d444f2829f1cae6866c8b2d1968e721,f382c7900331c0be2f56b95f8fd95ed77f86dd5d4b06239da078e03d180eee4d
d_472,train,drowsy,True,True,True,True,32,100,COMPLETE,COMPLETE,BOTH,29f74d12e4a522352868297c1661224c5d444f2829f1cae6866c8b2d1968e721,f382c7900331c0be2f56b95f8fd95ed77f86dd5d4b06239da078e03d180eee4d
d_473,train,drowsy,True,True,True,True,32,100,COMPLETE,COMPLETE,BOTH,29f74d12e4a522352868297c1661224c5d444f2829f1cae6866c8b2d1968e721,f382c7900331c0be2f56b95f8fd95ed77f86dd5d4b06239da078e03d180eee4d
d_474,train,drowsy,True,True,True,True,32,100,COMPLETE,COMPLETE,BOTH,29f74d12e4a522352868297c1661224c5d444f2829f1cae6866c8b2d1968e721,f382c7900331c0be2f56b95f8fd95ed77f86dd5d4b06239da078e03d180eee4d
d_475,train,drowsy,True,True,True,True,32,100,COMPLETE,COMPLETE,BOTH,29f74d12e4a522352868297c1661224c5d444f2829f1cae6866c8b2d1968e721,f382c7900331c0be2f56b95f8fd95ed77f86dd5d4b06239da078e03d180eee4d
d_476,val,drowsy,True,True,True,True,32,100,COMPLETE,COMPLETE,BOTH,29f74d12e4a522352868297c1661224c5d444f2829f1cae6866c8b2d1968e721,f382c7900331c0be2f56b95f8fd95ed77f86dd5d4b06239da078e03d180eee4d
d_477,train,drowsy,True,True,True,True,32,100,COMPLETE,COMPLETE,BOTH,29f74d12e4a522352868297c1661224c5d444f2829f1cae6866c8b2d1968e721,f382c7900331c0be2f56b95f8fd95ed77f86dd5d4b06239da078e03d180eee4d
d_479,val,drowsy,True,True,True,True,32,100,COMPLETE,COMPLETE,BOTH,29f74d12e4a522352868297c1661224c5d444f2829f1cae6866c8b2d1968e721,f382c7900331c0be2f56b95f8fd95ed77f86dd5d4b06239da078e03d180eee4d
d_480,train,drowsy,True,True,True,True,32,100,COMPLETE,COMPLETE,BOTH,29f74d12e4a522352868297c1661224c5d444f2829f1cae6866c8b2d1968e721,f382c7900331c0be2f56b95f8fd95ed77f86dd5d4b06239da078e03d180eee4d
d_481,train,drowsy,True,True,True,True,32,100,COMPLETE,COMPLETE,BOTH,29f74d12e4a522352868297c1661224c5d444f2829f1cae6866c8b2d1968e721,f382c7900331c0be2f56b95f8fd95ed77f86dd5d4b06239da078e03d180eee4d
d_483,train,drowsy,True,True,True,True,32,100,COMPLETE,COMPLETE,BOTH,29f74d12e4a522352868297c1661224c5d444f2829f1cae6866c8b2d1968e721,f382c7900331c0be2f56b95f8fd95ed77f86dd5d4b06239da078e03d180eee4d
d_484,train,drowsy,True,True,True,True,32,100,COMPLETE,COMPLETE,BOTH,29f74d12e4a522352868297c1661224c5d444f2829f1cae6866c8b2d1968e721,f382c7900331c0be2f56b95f8fd95ed77f86dd5d4b06239da078e03d180eee4d
d_486,train,drowsy,True,True,True,True,32,100,COMPLETE,COMPLETE,BOTH,29f74d12e4a522352868297c1661224c5d444f2829f1cae6866c8b2d1968e721,f382c7900331c0be2f56b95f8fd95ed77f86dd5d4b06239da078e03d180eee4d
d_488,train,drowsy,True,True,True,True,32,100,COMPLETE,COMPLETE,BOTH,29f74d12e4a522352868297c1661224c5d444f2829f1cae6866c8b2d1968e721,f382c7900331c0be2f56b95f8fd95ed77f86dd5d4b06239da078e03d180eee4d
d_49,train,drowsy,False,False,False,False,0,0,EXCLUDED,EXCLUDED,NEITHER,29f74d12e4a522352868297c1661224c5d444f2829f1cae6866c8b2d1968e721,f382c7900331c0be2f56b95f8fd95ed77f86dd5d4b06239da078e03d180eee4d
d_490,train,drowsy,True,True,True,True,32,100,COMPLETE,COMPLETE,BOTH,29f74d12e4a522352868297c1661224c5d444f2829f1cae6866c8b2d1968e721,f382c7900331c0be2f56b95f8fd95ed77f86dd5d4b06239da078e03d180eee4d
d_491,val,drowsy,True,True,True,True,32,100,COMPLETE,COMPLETE,BOTH,29f74d12e4a522352868297c1661224c5d444f2829f1cae6866c8b2d1968e721,f382c7900331c0be2f56b95f8fd95ed77f86dd5d4b06239da078e03d180eee4d
d_492,train,drowsy,True,True,True,True,32,100,COMPLETE,COMPLETE,BOTH,29f74d12e4a522352868297c1661224c5d444f2829f1cae6866c8b2d1968e721,f382c7900331c0be2f56b95f8fd95ed77f86dd5d4b06239da078e03d180eee4d
d_493,train,drowsy,True,True,True,True,32,100,COMPLETE,COMPLETE,BOTH,29f74d12e4a522352868297c1661224c5d444f2829f1cae6866c8b2d1968e721,f382c7900331c0be2f56b95f8fd95ed77f86dd5d4b06239da078e03d180eee4d
d_495,train,drowsy,True,False,True,False,32,0,COMPLETE,EXCLUDED,CONTEXT_ONLY,29f74d12e4a522352868297c1661224c5d444f2829f1cae6866c8b2d1968e721,f382c7900331c0be2f56b95f8fd95ed77f86dd5d4b06239da078e03d180eee4d
d_496,train,drowsy,True,True,True,True,32,100,COMPLETE,COMPLETE,BOTH,29f74d12e4a522352868297c1661224c5d444f2829f1cae6866c8b2d1968e721,f382c7900331c0be2f56b95f8fd95ed77f86dd5d4b06239da078e03d180eee4d
d_499,train,drowsy,True,True,True,True,32,100,COMPLETE,COMPLETE,BOTH,29f74d12e4a522352868297c1661224c5d444f2829f1cae6866c8b2d1968e721,f382c7900331c0be2f56b95f8fd95ed77f86dd5d4b06239da078e03d180eee4d
d_5,train,drowsy,True,True,True,True,32,100,COMPLETE,COMPLETE,BOTH,29f74d12e4a522352868297c1661224c5d444f2829f1cae6866c8b2d1968e721,f382c7900331c0be2f56b95f8fd95ed77f86dd5d4b06239da078e03d180eee4d
d_50,train,drowsy,False,False,False,False,0,0,EXCLUDED,EXCLUDED,NEITHER,29f74d12e4a522352868297c1661224c5d444f2829f1cae6866c8b2d1968e721,f382c7900331c0be2f56b95f8fd95ed77f86dd5d4b06239da078e03d180eee4d
d_500,train,drowsy,True,True,True,True,32,100,COMPLETE,COMPLETE,BOTH,29f74d12e4a522352868297c1661224c5d444f2829f1cae6866c8b2d1968e721,f382c7900331c0be2f56b95f8fd95ed77f86dd5d4b06239da078e03d180eee4d
d_501,train,drowsy,True,True,True,True,32,100,COMPLETE,COMPLETE,BOTH,29f74d12e4a522352868297c1661224c5d444f2829f1cae6866c8b2d1968e721,f382c7900331c0be2f56b95f8fd95ed77f86dd5d4b06239da078e03d180eee4d
d_502,train,drowsy,True,True,True,True,32,100,COMPLETE,COMPLETE,BOTH,29f74d12e4a522352868297c1661224c5d444f2829f1cae6866c8b2d1968e721,f382c7900331c0be2f56b95f8fd95ed77f86dd5d4b06239da078e03d180eee4d
d_503,train,drowsy,True,True,True,True,32,100,COMPLETE,COMPLETE,BOTH,29f74d12e4a522352868297c1661224c5d444f2829f1cae6866c8b2d1968e721,f382c7900331c0be2f56b95f8fd95ed77f86dd5d4b06239da078e03d180eee4d
d_505,train,drowsy,True,True,True,True,32,100,COMPLETE,COMPLETE,BOTH,29f74d12e4a522352868297c1661224c5d444f2829f1cae6866c8b2d1968e721,f382c7900331c0be2f56b95f8fd95ed77f86dd5d4b06239da078e03d180eee4d
d_506,train,drowsy,True,True,True,True,32,100,COMPLETE,COMPLETE,BOTH,29f74d12e4a522352868297c1661224c5d444f2829f1cae6866c8b2d1968e721,f382c7900331c0be2f56b95f8fd95ed77f86dd5d4b06239da078e03d180eee4d
d_507,val,drowsy,True,True,True,True,32,100,COMPLETE,COMPLETE,BOTH,29f74d12e4a522352868297c1661224c5d444f2829f1cae6866c8b2d1968e721,f382c7900331c0be2f56b95f8fd95ed77f86dd5d4b06239da078e03d180eee4d
d_508,train,drowsy,True,True,True,True,32,100,COMPLETE,COMPLETE,BOTH,29f74d12e4a522352868297c1661224c5d444f2829f1cae6866c8b2d1968e721,f382c7900331c0be2f56b95f8fd95ed77f86dd5d4b06239da078e03d180eee4d
d_509,train,drowsy,True,True,True,True,32,100,COMPLETE,COMPLETE,BOTH,29f74d12e4a522352868297c1661224c5d444f2829f1cae6866c8b2d1968e721,f382c7900331c0be2f56b95f8fd95ed77f86dd5d4b06239da078e03d180eee4d
d_51,val,drowsy,False,False,False,False,0,0,EXCLUDED,EXCLUDED,NEITHER,29f74d12e4a522352868297c1661224c5d444f2829f1cae6866c8b2d1968e721,f382c7900331c0be2f56b95f8fd95ed77f86dd5d4b06239da078e03d180eee4d
d_510,train,drowsy,True,True,True,True,32,100,COMPLETE,COMPLETE,BOTH,29f74d12e4a522352868297c1661224c5d444f2829f1cae6866c8b2d1968e721,f382c7900331c0be2f56b95f8fd95ed77f86dd5d4b06239da078e03d180eee4d
d_512,val,drowsy,True,True,True,True,32,100,COMPLETE,COMPLETE,BOTH,29f74d12e4a522352868297c1661224c5d444f2829f1cae6866c8b2d1968e721,f382c7900331c0be2f56b95f8fd95ed77f86dd5d4b06239da078e03d180eee4d
d_513,train,drowsy,True,True,True,True,32,100,COMPLETE,COMPLETE,BOTH,29f74d12e4a522352868297c1661224c5d444f2829f1cae6866c8b2d1968e721,f382c7900331c0be2f56b95f8fd95ed77f86dd5d4b06239da078e03d180eee4d
d_515,val,drowsy,True,True,True,True,32,100,COMPLETE,COMPLETE,BOTH,29f74d12e4a522352868297c1661224c5d444f2829f1cae6866c8b2d1968e721,f382c7900331c0be2f56b95f8fd95ed77f86dd5d4b06239da078e03d180eee4d
d_516,train,drowsy,True,True,True,True,32,100,COMPLETE,COMPLETE,BOTH,29f74d12e4a522352868297c1661224c5d444f2829f1cae6866c8b2d1968e721,f382c7900331c0be2f56b95f8fd95ed77f86dd5d4b06239da078e03d180eee4d
d_518,train,drowsy,True,True,True,True,32,100,COMPLETE,COMPLETE,BOTH,29f74d12e4a522352868297c1661224c5d444f2829f1cae6866c8b2d1968e721,f382c7900331c0be2f56b95f8fd95ed77f86dd5d4b06239da078e03d180eee4d
d_52,train,drowsy,False,False,False,False,0,0,EXCLUDED,EXCLUDED,NEITHER,29f74d12e4a522352868297c1661224c5d444f2829f1cae6866c8b2d1968e721,f382c7900331c0be2f56b95f8fd95ed77f86dd5d4b06239da078e03d180eee4d
d_520,train,drowsy,True,True,True,True,32,100,COMPLETE,COMPLETE,BOTH,29f74d12e4a522352868297c1661224c5d444f2829f1cae6866c8b2d1968e721,f382c7900331c0be2f56b95f8fd95ed77f86dd5d4b06239da078e03d180eee4d
d_521,train,drowsy,True,True,True,True,32,100,COMPLETE,COMPLETE,BOTH,29f74d12e4a522352868297c1661224c5d444f2829f1cae6866c8b2d1968e721,f382c7900331c0be2f56b95f8fd95ed77f86dd5d4b06239da078e03d180eee4d
d_522,val,drowsy,True,True,True,True,32,100,COMPLETE,COMPLETE,BOTH,29f74d12e4a522352868297c1661224c5d444f2829f1cae6866c8b2d1968e721,f382c7900331c0be2f56b95f8fd95ed77f86dd5d4b06239da078e03d180eee4d
d_523,train,drowsy,True,True,True,True,32,100,COMPLETE,COMPLETE,BOTH,29f74d12e4a522352868297c1661224c5d444f2829f1cae6866c8b2d1968e721,f382c7900331c0be2f56b95f8fd95ed77f86dd5d4b06239da078e03d180eee4d
d_524,train,drowsy,True,True,True,True,32,100,COMPLETE,COMPLETE,BOTH,29f74d12e4a522352868297c1661224c5d444f2829f1cae6866c8b2d1968e721,f382c7900331c0be2f56b95f8fd95ed77f86dd5d4b06239da078e03d180eee4d
d_525,val,drowsy,True,True,True,True,32,100,COMPLETE,COMPLETE,BOTH,29f74d12e4a522352868297c1661224c5d444f2829f1cae6866c8b2d1968e721,f382c7900331c0be2f56b95f8fd95ed77f86dd5d4b06239da078e03d180eee4d
d_526,train,drowsy,True,True,True,True,32,100,COMPLETE,COMPLETE,BOTH,29f74d12e4a522352868297c1661224c5d444f2829f1cae6866c8b2d1968e721,f382c7900331c0be2f56b95f8fd95ed77f86dd5d4b06239da078e03d180eee4d
d_527,train,drowsy,True,False,True,False,32,0,COMPLETE,EXCLUDED,CONTEXT_ONLY,29f74d12e4a522352868297c1661224c5d444f2829f1cae6866c8b2d1968e721,f382c7900331c0be2f56b95f8fd95ed77f86dd5d4b06239da078e03d180eee4d
d_528,val,drowsy,True,True,True,True,32,100,COMPLETE,COMPLETE,BOTH,29f74d12e4a522352868297c1661224c5d444f2829f1cae6866c8b2d1968e721,f382c7900331c0be2f56b95f8fd95ed77f86dd5d4b06239da078e03d180eee4d
d_529,val,drowsy,True,True,True,True,32,100,COMPLETE,COMPLETE,BOTH,29f74d12e4a522352868297c1661224c5d444f2829f1cae6866c8b2d1968e721,f382c7900331c0be2f56b95f8fd95ed77f86dd5d4b06239da078e03d180eee4d
d_53,train,drowsy,True,True,True,True,32,100,COMPLETE,COMPLETE,BOTH,29f74d12e4a522352868297c1661224c5d444f2829f1cae6866c8b2d1968e721,f382c7900331c0be2f56b95f8fd95ed77f86dd5d4b06239da078e03d180eee4d
d_530,train,drowsy,True,True,True,True,32,100,COMPLETE,COMPLETE,BOTH,29f74d12e4a522352868297c1661224c5d444f2829f1cae6866c8b2d1968e721,f382c7900331c0be2f56b95f8fd95ed77f86dd5d4b06239da078e03d180eee4d
d_531,train,drowsy,True,True,True,True,32,100,COMPLETE,COMPLETE,BOTH,29f74d12e4a522352868297c1661224c5d444f2829f1cae6866c8b2d1968e721,f382c7900331c0be2f56b95f8fd95ed77f86dd5d4b06239da078e03d180eee4d
d_532,train,drowsy,True,True,True,True,32,100,COMPLETE,COMPLETE,BOTH,29f74d12e4a522352868297c1661224c5d444f2829f1cae6866c8b2d1968e721,f382c7900331c0be2f56b95f8fd95ed77f86dd5d4b06239da078e03d180eee4d
d_533,val,drowsy,True,True,True,True,32,100,COMPLETE,COMPLETE,BOTH,29f74d12e4a522352868297c1661224c5d444f2829f1cae6866c8b2d1968e721,f382c7900331c0be2f56b95f8fd95ed77f86dd5d4b06239da078e03d180eee4d
d_534,train,drowsy,True,True,True,True,32,100,COMPLETE,COMPLETE,BOTH,29f74d12e4a522352868297c1661224c5d444f2829f1cae6866c8b2d1968e721,f382c7900331c0be2f56b95f8fd95ed77f86dd5d4b06239da078e03d180eee4d
d_535,train,drowsy,True,True,True,True,32,100,COMPLETE,COMPLETE,BOTH,29f74d12e4a522352868297c1661224c5d444f2829f1cae6866c8b2d1968e721,f382c7900331c0be2f56b95f8fd95ed77f86dd5d4b06239da078e03d180eee4d
d_536,train,drowsy,True,True,True,True,32,100,COMPLETE,COMPLETE,BOTH,29f74d12e4a522352868297c1661224c5d444f2829f1cae6866c8b2d1968e721,f382c7900331c0be2f56b95f8fd95ed77f86dd5d4b06239da078e03d180eee4d
d_537,val,drowsy,True,True,True,True,32,100,COMPLETE,COMPLETE,BOTH,29f74d12e4a522352868297c1661224c5d444f2829f1cae6866c8b2d1968e721,f382c7900331c0be2f56b95f8fd95ed77f86dd5d4b06239da078e03d180eee4d
d_538,train,drowsy,True,True,True,True,32,100,COMPLETE,COMPLETE,BOTH,29f74d12e4a522352868297c1661224c5d444f2829f1cae6866c8b2d1968e721,f382c7900331c0be2f56b95f8fd95ed77f86dd5d4b06239da078e03d180eee4d
d_54,train,drowsy,True,True,True,True,32,100,COMPLETE,COMPLETE,BOTH,29f74d12e4a522352868297c1661224c5d444f2829f1cae6866c8b2d1968e721,f382c7900331c0be2f56b95f8fd95ed77f86dd5d4b06239da078e03d180eee4d
d_541,train,drowsy,True,True,True,True,32,100,COMPLETE,COMPLETE,BOTH,29f74d12e4a522352868297c1661224c5d444f2829f1cae6866c8b2d1968e721,f382c7900331c0be2f56b95f8fd95ed77f86dd5d4b06239da078e03d180eee4d
d_542,train,drowsy,True,True,True,True,32,100,COMPLETE,COMPLETE,BOTH,29f74d12e4a522352868297c1661224c5d444f2829f1cae6866c8b2d1968e721,f382c7900331c0be2f56b95f8fd95ed77f86dd5d4b06239da078e03d180eee4d
d_543,train,drowsy,True,True,True,True,32,100,COMPLETE,COMPLETE,BOTH,29f74d12e4a522352868297c1661224c5d444f2829f1cae6866c8b2d1968e721,f382c7900331c0be2f56b95f8fd95ed77f86dd5d4b06239da078e03d180eee4d
d_544,val,drowsy,True,True,True,True,32,100,COMPLETE,COMPLETE,BOTH,29f74d12e4a522352868297c1661224c5d444f2829f1cae6866c8b2d1968e721,f382c7900331c0be2f56b95f8fd95ed77f86dd5d4b06239da078e03d180eee4d
d_545,train,drowsy,True,False,True,False,32,0,COMPLETE,EXCLUDED,CONTEXT_ONLY,29f74d12e4a522352868297c1661224c5d444f2829f1cae6866c8b2d1968e721,f382c7900331c0be2f56b95f8fd95ed77f86dd5d4b06239da078e03d180eee4d
d_547,train,drowsy,True,True,True,True,32,100,COMPLETE,COMPLETE,BOTH,29f74d12e4a522352868297c1661224c5d444f2829f1cae6866c8b2d1968e721,f382c7900331c0be2f56b95f8fd95ed77f86dd5d4b06239da078e03d180eee4d
d_549,train,drowsy,True,True,True,True,32,100,COMPLETE,COMPLETE,BOTH,29f74d12e4a522352868297c1661224c5d444f2829f1cae6866c8b2d1968e721,f382c7900331c0be2f56b95f8fd95ed77f86dd5d4b06239da078e03d180eee4d
d_55,val,drowsy,True,False,True,False,32,0,COMPLETE,EXCLUDED,CONTEXT_ONLY,29f74d12e4a522352868297c1661224c5d444f2829f1cae6866c8b2d1968e721,f382c7900331c0be2f56b95f8fd95ed77f86dd5d4b06239da078e03d180eee4d
d_553,train,drowsy,True,True,True,True,32,100,COMPLETE,COMPLETE,BOTH,29f74d12e4a522352868297c1661224c5d444f2829f1cae6866c8b2d1968e721,f382c7900331c0be2f56b95f8fd95ed77f86dd5d4b06239da078e03d180eee4d
d_554,train,drowsy,True,True,True,True,32,100,COMPLETE,COMPLETE,BOTH,29f74d12e4a522352868297c1661224c5d444f2829f1cae6866c8b2d1968e721,f382c7900331c0be2f56b95f8fd95ed77f86dd5d4b06239da078e03d180eee4d
d_555,train,drowsy,True,False,True,False,32,0,COMPLETE,EXCLUDED,CONTEXT_ONLY,29f74d12e4a522352868297c1661224c5d444f2829f1cae6866c8b2d1968e721,f382c7900331c0be2f56b95f8fd95ed77f86dd5d4b06239da078e03d180eee4d
d_556,train,drowsy,True,True,True,True,32,100,COMPLETE,COMPLETE,BOTH,29f74d12e4a522352868297c1661224c5d444f2829f1cae6866c8b2d1968e721,f382c7900331c0be2f56b95f8fd95ed77f86dd5d4b06239da078e03d180eee4d
d_557,train,drowsy,True,True,True,True,32,100,COMPLETE,COMPLETE,BOTH,29f74d12e4a522352868297c1661224c5d444f2829f1cae6866c8b2d1968e721,f382c7900331c0be2f56b95f8fd95ed77f86dd5d4b06239da078e03d180eee4d
d_558,val,drowsy,True,True,True,True,32,100,COMPLETE,COMPLETE,BOTH,29f74d12e4a522352868297c1661224c5d444f2829f1cae6866c8b2d1968e721,f382c7900331c0be2f56b95f8fd95ed77f86dd5d4b06239da078e03d180eee4d
d_559,train,drowsy,True,True,True,True,32,100,COMPLETE,COMPLETE,BOTH,29f74d12e4a522352868297c1661224c5d444f2829f1cae6866c8b2d1968e721,f382c7900331c0be2f56b95f8fd95ed77f86dd5d4b06239da078e03d180eee4d
d_56,train,drowsy,True,True,True,True,32,100,COMPLETE,COMPLETE,BOTH,29f74d12e4a522352868297c1661224c5d444f2829f1cae6866c8b2d1968e721,f382c7900331c0be2f56b95f8fd95ed77f86dd5d4b06239da078e03d180eee4d
d_560,train,drowsy,True,True,True,True,32,100,COMPLETE,COMPLETE,BOTH,29f74d12e4a522352868297c1661224c5d444f2829f1cae6866c8b2d1968e721,f382c7900331c0be2f56b95f8fd95ed77f86dd5d4b06239da078e03d180eee4d
d_561,train,drowsy,True,True,True,True,32,100,COMPLETE,COMPLETE,BOTH,29f74d12e4a522352868297c1661224c5d444f2829f1cae6866c8b2d1968e721,f382c7900331c0be2f56b95f8fd95ed77f86dd5d4b06239da078e03d180eee4d
d_563,train,drowsy,True,True,True,True,32,100,COMPLETE,COMPLETE,BOTH,29f74d12e4a522352868297c1661224c5d444f2829f1cae6866c8b2d1968e721,f382c7900331c0be2f56b95f8fd95ed77f86dd5d4b06239da078e03d180eee4d
d_564,train,drowsy,True,True,True,True,32,100,COMPLETE,COMPLETE,BOTH,29f74d12e4a522352868297c1661224c5d444f2829f1cae6866c8b2d1968e721,f382c7900331c0be2f56b95f8fd95ed77f86dd5d4b06239da078e03d180eee4d
d_565,train,drowsy,True,True,True,True,32,100,COMPLETE,COMPLETE,BOTH,29f74d12e4a522352868297c1661224c5d444f2829f1cae6866c8b2d1968e721,f382c7900331c0be2f56b95f8fd95ed77f86dd5d4b06239da078e03d180eee4d
d_566,train,drowsy,True,True,True,True,32,100,COMPLETE,COMPLETE,BOTH,29f74d12e4a522352868297c1661224c5d444f2829f1cae6866c8b2d1968e721,f382c7900331c0be2f56b95f8fd95ed77f86dd5d4b06239da078e03d180eee4d
d_567,train,drowsy,True,True,True,True,32,100,COMPLETE,COMPLETE,BOTH,29f74d12e4a522352868297c1661224c5d444f2829f1cae6866c8b2d1968e721,f382c7900331c0be2f56b95f8fd95ed77f86dd5d4b06239da078e03d180eee4d
d_568,train,drowsy,True,True,True,True,32,100,COMPLETE,COMPLETE,BOTH,29f74d12e4a522352868297c1661224c5d444f2829f1cae6866c8b2d1968e721,f382c7900331c0be2f56b95f8fd95ed77f86dd5d4b06239da078e03d180eee4d
d_569,train,drowsy,True,True,True,True,32,100,COMPLETE,COMPLETE,BOTH,29f74d12e4a522352868297c1661224c5d444f2829f1cae6866c8b2d1968e721,f382c7900331c0be2f56b95f8fd95ed77f86dd5d4b06239da078e03d180eee4d
d_57,train,drowsy,True,True,True,True,32,100,COMPLETE,COMPLETE,BOTH,29f74d12e4a522352868297c1661224c5d444f2829f1cae6866c8b2d1968e721,f382c7900331c0be2f56b95f8fd95ed77f86dd5d4b06239da078e03d180eee4d
d_570,train,drowsy,True,True,True,True,32,100,COMPLETE,COMPLETE,BOTH,29f74d12e4a522352868297c1661224c5d444f2829f1cae6866c8b2d1968e721,f382c7900331c0be2f56b95f8fd95ed77f86dd5d4b06239da078e03d180eee4d
d_571,train,drowsy,True,True,True,True,32,100,COMPLETE,COMPLETE,BOTH,29f74d12e4a522352868297c1661224c5d444f2829f1cae6866c8b2d1968e721,f382c7900331c0be2f56b95f8fd95ed77f86dd5d4b06239da078e03d180eee4d
d_572,train,drowsy,True,True,True,True,32,100,COMPLETE,COMPLETE,BOTH,29f74d12e4a522352868297c1661224c5d444f2829f1cae6866c8b2d1968e721,f382c7900331c0be2f56b95f8fd95ed77f86dd5d4b06239da078e03d180eee4d
d_573,val,drowsy,True,True,True,True,32,100,COMPLETE,COMPLETE,BOTH,29f74d12e4a522352868297c1661224c5d444f2829f1cae6866c8b2d1968e721,f382c7900331c0be2f56b95f8fd95ed77f86dd5d4b06239da078e03d180eee4d
d_574,val,drowsy,True,True,True,True,32,100,COMPLETE,COMPLETE,BOTH,29f74d12e4a522352868297c1661224c5d444f2829f1cae6866c8b2d1968e721,f382c7900331c0be2f56b95f8fd95ed77f86dd5d4b06239da078e03d180eee4d
d_577,val,drowsy,True,True,True,True,32,100,COMPLETE,COMPLETE,BOTH,29f74d12e4a522352868297c1661224c5d444f2829f1cae6866c8b2d1968e721,f382c7900331c0be2f56b95f8fd95ed77f86dd5d4b06239da078e03d180eee4d
d_578,train,drowsy,True,True,True,True,32,100,COMPLETE,COMPLETE,BOTH,29f74d12e4a522352868297c1661224c5d444f2829f1cae6866c8b2d1968e721,f382c7900331c0be2f56b95f8fd95ed77f86dd5d4b06239da078e03d180eee4d
d_58,train,drowsy,True,True,True,True,32,100,COMPLETE,COMPLETE,BOTH,29f74d12e4a522352868297c1661224c5d444f2829f1cae6866c8b2d1968e721,f382c7900331c0be2f56b95f8fd95ed77f86dd5d4b06239da078e03d180eee4d
d_580,train,drowsy,True,True,True,True,32,100,COMPLETE,COMPLETE,BOTH,29f74d12e4a522352868297c1661224c5d444f2829f1cae6866c8b2d1968e721,f382c7900331c0be2f56b95f8fd95ed77f86dd5d4b06239da078e03d180eee4d
d_581,train,drowsy,True,True,True,True,32,100,COMPLETE,COMPLETE,BOTH,29f74d12e4a522352868297c1661224c5d444f2829f1cae6866c8b2d1968e721,f382c7900331c0be2f56b95f8fd95ed77f86dd5d4b06239da078e03d180eee4d
d_583,train,drowsy,True,True,True,True,32,100,COMPLETE,COMPLETE,BOTH,29f74d12e4a522352868297c1661224c5d444f2829f1cae6866c8b2d1968e721,f382c7900331c0be2f56b95f8fd95ed77f86dd5d4b06239da078e03d180eee4d
d_584,train,drowsy,False,False,False,False,0,0,EXCLUDED,EXCLUDED,NEITHER,29f74d12e4a522352868297c1661224c5d444f2829f1cae6866c8b2d1968e721,f382c7900331c0be2f56b95f8fd95ed77f86dd5d4b06239da078e03d180eee4d
d_585,val,drowsy,True,True,True,True,32,100,COMPLETE,COMPLETE,BOTH,29f74d12e4a522352868297c1661224c5d444f2829f1cae6866c8b2d1968e721,f382c7900331c0be2f56b95f8fd95ed77f86dd5d4b06239da078e03d180eee4d
d_586,train,drowsy,True,True,True,True,32,100,COMPLETE,COMPLETE,BOTH,29f74d12e4a522352868297c1661224c5d444f2829f1cae6866c8b2d1968e721,f382c7900331c0be2f56b95f8fd95ed77f86dd5d4b06239da078e03d180eee4d
d_587,train,drowsy,True,True,True,True,32,100,COMPLETE,COMPLETE,BOTH,29f74d12e4a522352868297c1661224c5d444f2829f1cae6866c8b2d1968e721,f382c7900331c0be2f56b95f8fd95ed77f86dd5d4b06239da078e03d180eee4d
d_588,train,drowsy,True,True,True,True,32,100,COMPLETE,COMPLETE,BOTH,29f74d12e4a522352868297c1661224c5d444f2829f1cae6866c8b2d1968e721,f382c7900331c0be2f56b95f8fd95ed77f86dd5d4b06239da078e03d180eee4d
d_589,train,drowsy,True,True,True,True,32,100,COMPLETE,COMPLETE,BOTH,29f74d12e4a522352868297c1661224c5d444f2829f1cae6866c8b2d1968e721,f382c7900331c0be2f56b95f8fd95ed77f86dd5d4b06239da078e03d180eee4d
d_59,train,drowsy,True,True,True,True,32,100,COMPLETE,COMPLETE,BOTH,29f74d12e4a522352868297c1661224c5d444f2829f1cae6866c8b2d1968e721,f382c7900331c0be2f56b95f8fd95ed77f86dd5d4b06239da078e03d180eee4d
d_590,train,drowsy,True,True,True,True,32,100,COMPLETE,COMPLETE,BOTH,29f74d12e4a522352868297c1661224c5d444f2829f1cae6866c8b2d1968e721,f382c7900331c0be2f56b95f8fd95ed77f86dd5d4b06239da078e03d180eee4d
d_591,train,drowsy,True,True,True,True,32,100,COMPLETE,COMPLETE,BOTH,29f74d12e4a522352868297c1661224c5d444f2829f1cae6866c8b2d1968e721,f382c7900331c0be2f56b95f8fd95ed77f86dd5d4b06239da078e03d180eee4d
d_593,val,drowsy,True,True,True,True,32,100,COMPLETE,COMPLETE,BOTH,29f74d12e4a522352868297c1661224c5d444f2829f1cae6866c8b2d1968e721,f382c7900331c0be2f56b95f8fd95ed77f86dd5d4b06239da078e03d180eee4d
d_594,val,drowsy,True,True,True,True,32,100,COMPLETE,COMPLETE,BOTH,29f74d12e4a522352868297c1661224c5d444f2829f1cae6866c8b2d1968e721,f382c7900331c0be2f56b95f8fd95ed77f86dd5d4b06239da078e03d180eee4d
d_595,val,drowsy,True,True,True,True,32,100,COMPLETE,COMPLETE,BOTH,29f74d12e4a522352868297c1661224c5d444f2829f1cae6866c8b2d1968e721,f382c7900331c0be2f56b95f8fd95ed77f86dd5d4b06239da078e03d180eee4d
d_598,train,drowsy,True,True,True,True,32,100,COMPLETE,COMPLETE,BOTH,29f74d12e4a522352868297c1661224c5d444f2829f1cae6866c8b2d1968e721,f382c7900331c0be2f56b95f8fd95ed77f86dd5d4b06239da078e03d180eee4d
d_599,train,drowsy,True,True,True,True,32,100,COMPLETE,COMPLETE,BOTH,29f74d12e4a522352868297c1661224c5d444f2829f1cae6866c8b2d1968e721,f382c7900331c0be2f56b95f8fd95ed77f86dd5d4b06239da078e03d180eee4d
d_6,train,drowsy,True,True,True,True,32,100,COMPLETE,COMPLETE,BOTH,29f74d12e4a522352868297c1661224c5d444f2829f1cae6866c8b2d1968e721,f382c7900331c0be2f56b95f8fd95ed77f86dd5d4b06239da078e03d180eee4d
d_600,val,drowsy,True,True,True,True,32,100,COMPLETE,COMPLETE,BOTH,29f74d12e4a522352868297c1661224c5d444f2829f1cae6866c8b2d1968e721,f382c7900331c0be2f56b95f8fd95ed77f86dd5d4b06239da078e03d180eee4d
d_601,train,drowsy,True,True,True,True,32,100,COMPLETE,COMPLETE,BOTH,29f74d12e4a522352868297c1661224c5d444f2829f1cae6866c8b2d1968e721,f382c7900331c0be2f56b95f8fd95ed77f86dd5d4b06239da078e03d180eee4d
d_602,train,drowsy,True,True,True,True,32,100,COMPLETE,COMPLETE,BOTH,29f74d12e4a522352868297c1661224c5d444f2829f1cae6866c8b2d1968e721,f382c7900331c0be2f56b95f8fd95ed77f86dd5d4b06239da078e03d180eee4d
d_603,val,drowsy,True,True,True,True,32,100,COMPLETE,COMPLETE,BOTH,29f74d12e4a522352868297c1661224c5d444f2829f1cae6866c8b2d1968e721,f382c7900331c0be2f56b95f8fd95ed77f86dd5d4b06239da078e03d180eee4d
d_604,train,drowsy,True,True,True,True,32,100,COMPLETE,COMPLETE,BOTH,29f74d12e4a522352868297c1661224c5d444f2829f1cae6866c8b2d1968e721,f382c7900331c0be2f56b95f8fd95ed77f86dd5d4b06239da078e03d180eee4d
d_605,train,drowsy,True,True,True,True,32,100,COMPLETE,COMPLETE,BOTH,29f74d12e4a522352868297c1661224c5d444f2829f1cae6866c8b2d1968e721,f382c7900331c0be2f56b95f8fd95ed77f86dd5d4b06239da078e03d180eee4d
d_607,train,drowsy,True,True,True,True,32,100,COMPLETE,COMPLETE,BOTH,29f74d12e4a522352868297c1661224c5d444f2829f1cae6866c8b2d1968e721,f382c7900331c0be2f56b95f8fd95ed77f86dd5d4b06239da078e03d180eee4d
d_608,train,drowsy,True,True,True,True,32,100,COMPLETE,COMPLETE,BOTH,29f74d12e4a522352868297c1661224c5d444f2829f1cae6866c8b2d1968e721,f382c7900331c0be2f56b95f8fd95ed77f86dd5d4b06239da078e03d180eee4d
d_609,val,drowsy,True,True,True,True,32,100,COMPLETE,COMPLETE,BOTH,29f74d12e4a522352868297c1661224c5d444f2829f1cae6866c8b2d1968e721,f382c7900331c0be2f56b95f8fd95ed77f86dd5d4b06239da078e03d180eee4d
d_61,train,drowsy,False,False,False,False,0,0,EXCLUDED,EXCLUDED,NEITHER,29f74d12e4a522352868297c1661224c5d444f2829f1cae6866c8b2d1968e721,f382c7900331c0be2f56b95f8fd95ed77f86dd5d4b06239da078e03d180eee4d
d_610,val,drowsy,True,True,True,True,32,100,COMPLETE,COMPLETE,BOTH,29f74d12e4a522352868297c1661224c5d444f2829f1cae6866c8b2d1968e721,f382c7900331c0be2f56b95f8fd95ed77f86dd5d4b06239da078e03d180eee4d
d_611,train,drowsy,True,True,True,True,32,100,COMPLETE,COMPLETE,BOTH,29f74d12e4a522352868297c1661224c5d444f2829f1cae6866c8b2d1968e721,f382c7900331c0be2f56b95f8fd95ed77f86dd5d4b06239da078e03d180eee4d
d_612,train,drowsy,True,True,True,True,32,100,COMPLETE,COMPLETE,BOTH,29f74d12e4a522352868297c1661224c5d444f2829f1cae6866c8b2d1968e721,f382c7900331c0be2f56b95f8fd95ed77f86dd5d4b06239da078e03d180eee4d
d_613,val,drowsy,True,True,True,True,32,100,COMPLETE,COMPLETE,BOTH,29f74d12e4a522352868297c1661224c5d444f2829f1cae6866c8b2d1968e721,f382c7900331c0be2f56b95f8fd95ed77f86dd5d4b06239da078e03d180eee4d
d_614,train,drowsy,True,True,True,True,32,100,COMPLETE,COMPLETE,BOTH,29f74d12e4a522352868297c1661224c5d444f2829f1cae6866c8b2d1968e721,f382c7900331c0be2f56b95f8fd95ed77f86dd5d4b06239da078e03d180eee4d
d_615,train,drowsy,True,True,True,True,32,100,COMPLETE,COMPLETE,BOTH,29f74d12e4a522352868297c1661224c5d444f2829f1cae6866c8b2d1968e721,f382c7900331c0be2f56b95f8fd95ed77f86dd5d4b06239da078e03d180eee4d
d_616,train,drowsy,True,True,True,True,32,100,COMPLETE,COMPLETE,BOTH,29f74d12e4a522352868297c1661224c5d444f2829f1cae6866c8b2d1968e721,f382c7900331c0be2f56b95f8fd95ed77f86dd5d4b06239da078e03d180eee4d
d_617,train,drowsy,True,True,True,True,32,100,COMPLETE,COMPLETE,BOTH,29f74d12e4a522352868297c1661224c5d444f2829f1cae6866c8b2d1968e721,f382c7900331c0be2f56b95f8fd95ed77f86dd5d4b06239da078e03d180eee4d
d_619,val,drowsy,True,True,True,True,32,100,COMPLETE,COMPLETE,BOTH,29f74d12e4a522352868297c1661224c5d444f2829f1cae6866c8b2d1968e721,f382c7900331c0be2f56b95f8fd95ed77f86dd5d4b06239da078e03d180eee4d
d_62,train,drowsy,True,False,True,False,32,0,COMPLETE,EXCLUDED,CONTEXT_ONLY,29f74d12e4a522352868297c1661224c5d444f2829f1cae6866c8b2d1968e721,f382c7900331c0be2f56b95f8fd95ed77f86dd5d4b06239da078e03d180eee4d
d_620,train,drowsy,True,True,True,True,32,100,COMPLETE,COMPLETE,BOTH,29f74d12e4a522352868297c1661224c5d444f2829f1cae6866c8b2d1968e721,f382c7900331c0be2f56b95f8fd95ed77f86dd5d4b06239da078e03d180eee4d
d_621,train,drowsy,True,True,True,True,32,100,COMPLETE,COMPLETE,BOTH,29f74d12e4a522352868297c1661224c5d444f2829f1cae6866c8b2d1968e721,f382c7900331c0be2f56b95f8fd95ed77f86dd5d4b06239da078e03d180eee4d
d_622,train,drowsy,True,True,True,True,32,100,COMPLETE,COMPLETE,BOTH,29f74d12e4a522352868297c1661224c5d444f2829f1cae6866c8b2d1968e721,f382c7900331c0be2f56b95f8fd95ed77f86dd5d4b06239da078e03d180eee4d
d_623,train,drowsy,True,True,True,True,32,100,COMPLETE,COMPLETE,BOTH,29f74d12e4a522352868297c1661224c5d444f2829f1cae6866c8b2d1968e721,f382c7900331c0be2f56b95f8fd95ed77f86dd5d4b06239da078e03d180eee4d
d_624,val,drowsy,True,True,True,True,32,100,COMPLETE,COMPLETE,BOTH,29f74d12e4a522352868297c1661224c5d444f2829f1cae6866c8b2d1968e721,f382c7900331c0be2f56b95f8fd95ed77f86dd5d4b06239da078e03d180eee4d
d_625,train,drowsy,True,True,True,True,32,100,COMPLETE,COMPLETE,BOTH,29f74d12e4a522352868297c1661224c5d444f2829f1cae6866c8b2d1968e721,f382c7900331c0be2f56b95f8fd95ed77f86dd5d4b06239da078e03d180eee4d
d_626,train,drowsy,True,True,True,True,32,100,COMPLETE,COMPLETE,BOTH,29f74d12e4a522352868297c1661224c5d444f2829f1cae6866c8b2d1968e721,f382c7900331c0be2f56b95f8fd95ed77f86dd5d4b06239da078e03d180eee4d
d_627,val,drowsy,True,True,True,True,32,100,COMPLETE,COMPLETE,BOTH,29f74d12e4a522352868297c1661224c5d444f2829f1cae6866c8b2d1968e721,f382c7900331c0be2f56b95f8fd95ed77f86dd5d4b06239da078e03d180eee4d
d_628,train,drowsy,True,True,True,True,32,100,COMPLETE,COMPLETE,BOTH,29f74d12e4a522352868297c1661224c5d444f2829f1cae6866c8b2d1968e721,f382c7900331c0be2f56b95f8fd95ed77f86dd5d4b06239da078e03d180eee4d
d_629,train,drowsy,True,True,True,True,32,100,COMPLETE,COMPLETE,BOTH,29f74d12e4a522352868297c1661224c5d444f2829f1cae6866c8b2d1968e721,f382c7900331c0be2f56b95f8fd95ed77f86dd5d4b06239da078e03d180eee4d
d_63,train,drowsy,True,True,True,True,32,100,COMPLETE,COMPLETE,BOTH,29f74d12e4a522352868297c1661224c5d444f2829f1cae6866c8b2d1968e721,f382c7900331c0be2f56b95f8fd95ed77f86dd5d4b06239da078e03d180eee4d
d_630,val,drowsy,True,True,True,True,32,100,COMPLETE,COMPLETE,BOTH,29f74d12e4a522352868297c1661224c5d444f2829f1cae6866c8b2d1968e721,f382c7900331c0be2f56b95f8fd95ed77f86dd5d4b06239da078e03d180eee4d
d_632,train,drowsy,True,True,True,True,32,100,COMPLETE,COMPLETE,BOTH,29f74d12e4a522352868297c1661224c5d444f2829f1cae6866c8b2d1968e721,f382c7900331c0be2f56b95f8fd95ed77f86dd5d4b06239da078e03d180eee4d
d_633,train,drowsy,True,True,True,True,32,100,COMPLETE,COMPLETE,BOTH,29f74d12e4a522352868297c1661224c5d444f2829f1cae6866c8b2d1968e721,f382c7900331c0be2f56b95f8fd95ed77f86dd5d4b06239da078e03d180eee4d
d_635,train,drowsy,True,True,True,True,32,100,COMPLETE,COMPLETE,BOTH,29f74d12e4a522352868297c1661224c5d444f2829f1cae6866c8b2d1968e721,f382c7900331c0be2f56b95f8fd95ed77f86dd5d4b06239da078e03d180eee4d
d_637,train,drowsy,True,True,True,True,32,100,COMPLETE,COMPLETE,BOTH,29f74d12e4a522352868297c1661224c5d444f2829f1cae6866c8b2d1968e721,f382c7900331c0be2f56b95f8fd95ed77f86dd5d4b06239da078e03d180eee4d
d_638,train,drowsy,True,True,True,True,32,100,COMPLETE,COMPLETE,BOTH,29f74d12e4a522352868297c1661224c5d444f2829f1cae6866c8b2d1968e721,f382c7900331c0be2f56b95f8fd95ed77f86dd5d4b06239da078e03d180eee4d
d_639,train,drowsy,True,True,True,True,32,100,COMPLETE,COMPLETE,BOTH,29f74d12e4a522352868297c1661224c5d444f2829f1cae6866c8b2d1968e721,f382c7900331c0be2f56b95f8fd95ed77f86dd5d4b06239da078e03d180eee4d
d_64,train,drowsy,True,True,True,True,32,100,COMPLETE,COMPLETE,BOTH,29f74d12e4a522352868297c1661224c5d444f2829f1cae6866c8b2d1968e721,f382c7900331c0be2f56b95f8fd95ed77f86dd5d4b06239da078e03d180eee4d
d_640,train,drowsy,True,True,True,True,32,100,COMPLETE,COMPLETE,BOTH,29f74d12e4a522352868297c1661224c5d444f2829f1cae6866c8b2d1968e721,f382c7900331c0be2f56b95f8fd95ed77f86dd5d4b06239da078e03d180eee4d
d_641,val,drowsy,True,True,True,True,32,100,COMPLETE,COMPLETE,BOTH,29f74d12e4a522352868297c1661224c5d444f2829f1cae6866c8b2d1968e721,f382c7900331c0be2f56b95f8fd95ed77f86dd5d4b06239da078e03d180eee4d
d_643,train,drowsy,True,True,True,True,32,100,COMPLETE,COMPLETE,BOTH,29f74d12e4a522352868297c1661224c5d444f2829f1cae6866c8b2d1968e721,f382c7900331c0be2f56b95f8fd95ed77f86dd5d4b06239da078e03d180eee4d
d_644,train,drowsy,True,True,True,True,32,100,COMPLETE,COMPLETE,BOTH,29f74d12e4a522352868297c1661224c5d444f2829f1cae6866c8b2d1968e721,f382c7900331c0be2f56b95f8fd95ed77f86dd5d4b06239da078e03d180eee4d
d_645,train,drowsy,True,True,True,True,32,100,COMPLETE,COMPLETE,BOTH,29f74d12e4a522352868297c1661224c5d444f2829f1cae6866c8b2d1968e721,f382c7900331c0be2f56b95f8fd95ed77f86dd5d4b06239da078e03d180eee4d
d_646,train,drowsy,True,True,True,True,32,100,COMPLETE,COMPLETE,BOTH,29f74d12e4a522352868297c1661224c5d444f2829f1cae6866c8b2d1968e721,f382c7900331c0be2f56b95f8fd95ed77f86dd5d4b06239da078e03d180eee4d
d_647,train,drowsy,True,True,True,True,32,100,COMPLETE,COMPLETE,BOTH,29f74d12e4a522352868297c1661224c5d444f2829f1cae6866c8b2d1968e721,f382c7900331c0be2f56b95f8fd95ed77f86dd5d4b06239da078e03d180eee4d
d_648,train,drowsy,True,True,True,True,32,100,COMPLETE,COMPLETE,BOTH,29f74d12e4a522352868297c1661224c5d444f2829f1cae6866c8b2d1968e721,f382c7900331c0be2f56b95f8fd95ed77f86dd5d4b06239da078e03d180eee4d
d_649,train,drowsy,True,True,True,True,32,100,COMPLETE,COMPLETE,BOTH,29f74d12e4a522352868297c1661224c5d444f2829f1cae6866c8b2d1968e721,f382c7900331c0be2f56b95f8fd95ed77f86dd5d4b06239da078e03d180eee4d
d_65,train,drowsy,True,False,True,False,32,0,COMPLETE,EXCLUDED,CONTEXT_ONLY,29f74d12e4a522352868297c1661224c5d444f2829f1cae6866c8b2d1968e721,f382c7900331c0be2f56b95f8fd95ed77f86dd5d4b06239da078e03d180eee4d
d_651,train,drowsy,True,True,True,True,32,100,COMPLETE,COMPLETE,BOTH,29f74d12e4a522352868297c1661224c5d444f2829f1cae6866c8b2d1968e721,f382c7900331c0be2f56b95f8fd95ed77f86dd5d4b06239da078e03d180eee4d
d_652,train,drowsy,True,True,True,True,32,100,COMPLETE,COMPLETE,BOTH,29f74d12e4a522352868297c1661224c5d444f2829f1cae6866c8b2d1968e721,f382c7900331c0be2f56b95f8fd95ed77f86dd5d4b06239da078e03d180eee4d
d_653,val,drowsy,True,True,True,True,32,100,COMPLETE,COMPLETE,BOTH,29f74d12e4a522352868297c1661224c5d444f2829f1cae6866c8b2d1968e721,f382c7900331c0be2f56b95f8fd95ed77f86dd5d4b06239da078e03d180eee4d
d_654,train,drowsy,True,True,True,True,32,100,COMPLETE,COMPLETE,BOTH,29f74d12e4a522352868297c1661224c5d444f2829f1cae6866c8b2d1968e721,f382c7900331c0be2f56b95f8fd95ed77f86dd5d4b06239da078e03d180eee4d
d_655,train,drowsy,True,True,True,True,32,100,COMPLETE,COMPLETE,BOTH,29f74d12e4a522352868297c1661224c5d444f2829f1cae6866c8b2d1968e721,f382c7900331c0be2f56b95f8fd95ed77f86dd5d4b06239da078e03d180eee4d
d_659,train,drowsy,True,True,True,True,32,100,COMPLETE,COMPLETE,BOTH,29f74d12e4a522352868297c1661224c5d444f2829f1cae6866c8b2d1968e721,f382c7900331c0be2f56b95f8fd95ed77f86dd5d4b06239da078e03d180eee4d
d_66,train,drowsy,True,False,True,False,32,0,COMPLETE,EXCLUDED,CONTEXT_ONLY,29f74d12e4a522352868297c1661224c5d444f2829f1cae6866c8b2d1968e721,f382c7900331c0be2f56b95f8fd95ed77f86dd5d4b06239da078e03d180eee4d
d_660,train,drowsy,True,True,True,True,32,100,COMPLETE,COMPLETE,BOTH,29f74d12e4a522352868297c1661224c5d444f2829f1cae6866c8b2d1968e721,f382c7900331c0be2f56b95f8fd95ed77f86dd5d4b06239da078e03d180eee4d
d_661,train,drowsy,True,True,True,True,32,100,COMPLETE,COMPLETE,BOTH,29f74d12e4a522352868297c1661224c5d444f2829f1cae6866c8b2d1968e721,f382c7900331c0be2f56b95f8fd95ed77f86dd5d4b06239da078e03d180eee4d
d_662,train,drowsy,True,True,True,True,32,100,COMPLETE,COMPLETE,BOTH,29f74d12e4a522352868297c1661224c5d444f2829f1cae6866c8b2d1968e721,f382c7900331c0be2f56b95f8fd95ed77f86dd5d4b06239da078e03d180eee4d
d_663,train,drowsy,True,True,True,True,32,100,COMPLETE,COMPLETE,BOTH,29f74d12e4a522352868297c1661224c5d444f2829f1cae6866c8b2d1968e721,f382c7900331c0be2f56b95f8fd95ed77f86dd5d4b06239da078e03d180eee4d
d_664,val,drowsy,True,True,True,True,32,100,COMPLETE,COMPLETE,BOTH,29f74d12e4a522352868297c1661224c5d444f2829f1cae6866c8b2d1968e721,f382c7900331c0be2f56b95f8fd95ed77f86dd5d4b06239da078e03d180eee4d
d_666,val,drowsy,True,True,True,True,32,100,COMPLETE,COMPLETE,BOTH,29f74d12e4a522352868297c1661224c5d444f2829f1cae6866c8b2d1968e721,f382c7900331c0be2f56b95f8fd95ed77f86dd5d4b06239da078e03d180eee4d
d_669,train,drowsy,True,True,True,True,32,100,COMPLETE,COMPLETE,BOTH,29f74d12e4a522352868297c1661224c5d444f2829f1cae6866c8b2d1968e721,f382c7900331c0be2f56b95f8fd95ed77f86dd5d4b06239da078e03d180eee4d
d_67,train,drowsy,True,True,True,True,32,100,COMPLETE,COMPLETE,BOTH,29f74d12e4a522352868297c1661224c5d444f2829f1cae6866c8b2d1968e721,f382c7900331c0be2f56b95f8fd95ed77f86dd5d4b06239da078e03d180eee4d
d_670,train,drowsy,True,True,True,True,32,100,COMPLETE,COMPLETE,BOTH,29f74d12e4a522352868297c1661224c5d444f2829f1cae6866c8b2d1968e721,f382c7900331c0be2f56b95f8fd95ed77f86dd5d4b06239da078e03d180eee4d
d_671,train,drowsy,True,True,True,True,32,100,COMPLETE,COMPLETE,BOTH,29f74d12e4a522352868297c1661224c5d444f2829f1cae6866c8b2d1968e721,f382c7900331c0be2f56b95f8fd95ed77f86dd5d4b06239da078e03d180eee4d
d_672,train,drowsy,True,True,True,True,32,100,COMPLETE,COMPLETE,BOTH,29f74d12e4a522352868297c1661224c5d444f2829f1cae6866c8b2d1968e721,f382c7900331c0be2f56b95f8fd95ed77f86dd5d4b06239da078e03d180eee4d
d_673,train,drowsy,True,True,True,True,32,100,COMPLETE,COMPLETE,BOTH,29f74d12e4a522352868297c1661224c5d444f2829f1cae6866c8b2d1968e721,f382c7900331c0be2f56b95f8fd95ed77f86dd5d4b06239da078e03d180eee4d
d_674,train,drowsy,True,True,True,True,32,100,COMPLETE,COMPLETE,BOTH,29f74d12e4a522352868297c1661224c5d444f2829f1cae6866c8b2d1968e721,f382c7900331c0be2f56b95f8fd95ed77f86dd5d4b06239da078e03d180eee4d
d_675,train,drowsy,True,True,True,True,32,100,COMPLETE,COMPLETE,BOTH,29f74d12e4a522352868297c1661224c5d444f2829f1cae6866c8b2d1968e721,f382c7900331c0be2f56b95f8fd95ed77f86dd5d4b06239da078e03d180eee4d
d_676,train,drowsy,True,True,True,True,32,100,COMPLETE,COMPLETE,BOTH,29f74d12e4a522352868297c1661224c5d444f2829f1cae6866c8b2d1968e721,f382c7900331c0be2f56b95f8fd95ed77f86dd5d4b06239da078e03d180eee4d
d_677,train,drowsy,True,True,True,True,32,100,COMPLETE,COMPLETE,BOTH,29f74d12e4a522352868297c1661224c5d444f2829f1cae6866c8b2d1968e721,f382c7900331c0be2f56b95f8fd95ed77f86dd5d4b06239da078e03d180eee4d
d_678,train,drowsy,True,True,True,True,32,100,COMPLETE,COMPLETE,BOTH,29f74d12e4a522352868297c1661224c5d444f2829f1cae6866c8b2d1968e721,f382c7900331c0be2f56b95f8fd95ed77f86dd5d4b06239da078e03d180eee4d
d_679,train,drowsy,True,True,True,True,32,100,COMPLETE,COMPLETE,BOTH,29f74d12e4a522352868297c1661224c5d444f2829f1cae6866c8b2d1968e721,f382c7900331c0be2f56b95f8fd95ed77f86dd5d4b06239da078e03d180eee4d
d_68,train,drowsy,True,True,True,True,32,100,COMPLETE,COMPLETE,BOTH,29f74d12e4a522352868297c1661224c5d444f2829f1cae6866c8b2d1968e721,f382c7900331c0be2f56b95f8fd95ed77f86dd5d4b06239da078e03d180eee4d
d_680,train,drowsy,True,True,True,True,32,100,COMPLETE,COMPLETE,BOTH,29f74d12e4a522352868297c1661224c5d444f2829f1cae6866c8b2d1968e721,f382c7900331c0be2f56b95f8fd95ed77f86dd5d4b06239da078e03d180eee4d
d_681,train,drowsy,True,True,True,True,32,100,COMPLETE,COMPLETE,BOTH,29f74d12e4a522352868297c1661224c5d444f2829f1cae6866c8b2d1968e721,f382c7900331c0be2f56b95f8fd95ed77f86dd5d4b06239da078e03d180eee4d
d_682,val,drowsy,True,True,True,True,32,100,COMPLETE,COMPLETE,BOTH,29f74d12e4a522352868297c1661224c5d444f2829f1cae6866c8b2d1968e721,f382c7900331c0be2f56b95f8fd95ed77f86dd5d4b06239da078e03d180eee4d
d_683,train,drowsy,True,True,True,True,32,100,COMPLETE,COMPLETE,BOTH,29f74d12e4a522352868297c1661224c5d444f2829f1cae6866c8b2d1968e721,f382c7900331c0be2f56b95f8fd95ed77f86dd5d4b06239da078e03d180eee4d
d_684,val,drowsy,True,True,True,True,32,100,COMPLETE,COMPLETE,BOTH,29f74d12e4a522352868297c1661224c5d444f2829f1cae6866c8b2d1968e721,f382c7900331c0be2f56b95f8fd95ed77f86dd5d4b06239da078e03d180eee4d
d_685,train,drowsy,True,True,True,True,32,100,COMPLETE,COMPLETE,BOTH,29f74d12e4a522352868297c1661224c5d444f2829f1cae6866c8b2d1968e721,f382c7900331c0be2f56b95f8fd95ed77f86dd5d4b06239da078e03d180eee4d
d_686,train,drowsy,True,True,True,True,32,100,COMPLETE,COMPLETE,BOTH,29f74d12e4a522352868297c1661224c5d444f2829f1cae6866c8b2d1968e721,f382c7900331c0be2f56b95f8fd95ed77f86dd5d4b06239da078e03d180eee4d
d_687,train,drowsy,True,True,True,True,32,100,COMPLETE,COMPLETE,BOTH,29f74d12e4a522352868297c1661224c5d444f2829f1cae6866c8b2d1968e721,f382c7900331c0be2f56b95f8fd95ed77f86dd5d4b06239da078e03d180eee4d
d_689,train,drowsy,True,True,True,True,32,100,COMPLETE,COMPLETE,BOTH,29f74d12e4a522352868297c1661224c5d444f2829f1cae6866c8b2d1968e721,f382c7900331c0be2f56b95f8fd95ed77f86dd5d4b06239da078e03d180eee4d
d_69,val,drowsy,True,True,True,True,32,100,COMPLETE,COMPLETE,BOTH,29f74d12e4a522352868297c1661224c5d444f2829f1cae6866c8b2d1968e721,f382c7900331c0be2f56b95f8fd95ed77f86dd5d4b06239da078e03d180eee4d
d_690,train,drowsy,True,True,True,True,32,100,COMPLETE,COMPLETE,BOTH,29f74d12e4a522352868297c1661224c5d444f2829f1cae6866c8b2d1968e721,f382c7900331c0be2f56b95f8fd95ed77f86dd5d4b06239da078e03d180eee4d
d_691,train,drowsy,True,True,True,True,32,100,COMPLETE,COMPLETE,BOTH,29f74d12e4a522352868297c1661224c5d444f2829f1cae6866c8b2d1968e721,f382c7900331c0be2f56b95f8fd95ed77f86dd5d4b06239da078e03d180eee4d
d_692,train,drowsy,True,True,True,True,32,100,COMPLETE,COMPLETE,BOTH,29f74d12e4a522352868297c1661224c5d444f2829f1cae6866c8b2d1968e721,f382c7900331c0be2f56b95f8fd95ed77f86dd5d4b06239da078e03d180eee4d
d_693,train,drowsy,True,True,True,True,32,100,COMPLETE,COMPLETE,BOTH,29f74d12e4a522352868297c1661224c5d444f2829f1cae6866c8b2d1968e721,f382c7900331c0be2f56b95f8fd95ed77f86dd5d4b06239da078e03d180eee4d
d_694,train,drowsy,True,True,True,True,32,100,COMPLETE,COMPLETE,BOTH,29f74d12e4a522352868297c1661224c5d444f2829f1cae6866c8b2d1968e721,f382c7900331c0be2f56b95f8fd95ed77f86dd5d4b06239da078e03d180eee4d
d_695,train,drowsy,True,True,True,True,32,100,COMPLETE,COMPLETE,BOTH,29f74d12e4a522352868297c1661224c5d444f2829f1cae6866c8b2d1968e721,f382c7900331c0be2f56b95f8fd95ed77f86dd5d4b06239da078e03d180eee4d
d_697,val,drowsy,True,True,True,True,32,100,COMPLETE,COMPLETE,BOTH,29f74d12e4a522352868297c1661224c5d444f2829f1cae6866c8b2d1968e721,f382c7900331c0be2f56b95f8fd95ed77f86dd5d4b06239da078e03d180eee4d
d_698,train,drowsy,True,False,True,False,32,0,COMPLETE,EXCLUDED,CONTEXT_ONLY,29f74d12e4a522352868297c1661224c5d444f2829f1cae6866c8b2d1968e721,f382c7900331c0be2f56b95f8fd95ed77f86dd5d4b06239da078e03d180eee4d
d_699,train,drowsy,True,True,True,True,32,100,COMPLETE,COMPLETE,BOTH,29f74d12e4a522352868297c1661224c5d444f2829f1cae6866c8b2d1968e721,f382c7900331c0be2f56b95f8fd95ed77f86dd5d4b06239da078e03d180eee4d
d_7,train,drowsy,True,True,True,True,32,100,COMPLETE,COMPLETE,BOTH,29f74d12e4a522352868297c1661224c5d444f2829f1cae6866c8b2d1968e721,f382c7900331c0be2f56b95f8fd95ed77f86dd5d4b06239da078e03d180eee4d
d_70,train,drowsy,True,True,True,True,32,100,COMPLETE,COMPLETE,BOTH,29f74d12e4a522352868297c1661224c5d444f2829f1cae6866c8b2d1968e721,f382c7900331c0be2f56b95f8fd95ed77f86dd5d4b06239da078e03d180eee4d
d_700,val,drowsy,True,True,True,True,32,100,COMPLETE,COMPLETE,BOTH,29f74d12e4a522352868297c1661224c5d444f2829f1cae6866c8b2d1968e721,f382c7900331c0be2f56b95f8fd95ed77f86dd5d4b06239da078e03d180eee4d
d_702,train,drowsy,True,True,True,True,32,100,COMPLETE,COMPLETE,BOTH,29f74d12e4a522352868297c1661224c5d444f2829f1cae6866c8b2d1968e721,f382c7900331c0be2f56b95f8fd95ed77f86dd5d4b06239da078e03d180eee4d
d_703,train,drowsy,True,True,True,True,32,100,COMPLETE,COMPLETE,BOTH,29f74d12e4a522352868297c1661224c5d444f2829f1cae6866c8b2d1968e721,f382c7900331c0be2f56b95f8fd95ed77f86dd5d4b06239da078e03d180eee4d
d_704,train,drowsy,True,True,True,True,32,100,COMPLETE,COMPLETE,BOTH,29f74d12e4a522352868297c1661224c5d444f2829f1cae6866c8b2d1968e721,f382c7900331c0be2f56b95f8fd95ed77f86dd5d4b06239da078e03d180eee4d
d_706,train,drowsy,True,True,True,True,32,100,COMPLETE,COMPLETE,BOTH,29f74d12e4a522352868297c1661224c5d444f2829f1cae6866c8b2d1968e721,f382c7900331c0be2f56b95f8fd95ed77f86dd5d4b06239da078e03d180eee4d
d_707,train,drowsy,True,True,True,True,32,100,COMPLETE,COMPLETE,BOTH,29f74d12e4a522352868297c1661224c5d444f2829f1cae6866c8b2d1968e721,f382c7900331c0be2f56b95f8fd95ed77f86dd5d4b06239da078e03d180eee4d
d_708,train,drowsy,True,True,True,True,32,100,COMPLETE,COMPLETE,BOTH,29f74d12e4a522352868297c1661224c5d444f2829f1cae6866c8b2d1968e721,f382c7900331c0be2f56b95f8fd95ed77f86dd5d4b06239da078e03d180eee4d
d_709,train,drowsy,True,True,True,True,32,100,COMPLETE,COMPLETE,BOTH,29f74d12e4a522352868297c1661224c5d444f2829f1cae6866c8b2d1968e721,f382c7900331c0be2f56b95f8fd95ed77f86dd5d4b06239da078e03d180eee4d
d_71,val,drowsy,True,True,True,True,32,100,COMPLETE,COMPLETE,BOTH,29f74d12e4a522352868297c1661224c5d444f2829f1cae6866c8b2d1968e721,f382c7900331c0be2f56b95f8fd95ed77f86dd5d4b06239da078e03d180eee4d
d_711,train,drowsy,True,True,True,True,32,100,COMPLETE,COMPLETE,BOTH,29f74d12e4a522352868297c1661224c5d444f2829f1cae6866c8b2d1968e721,f382c7900331c0be2f56b95f8fd95ed77f86dd5d4b06239da078e03d180eee4d
d_712,val,drowsy,True,True,True,True,32,100,COMPLETE,COMPLETE,BOTH,29f74d12e4a522352868297c1661224c5d444f2829f1cae6866c8b2d1968e721,f382c7900331c0be2f56b95f8fd95ed77f86dd5d4b06239da078e03d180eee4d
d_713,train,drowsy,True,True,True,True,32,100,COMPLETE,COMPLETE,BOTH,29f74d12e4a522352868297c1661224c5d444f2829f1cae6866c8b2d1968e721,f382c7900331c0be2f56b95f8fd95ed77f86dd5d4b06239da078e03d180eee4d
d_714,train,drowsy,True,True,True,True,32,100,COMPLETE,COMPLETE,BOTH,29f74d12e4a522352868297c1661224c5d444f2829f1cae6866c8b2d1968e721,f382c7900331c0be2f56b95f8fd95ed77f86dd5d4b06239da078e03d180eee4d
d_715,train,drowsy,True,True,True,True,32,100,COMPLETE,COMPLETE,BOTH,29f74d12e4a522352868297c1661224c5d444f2829f1cae6866c8b2d1968e721,f382c7900331c0be2f56b95f8fd95ed77f86dd5d4b06239da078e03d180eee4d
d_716,train,drowsy,True,True,True,True,32,100,COMPLETE,COMPLETE,BOTH,29f74d12e4a522352868297c1661224c5d444f2829f1cae6866c8b2d1968e721,f382c7900331c0be2f56b95f8fd95ed77f86dd5d4b06239da078e03d180eee4d
d_718,train,drowsy,True,True,True,True,32,100,COMPLETE,COMPLETE,BOTH,29f74d12e4a522352868297c1661224c5d444f2829f1cae6866c8b2d1968e721,f382c7900331c0be2f56b95f8fd95ed77f86dd5d4b06239da078e03d180eee4d
d_719,train,drowsy,True,True,True,True,32,100,COMPLETE,COMPLETE,BOTH,29f74d12e4a522352868297c1661224c5d444f2829f1cae6866c8b2d1968e721,f382c7900331c0be2f56b95f8fd95ed77f86dd5d4b06239da078e03d180eee4d
d_72,train,drowsy,False,False,False,False,0,0,EXCLUDED,EXCLUDED,NEITHER,29f74d12e4a522352868297c1661224c5d444f2829f1cae6866c8b2d1968e721,f382c7900331c0be2f56b95f8fd95ed77f86dd5d4b06239da078e03d180eee4d
d_720,train,drowsy,True,True,True,True,32,100,COMPLETE,COMPLETE,BOTH,29f74d12e4a522352868297c1661224c5d444f2829f1cae6866c8b2d1968e721,f382c7900331c0be2f56b95f8fd95ed77f86dd5d4b06239da078e03d180eee4d
d_722,train,drowsy,True,True,True,True,32,100,COMPLETE,COMPLETE,BOTH,29f74d12e4a522352868297c1661224c5d444f2829f1cae6866c8b2d1968e721,f382c7900331c0be2f56b95f8fd95ed77f86dd5d4b06239da078e03d180eee4d
d_723,train,drowsy,True,True,True,True,32,100,COMPLETE,COMPLETE,BOTH,29f74d12e4a522352868297c1661224c5d444f2829f1cae6866c8b2d1968e721,f382c7900331c0be2f56b95f8fd95ed77f86dd5d4b06239da078e03d180eee4d
d_724,train,drowsy,True,True,True,True,32,100,COMPLETE,COMPLETE,BOTH,29f74d12e4a522352868297c1661224c5d444f2829f1cae6866c8b2d1968e721,f382c7900331c0be2f56b95f8fd95ed77f86dd5d4b06239da078e03d180eee4d
d_725,train,drowsy,True,True,True,True,32,100,COMPLETE,COMPLETE,BOTH,29f74d12e4a522352868297c1661224c5d444f2829f1cae6866c8b2d1968e721,f382c7900331c0be2f56b95f8fd95ed77f86dd5d4b06239da078e03d180eee4d
d_726,train,drowsy,True,True,True,True,32,100,COMPLETE,COMPLETE,BOTH,29f74d12e4a522352868297c1661224c5d444f2829f1cae6866c8b2d1968e721,f382c7900331c0be2f56b95f8fd95ed77f86dd5d4b06239da078e03d180eee4d
d_727,train,drowsy,True,True,True,True,32,100,COMPLETE,COMPLETE,BOTH,29f74d12e4a522352868297c1661224c5d444f2829f1cae6866c8b2d1968e721,f382c7900331c0be2f56b95f8fd95ed77f86dd5d4b06239da078e03d180eee4d
d_728,train,drowsy,True,True,True,True,32,100,COMPLETE,COMPLETE,BOTH,29f74d12e4a522352868297c1661224c5d444f2829f1cae6866c8b2d1968e721,f382c7900331c0be2f56b95f8fd95ed77f86dd5d4b06239da078e03d180eee4d
d_729,train,drowsy,True,True,True,True,32,100,COMPLETE,COMPLETE,BOTH,29f74d12e4a522352868297c1661224c5d444f2829f1cae6866c8b2d1968e721,f382c7900331c0be2f56b95f8fd95ed77f86dd5d4b06239da078e03d180eee4d
d_73,train,drowsy,True,False,True,False,32,0,COMPLETE,EXCLUDED,CONTEXT_ONLY,29f74d12e4a522352868297c1661224c5d444f2829f1cae6866c8b2d1968e721,f382c7900331c0be2f56b95f8fd95ed77f86dd5d4b06239da078e03d180eee4d
d_730,train,drowsy,True,True,True,True,32,100,COMPLETE,COMPLETE,BOTH,29f74d12e4a522352868297c1661224c5d444f2829f1cae6866c8b2d1968e721,f382c7900331c0be2f56b95f8fd95ed77f86dd5d4b06239da078e03d180eee4d
d_731,train,drowsy,True,True,True,True,32,100,COMPLETE,COMPLETE,BOTH,29f74d12e4a522352868297c1661224c5d444f2829f1cae6866c8b2d1968e721,f382c7900331c0be2f56b95f8fd95ed77f86dd5d4b06239da078e03d180eee4d
d_732,train,drowsy,True,True,True,True,32,100,COMPLETE,COMPLETE,BOTH,29f74d12e4a522352868297c1661224c5d444f2829f1cae6866c8b2d1968e721,f382c7900331c0be2f56b95f8fd95ed77f86dd5d4b06239da078e03d180eee4d
d_733,val,drowsy,True,True,True,True,32,100,COMPLETE,COMPLETE,BOTH,29f74d12e4a522352868297c1661224c5d444f2829f1cae6866c8b2d1968e721,f382c7900331c0be2f56b95f8fd95ed77f86dd5d4b06239da078e03d180eee4d
d_734,val,drowsy,True,True,True,True,32,100,COMPLETE,COMPLETE,BOTH,29f74d12e4a522352868297c1661224c5d444f2829f1cae6866c8b2d1968e721,f382c7900331c0be2f56b95f8fd95ed77f86dd5d4b06239da078e03d180eee4d
d_735,train,drowsy,True,True,True,True,32,100,COMPLETE,COMPLETE,BOTH,29f74d12e4a522352868297c1661224c5d444f2829f1cae6866c8b2d1968e721,f382c7900331c0be2f56b95f8fd95ed77f86dd5d4b06239da078e03d180eee4d
d_736,train,drowsy,True,True,True,True,32,100,COMPLETE,COMPLETE,BOTH,29f74d12e4a522352868297c1661224c5d444f2829f1cae6866c8b2d1968e721,f382c7900331c0be2f56b95f8fd95ed77f86dd5d4b06239da078e03d180eee4d
d_737,train,drowsy,True,True,True,True,32,100,COMPLETE,COMPLETE,BOTH,29f74d12e4a522352868297c1661224c5d444f2829f1cae6866c8b2d1968e721,f382c7900331c0be2f56b95f8fd95ed77f86dd5d4b06239da078e03d180eee4d
d_738,train,drowsy,True,True,True,True,32,100,COMPLETE,COMPLETE,BOTH,29f74d12e4a522352868297c1661224c5d444f2829f1cae6866c8b2d1968e721,f382c7900331c0be2f56b95f8fd95ed77f86dd5d4b06239da078e03d180eee4d
d_739,train,drowsy,True,True,True,True,32,100,COMPLETE,COMPLETE,BOTH,29f74d12e4a522352868297c1661224c5d444f2829f1cae6866c8b2d1968e721,f382c7900331c0be2f56b95f8fd95ed77f86dd5d4b06239da078e03d180eee4d
d_74,train,drowsy,False,False,False,False,0,0,EXCLUDED,EXCLUDED,NEITHER,29f74d12e4a522352868297c1661224c5d444f2829f1cae6866c8b2d1968e721,f382c7900331c0be2f56b95f8fd95ed77f86dd5d4b06239da078e03d180eee4d
d_741,train,drowsy,True,True,True,True,32,100,COMPLETE,COMPLETE,BOTH,29f74d12e4a522352868297c1661224c5d444f2829f1cae6866c8b2d1968e721,f382c7900331c0be2f56b95f8fd95ed77f86dd5d4b06239da078e03d180eee4d
d_742,train,drowsy,True,True,True,True,32,100,COMPLETE,COMPLETE,BOTH,29f74d12e4a522352868297c1661224c5d444f2829f1cae6866c8b2d1968e721,f382c7900331c0be2f56b95f8fd95ed77f86dd5d4b06239da078e03d180eee4d
d_743,val,drowsy,True,True,True,True,32,100,COMPLETE,COMPLETE,BOTH,29f74d12e4a522352868297c1661224c5d444f2829f1cae6866c8b2d1968e721,f382c7900331c0be2f56b95f8fd95ed77f86dd5d4b06239da078e03d180eee4d
d_744,train,drowsy,True,True,True,True,32,100,COMPLETE,COMPLETE,BOTH,29f74d12e4a522352868297c1661224c5d444f2829f1cae6866c8b2d1968e721,f382c7900331c0be2f56b95f8fd95ed77f86dd5d4b06239da078e03d180eee4d
d_746,train,drowsy,True,True,True,True,32,100,COMPLETE,COMPLETE,BOTH,29f74d12e4a522352868297c1661224c5d444f2829f1cae6866c8b2d1968e721,f382c7900331c0be2f56b95f8fd95ed77f86dd5d4b06239da078e03d180eee4d
d_748,train,drowsy,True,True,True,True,32,100,COMPLETE,COMPLETE,BOTH,29f74d12e4a522352868297c1661224c5d444f2829f1cae6866c8b2d1968e721,f382c7900331c0be2f56b95f8fd95ed77f86dd5d4b06239da078e03d180eee4d
d_75,train,drowsy,True,True,True,True,32,100,COMPLETE,COMPLETE,BOTH,29f74d12e4a522352868297c1661224c5d444f2829f1cae6866c8b2d1968e721,f382c7900331c0be2f56b95f8fd95ed77f86dd5d4b06239da078e03d180eee4d
d_750,val,drowsy,True,True,True,True,32,100,COMPLETE,COMPLETE,BOTH,29f74d12e4a522352868297c1661224c5d444f2829f1cae6866c8b2d1968e721,f382c7900331c0be2f56b95f8fd95ed77f86dd5d4b06239da078e03d180eee4d
d_751,val,drowsy,True,True,True,True,32,100,COMPLETE,COMPLETE,BOTH,29f74d12e4a522352868297c1661224c5d444f2829f1cae6866c8b2d1968e721,f382c7900331c0be2f56b95f8fd95ed77f86dd5d4b06239da078e03d180eee4d
d_753,val,drowsy,True,True,True,True,32,100,COMPLETE,COMPLETE,BOTH,29f74d12e4a522352868297c1661224c5d444f2829f1cae6866c8b2d1968e721,f382c7900331c0be2f56b95f8fd95ed77f86dd5d4b06239da078e03d180eee4d
d_754,train,drowsy,True,True,True,True,32,100,COMPLETE,COMPLETE,BOTH,29f74d12e4a522352868297c1661224c5d444f2829f1cae6866c8b2d1968e721,f382c7900331c0be2f56b95f8fd95ed77f86dd5d4b06239da078e03d180eee4d
d_755,train,drowsy,True,True,True,True,32,100,COMPLETE,COMPLETE,BOTH,29f74d12e4a522352868297c1661224c5d444f2829f1cae6866c8b2d1968e721,f382c7900331c0be2f56b95f8fd95ed77f86dd5d4b06239da078e03d180eee4d
d_756,val,drowsy,True,True,True,True,32,100,COMPLETE,COMPLETE,BOTH,29f74d12e4a522352868297c1661224c5d444f2829f1cae6866c8b2d1968e721,f382c7900331c0be2f56b95f8fd95ed77f86dd5d4b06239da078e03d180eee4d
d_757,train,drowsy,True,True,True,True,32,100,COMPLETE,COMPLETE,BOTH,29f74d12e4a522352868297c1661224c5d444f2829f1cae6866c8b2d1968e721,f382c7900331c0be2f56b95f8fd95ed77f86dd5d4b06239da078e03d180eee4d
d_758,train,drowsy,True,True,True,True,32,100,COMPLETE,COMPLETE,BOTH,29f74d12e4a522352868297c1661224c5d444f2829f1cae6866c8b2d1968e721,f382c7900331c0be2f56b95f8fd95ed77f86dd5d4b06239da078e03d180eee4d
d_759,train,drowsy,True,True,True,True,32,100,COMPLETE,COMPLETE,BOTH,29f74d12e4a522352868297c1661224c5d444f2829f1cae6866c8b2d1968e721,f382c7900331c0be2f56b95f8fd95ed77f86dd5d4b06239da078e03d180eee4d
d_76,train,drowsy,False,False,False,False,0,0,EXCLUDED,EXCLUDED,NEITHER,29f74d12e4a522352868297c1661224c5d444f2829f1cae6866c8b2d1968e721,f382c7900331c0be2f56b95f8fd95ed77f86dd5d4b06239da078e03d180eee4d
d_761,val,drowsy,True,True,True,True,32,100,COMPLETE,COMPLETE,BOTH,29f74d12e4a522352868297c1661224c5d444f2829f1cae6866c8b2d1968e721,f382c7900331c0be2f56b95f8fd95ed77f86dd5d4b06239da078e03d180eee4d
d_762,train,drowsy,True,False,True,False,32,0,COMPLETE,EXCLUDED,CONTEXT_ONLY,29f74d12e4a522352868297c1661224c5d444f2829f1cae6866c8b2d1968e721,f382c7900331c0be2f56b95f8fd95ed77f86dd5d4b06239da078e03d180eee4d
d_763,train,drowsy,True,True,True,True,32,100,COMPLETE,COMPLETE,BOTH,29f74d12e4a522352868297c1661224c5d444f2829f1cae6866c8b2d1968e721,f382c7900331c0be2f56b95f8fd95ed77f86dd5d4b06239da078e03d180eee4d
d_764,train,drowsy,True,True,True,True,32,100,COMPLETE,COMPLETE,BOTH,29f74d12e4a522352868297c1661224c5d444f2829f1cae6866c8b2d1968e721,f382c7900331c0be2f56b95f8fd95ed77f86dd5d4b06239da078e03d180eee4d
d_765,train,drowsy,True,True,True,True,32,100,COMPLETE,COMPLETE,BOTH,29f74d12e4a522352868297c1661224c5d444f2829f1cae6866c8b2d1968e721,f382c7900331c0be2f56b95f8fd95ed77f86dd5d4b06239da078e03d180eee4d
d_767,train,drowsy,True,True,True,True,32,100,COMPLETE,COMPLETE,BOTH,29f74d12e4a522352868297c1661224c5d444f2829f1cae6866c8b2d1968e721,f382c7900331c0be2f56b95f8fd95ed77f86dd5d4b06239da078e03d180eee4d
d_768,train,drowsy,True,True,True,True,32,100,COMPLETE,COMPLETE,BOTH,29f74d12e4a522352868297c1661224c5d444f2829f1cae6866c8b2d1968e721,f382c7900331c0be2f56b95f8fd95ed77f86dd5d4b06239da078e03d180eee4d
d_769,train,drowsy,True,True,True,True,32,100,COMPLETE,COMPLETE,BOTH,29f74d12e4a522352868297c1661224c5d444f2829f1cae6866c8b2d1968e721,f382c7900331c0be2f56b95f8fd95ed77f86dd5d4b06239da078e03d180eee4d
d_770,train,drowsy,True,True,True,True,32,100,COMPLETE,COMPLETE,BOTH,29f74d12e4a522352868297c1661224c5d444f2829f1cae6866c8b2d1968e721,f382c7900331c0be2f56b95f8fd95ed77f86dd5d4b06239da078e03d180eee4d
d_771,val,drowsy,True,True,True,True,32,100,COMPLETE,COMPLETE,BOTH,29f74d12e4a522352868297c1661224c5d444f2829f1cae6866c8b2d1968e721,f382c7900331c0be2f56b95f8fd95ed77f86dd5d4b06239da078e03d180eee4d
d_772,val,drowsy,True,False,True,False,32,0,COMPLETE,EXCLUDED,CONTEXT_ONLY,29f74d12e4a522352868297c1661224c5d444f2829f1cae6866c8b2d1968e721,f382c7900331c0be2f56b95f8fd95ed77f86dd5d4b06239da078e03d180eee4d
d_773,train,drowsy,True,True,True,True,32,100,COMPLETE,COMPLETE,BOTH,29f74d12e4a522352868297c1661224c5d444f2829f1cae6866c8b2d1968e721,f382c7900331c0be2f56b95f8fd95ed77f86dd5d4b06239da078e03d180eee4d
d_774,train,drowsy,True,True,True,True,32,100,COMPLETE,COMPLETE,BOTH,29f74d12e4a522352868297c1661224c5d444f2829f1cae6866c8b2d1968e721,f382c7900331c0be2f56b95f8fd95ed77f86dd5d4b06239da078e03d180eee4d
d_775,val,drowsy,True,False,True,False,32,0,COMPLETE,EXCLUDED,CONTEXT_ONLY,29f74d12e4a522352868297c1661224c5d444f2829f1cae6866c8b2d1968e721,f382c7900331c0be2f56b95f8fd95ed77f86dd5d4b06239da078e03d180eee4d
d_777,train,drowsy,True,True,True,True,32,100,COMPLETE,COMPLETE,BOTH,29f74d12e4a522352868297c1661224c5d444f2829f1cae6866c8b2d1968e721,f382c7900331c0be2f56b95f8fd95ed77f86dd5d4b06239da078e03d180eee4d
d_778,train,drowsy,True,False,True,False,32,0,COMPLETE,EXCLUDED,CONTEXT_ONLY,29f74d12e4a522352868297c1661224c5d444f2829f1cae6866c8b2d1968e721,f382c7900331c0be2f56b95f8fd95ed77f86dd5d4b06239da078e03d180eee4d
d_779,train,drowsy,True,True,True,True,32,100,COMPLETE,COMPLETE,BOTH,29f74d12e4a522352868297c1661224c5d444f2829f1cae6866c8b2d1968e721,f382c7900331c0be2f56b95f8fd95ed77f86dd5d4b06239da078e03d180eee4d
d_78,train,drowsy,True,True,True,True,32,100,COMPLETE,COMPLETE,BOTH,29f74d12e4a522352868297c1661224c5d444f2829f1cae6866c8b2d1968e721,f382c7900331c0be2f56b95f8fd95ed77f86dd5d4b06239da078e03d180eee4d
d_780,train,drowsy,True,True,True,True,32,100,COMPLETE,COMPLETE,BOTH,29f74d12e4a522352868297c1661224c5d444f2829f1cae6866c8b2d1968e721,f382c7900331c0be2f56b95f8fd95ed77f86dd5d4b06239da078e03d180eee4d
d_781,train,drowsy,True,False,True,False,32,0,COMPLETE,EXCLUDED,CONTEXT_ONLY,29f74d12e4a522352868297c1661224c5d444f2829f1cae6866c8b2d1968e721,f382c7900331c0be2f56b95f8fd95ed77f86dd5d4b06239da078e03d180eee4d
d_782,train,drowsy,True,True,True,True,32,100,COMPLETE,COMPLETE,BOTH,29f74d12e4a522352868297c1661224c5d444f2829f1cae6866c8b2d1968e721,f382c7900331c0be2f56b95f8fd95ed77f86dd5d4b06239da078e03d180eee4d
d_783,train,drowsy,True,True,True,True,32,100,COMPLETE,COMPLETE,BOTH,29f74d12e4a522352868297c1661224c5d444f2829f1cae6866c8b2d1968e721,f382c7900331c0be2f56b95f8fd95ed77f86dd5d4b06239da078e03d180eee4d
d_785,val,drowsy,True,True,True,True,32,100,COMPLETE,COMPLETE,BOTH,29f74d12e4a522352868297c1661224c5d444f2829f1cae6866c8b2d1968e721,f382c7900331c0be2f56b95f8fd95ed77f86dd5d4b06239da078e03d180eee4d
d_786,val,drowsy,True,True,True,True,32,100,COMPLETE,COMPLETE,BOTH,29f74d12e4a522352868297c1661224c5d444f2829f1cae6866c8b2d1968e721,f382c7900331c0be2f56b95f8fd95ed77f86dd5d4b06239da078e03d180eee4d
d_787,train,drowsy,False,False,False,False,0,0,EXCLUDED,EXCLUDED,NEITHER,29f74d12e4a522352868297c1661224c5d444f2829f1cae6866c8b2d1968e721,f382c7900331c0be2f56b95f8fd95ed77f86dd5d4b06239da078e03d180eee4d
d_788,val,drowsy,True,True,True,True,32,100,COMPLETE,COMPLETE,BOTH,29f74d12e4a522352868297c1661224c5d444f2829f1cae6866c8b2d1968e721,f382c7900331c0be2f56b95f8fd95ed77f86dd5d4b06239da078e03d180eee4d
d_79,train,drowsy,True,False,True,False,32,0,COMPLETE,EXCLUDED,CONTEXT_ONLY,29f74d12e4a522352868297c1661224c5d444f2829f1cae6866c8b2d1968e721,f382c7900331c0be2f56b95f8fd95ed77f86dd5d4b06239da078e03d180eee4d
d_790,train,drowsy,True,True,True,True,32,100,COMPLETE,COMPLETE,BOTH,29f74d12e4a522352868297c1661224c5d444f2829f1cae6866c8b2d1968e721,f382c7900331c0be2f56b95f8fd95ed77f86dd5d4b06239da078e03d180eee4d
d_791,train,drowsy,True,True,True,True,32,100,COMPLETE,COMPLETE,BOTH,29f74d12e4a522352868297c1661224c5d444f2829f1cae6866c8b2d1968e721,f382c7900331c0be2f56b95f8fd95ed77f86dd5d4b06239da078e03d180eee4d
d_792,train,drowsy,True,True,True,True,32,100,COMPLETE,COMPLETE,BOTH,29f74d12e4a522352868297c1661224c5d444f2829f1cae6866c8b2d1968e721,f382c7900331c0be2f56b95f8fd95ed77f86dd5d4b06239da078e03d180eee4d
d_793,train,drowsy,True,True,True,True,32,100,COMPLETE,COMPLETE,BOTH,29f74d12e4a522352868297c1661224c5d444f2829f1cae6866c8b2d1968e721,f382c7900331c0be2f56b95f8fd95ed77f86dd5d4b06239da078e03d180eee4d
d_794,train,drowsy,True,True,True,True,32,100,COMPLETE,COMPLETE,BOTH,29f74d12e4a522352868297c1661224c5d444f2829f1cae6866c8b2d1968e721,f382c7900331c0be2f56b95f8fd95ed77f86dd5d4b06239da078e03d180eee4d
d_795,train,drowsy,True,True,True,True,32,100,COMPLETE,COMPLETE,BOTH,29f74d12e4a522352868297c1661224c5d444f2829f1cae6866c8b2d1968e721,f382c7900331c0be2f56b95f8fd95ed77f86dd5d4b06239da078e03d180eee4d
d_796,val,drowsy,True,True,True,True,32,100,COMPLETE,COMPLETE,BOTH,29f74d12e4a522352868297c1661224c5d444f2829f1cae6866c8b2d1968e721,f382c7900331c0be2f56b95f8fd95ed77f86dd5d4b06239da078e03d180eee4d
d_797,val,drowsy,True,True,True,True,32,100,COMPLETE,COMPLETE,BOTH,29f74d12e4a522352868297c1661224c5d444f2829f1cae6866c8b2d1968e721,f382c7900331c0be2f56b95f8fd95ed77f86dd5d4b06239da078e03d180eee4d
d_798,train,drowsy,True,True,True,True,32,100,COMPLETE,COMPLETE,BOTH,29f74d12e4a522352868297c1661224c5d444f2829f1cae6866c8b2d1968e721,f382c7900331c0be2f56b95f8fd95ed77f86dd5d4b06239da078e03d180eee4d
d_799,train,drowsy,True,True,True,True,32,100,COMPLETE,COMPLETE,BOTH,29f74d12e4a522352868297c1661224c5d444f2829f1cae6866c8b2d1968e721,f382c7900331c0be2f56b95f8fd95ed77f86dd5d4b06239da078e03d180eee4d
d_8,train,drowsy,True,True,True,True,32,100,COMPLETE,COMPLETE,BOTH,29f74d12e4a522352868297c1661224c5d444f2829f1cae6866c8b2d1968e721,f382c7900331c0be2f56b95f8fd95ed77f86dd5d4b06239da078e03d180eee4d
d_80,train,drowsy,True,True,True,True,32,100,COMPLETE,COMPLETE,BOTH,29f74d12e4a522352868297c1661224c5d444f2829f1cae6866c8b2d1968e721,f382c7900331c0be2f56b95f8fd95ed77f86dd5d4b06239da078e03d180eee4d
d_801,train,drowsy,True,True,True,True,32,100,COMPLETE,COMPLETE,BOTH,29f74d12e4a522352868297c1661224c5d444f2829f1cae6866c8b2d1968e721,f382c7900331c0be2f56b95f8fd95ed77f86dd5d4b06239da078e03d180eee4d
d_803,train,drowsy,True,True,True,True,32,100,COMPLETE,COMPLETE,BOTH,29f74d12e4a522352868297c1661224c5d444f2829f1cae6866c8b2d1968e721,f382c7900331c0be2f56b95f8fd95ed77f86dd5d4b06239da078e03d180eee4d
d_804,train,drowsy,True,True,True,True,32,100,COMPLETE,COMPLETE,BOTH,29f74d12e4a522352868297c1661224c5d444f2829f1cae6866c8b2d1968e721,f382c7900331c0be2f56b95f8fd95ed77f86dd5d4b06239da078e03d180eee4d
d_805,train,drowsy,True,True,True,True,32,100,COMPLETE,COMPLETE,BOTH,29f74d12e4a522352868297c1661224c5d444f2829f1cae6866c8b2d1968e721,f382c7900331c0be2f56b95f8fd95ed77f86dd5d4b06239da078e03d180eee4d
d_806,train,drowsy,True,True,True,True,32,100,COMPLETE,COMPLETE,BOTH,29f74d12e4a522352868297c1661224c5d444f2829f1cae6866c8b2d1968e721,f382c7900331c0be2f56b95f8fd95ed77f86dd5d4b06239da078e03d180eee4d
d_807,val,drowsy,True,True,True,True,32,100,COMPLETE,COMPLETE,BOTH,29f74d12e4a522352868297c1661224c5d444f2829f1cae6866c8b2d1968e721,f382c7900331c0be2f56b95f8fd95ed77f86dd5d4b06239da078e03d180eee4d
d_808,train,drowsy,True,True,True,True,32,100,COMPLETE,COMPLETE,BOTH,29f74d12e4a522352868297c1661224c5d444f2829f1cae6866c8b2d1968e721,f382c7900331c0be2f56b95f8fd95ed77f86dd5d4b06239da078e03d180eee4d
d_809,train,drowsy,True,True,True,True,32,100,COMPLETE,COMPLETE,BOTH,29f74d12e4a522352868297c1661224c5d444f2829f1cae6866c8b2d1968e721,f382c7900331c0be2f56b95f8fd95ed77f86dd5d4b06239da078e03d180eee4d
d_81,train,drowsy,True,True,True,True,32,100,COMPLETE,COMPLETE,BOTH,29f74d12e4a522352868297c1661224c5d444f2829f1cae6866c8b2d1968e721,f382c7900331c0be2f56b95f8fd95ed77f86dd5d4b06239da078e03d180eee4d
d_810,train,drowsy,True,True,True,True,32,100,COMPLETE,COMPLETE,BOTH,29f74d12e4a522352868297c1661224c5d444f2829f1cae6866c8b2d1968e721,f382c7900331c0be2f56b95f8fd95ed77f86dd5d4b06239da078e03d180eee4d
d_811,train,drowsy,True,True,True,True,32,100,COMPLETE,COMPLETE,BOTH,29f74d12e4a522352868297c1661224c5d444f2829f1cae6866c8b2d1968e721,f382c7900331c0be2f56b95f8fd95ed77f86dd5d4b06239da078e03d180eee4d
d_813,val,drowsy,True,True,True,True,32,100,COMPLETE,COMPLETE,BOTH,29f74d12e4a522352868297c1661224c5d444f2829f1cae6866c8b2d1968e721,f382c7900331c0be2f56b95f8fd95ed77f86dd5d4b06239da078e03d180eee4d
d_814,train,drowsy,True,True,True,True,32,100,COMPLETE,COMPLETE,BOTH,29f74d12e4a522352868297c1661224c5d444f2829f1cae6866c8b2d1968e721,f382c7900331c0be2f56b95f8fd95ed77f86dd5d4b06239da078e03d180eee4d
d_816,train,drowsy,True,True,True,True,32,100,COMPLETE,COMPLETE,BOTH,29f74d12e4a522352868297c1661224c5d444f2829f1cae6866c8b2d1968e721,f382c7900331c0be2f56b95f8fd95ed77f86dd5d4b06239da078e03d180eee4d
d_817,train,drowsy,True,True,True,True,32,100,COMPLETE,COMPLETE,BOTH,29f74d12e4a522352868297c1661224c5d444f2829f1cae6866c8b2d1968e721,f382c7900331c0be2f56b95f8fd95ed77f86dd5d4b06239da078e03d180eee4d
d_818,train,drowsy,True,True,True,True,32,100,COMPLETE,COMPLETE,BOTH,29f74d12e4a522352868297c1661224c5d444f2829f1cae6866c8b2d1968e721,f382c7900331c0be2f56b95f8fd95ed77f86dd5d4b06239da078e03d180eee4d
d_819,train,drowsy,True,True,True,True,32,100,COMPLETE,COMPLETE,BOTH,29f74d12e4a522352868297c1661224c5d444f2829f1cae6866c8b2d1968e721,f382c7900331c0be2f56b95f8fd95ed77f86dd5d4b06239da078e03d180eee4d
d_82,val,drowsy,True,True,True,True,32,100,COMPLETE,COMPLETE,BOTH,29f74d12e4a522352868297c1661224c5d444f2829f1cae6866c8b2d1968e721,f382c7900331c0be2f56b95f8fd95ed77f86dd5d4b06239da078e03d180eee4d
d_820,train,drowsy,True,True,True,True,32,100,COMPLETE,COMPLETE,BOTH,29f74d12e4a522352868297c1661224c5d444f2829f1cae6866c8b2d1968e721,f382c7900331c0be2f56b95f8fd95ed77f86dd5d4b06239da078e03d180eee4d
d_821,val,drowsy,True,True,True,True,32,100,COMPLETE,COMPLETE,BOTH,29f74d12e4a522352868297c1661224c5d444f2829f1cae6866c8b2d1968e721,f382c7900331c0be2f56b95f8fd95ed77f86dd5d4b06239da078e03d180eee4d
d_822,train,drowsy,True,True,True,True,32,100,COMPLETE,COMPLETE,BOTH,29f74d12e4a522352868297c1661224c5d444f2829f1cae6866c8b2d1968e721,f382c7900331c0be2f56b95f8fd95ed77f86dd5d4b06239da078e03d180eee4d
d_823,val,drowsy,True,True,True,True,32,100,COMPLETE,COMPLETE,BOTH,29f74d12e4a522352868297c1661224c5d444f2829f1cae6866c8b2d1968e721,f382c7900331c0be2f56b95f8fd95ed77f86dd5d4b06239da078e03d180eee4d
d_824,val,drowsy,True,True,True,True,32,100,COMPLETE,COMPLETE,BOTH,29f74d12e4a522352868297c1661224c5d444f2829f1cae6866c8b2d1968e721,f382c7900331c0be2f56b95f8fd95ed77f86dd5d4b06239da078e03d180eee4d
d_825,train,drowsy,True,True,True,True,32,100,COMPLETE,COMPLETE,BOTH,29f74d12e4a522352868297c1661224c5d444f2829f1cae6866c8b2d1968e721,f382c7900331c0be2f56b95f8fd95ed77f86dd5d4b06239da078e03d180eee4d
d_826,val,drowsy,True,False,True,False,32,0,COMPLETE,EXCLUDED,CONTEXT_ONLY,29f74d12e4a522352868297c1661224c5d444f2829f1cae6866c8b2d1968e721,f382c7900331c0be2f56b95f8fd95ed77f86dd5d4b06239da078e03d180eee4d
d_827,train,drowsy,True,True,True,True,32,100,COMPLETE,COMPLETE,BOTH,29f74d12e4a522352868297c1661224c5d444f2829f1cae6866c8b2d1968e721,f382c7900331c0be2f56b95f8fd95ed77f86dd5d4b06239da078e03d180eee4d
d_828,train,drowsy,True,True,True,True,32,100,COMPLETE,COMPLETE,BOTH,29f74d12e4a522352868297c1661224c5d444f2829f1cae6866c8b2d1968e721,f382c7900331c0be2f56b95f8fd95ed77f86dd5d4b06239da078e03d180eee4d
d_829,train,drowsy,True,True,True,True,32,100,COMPLETE,COMPLETE,BOTH,29f74d12e4a522352868297c1661224c5d444f2829f1cae6866c8b2d1968e721,f382c7900331c0be2f56b95f8fd95ed77f86dd5d4b06239da078e03d180eee4d
d_83,train,drowsy,True,True,True,True,32,100,COMPLETE,COMPLETE,BOTH,29f74d12e4a522352868297c1661224c5d444f2829f1cae6866c8b2d1968e721,f382c7900331c0be2f56b95f8fd95ed77f86dd5d4b06239da078e03d180eee4d
d_830,train,drowsy,True,True,True,True,32,100,COMPLETE,COMPLETE,BOTH,29f74d12e4a522352868297c1661224c5d444f2829f1cae6866c8b2d1968e721,f382c7900331c0be2f56b95f8fd95ed77f86dd5d4b06239da078e03d180eee4d
d_832,train,drowsy,True,True,True,True,32,100,COMPLETE,COMPLETE,BOTH,29f74d12e4a522352868297c1661224c5d444f2829f1cae6866c8b2d1968e721,f382c7900331c0be2f56b95f8fd95ed77f86dd5d4b06239da078e03d180eee4d
d_833,train,drowsy,True,True,True,True,32,100,COMPLETE,COMPLETE,BOTH,29f74d12e4a522352868297c1661224c5d444f2829f1cae6866c8b2d1968e721,f382c7900331c0be2f56b95f8fd95ed77f86dd5d4b06239da078e03d180eee4d
d_836,train,drowsy,True,True,True,True,32,100,COMPLETE,COMPLETE,BOTH,29f74d12e4a522352868297c1661224c5d444f2829f1cae6866c8b2d1968e721,f382c7900331c0be2f56b95f8fd95ed77f86dd5d4b06239da078e03d180eee4d
d_837,train,drowsy,True,True,True,True,32,100,COMPLETE,COMPLETE,BOTH,29f74d12e4a522352868297c1661224c5d444f2829f1cae6866c8b2d1968e721,f382c7900331c0be2f56b95f8fd95ed77f86dd5d4b06239da078e03d180eee4d
d_838,train,drowsy,True,True,True,True,32,100,COMPLETE,COMPLETE,BOTH,29f74d12e4a522352868297c1661224c5d444f2829f1cae6866c8b2d1968e721,f382c7900331c0be2f56b95f8fd95ed77f86dd5d4b06239da078e03d180eee4d
d_839,val,drowsy,True,True,True,True,32,100,COMPLETE,COMPLETE,BOTH,29f74d12e4a522352868297c1661224c5d444f2829f1cae6866c8b2d1968e721,f382c7900331c0be2f56b95f8fd95ed77f86dd5d4b06239da078e03d180eee4d
d_84,train,drowsy,True,True,True,True,32,100,COMPLETE,COMPLETE,BOTH,29f74d12e4a522352868297c1661224c5d444f2829f1cae6866c8b2d1968e721,f382c7900331c0be2f56b95f8fd95ed77f86dd5d4b06239da078e03d180eee4d
d_840,train,drowsy,False,False,False,False,0,0,EXCLUDED,EXCLUDED,NEITHER,29f74d12e4a522352868297c1661224c5d444f2829f1cae6866c8b2d1968e721,f382c7900331c0be2f56b95f8fd95ed77f86dd5d4b06239da078e03d180eee4d
d_841,train,drowsy,False,False,False,False,0,0,EXCLUDED,EXCLUDED,NEITHER,29f74d12e4a522352868297c1661224c5d444f2829f1cae6866c8b2d1968e721,f382c7900331c0be2f56b95f8fd95ed77f86dd5d4b06239da078e03d180eee4d
d_843,val,drowsy,True,False,True,False,32,0,COMPLETE,EXCLUDED,CONTEXT_ONLY,29f74d12e4a522352868297c1661224c5d444f2829f1cae6866c8b2d1968e721,f382c7900331c0be2f56b95f8fd95ed77f86dd5d4b06239da078e03d180eee4d
d_844,train,drowsy,True,True,True,True,32,100,COMPLETE,COMPLETE,BOTH,29f74d12e4a522352868297c1661224c5d444f2829f1cae6866c8b2d1968e721,f382c7900331c0be2f56b95f8fd95ed77f86dd5d4b06239da078e03d180eee4d
d_845,train,drowsy,True,True,True,True,32,100,COMPLETE,COMPLETE,BOTH,29f74d12e4a522352868297c1661224c5d444f2829f1cae6866c8b2d1968e721,f382c7900331c0be2f56b95f8fd95ed77f86dd5d4b06239da078e03d180eee4d
d_846,train,drowsy,True,True,True,True,32,100,COMPLETE,COMPLETE,BOTH,29f74d12e4a522352868297c1661224c5d444f2829f1cae6866c8b2d1968e721,f382c7900331c0be2f56b95f8fd95ed77f86dd5d4b06239da078e03d180eee4d
d_847,train,drowsy,True,True,True,True,32,100,COMPLETE,COMPLETE,BOTH,29f74d12e4a522352868297c1661224c5d444f2829f1cae6866c8b2d1968e721,f382c7900331c0be2f56b95f8fd95ed77f86dd5d4b06239da078e03d180eee4d
d_849,val,drowsy,True,False,True,False,32,0,COMPLETE,EXCLUDED,CONTEXT_ONLY,29f74d12e4a522352868297c1661224c5d444f2829f1cae6866c8b2d1968e721,f382c7900331c0be2f56b95f8fd95ed77f86dd5d4b06239da078e03d180eee4d
d_85,train,drowsy,True,True,True,True,32,100,COMPLETE,COMPLETE,BOTH,29f74d12e4a522352868297c1661224c5d444f2829f1cae6866c8b2d1968e721,f382c7900331c0be2f56b95f8fd95ed77f86dd5d4b06239da078e03d180eee4d
d_850,train,drowsy,True,True,True,True,32,100,COMPLETE,COMPLETE,BOTH,29f74d12e4a522352868297c1661224c5d444f2829f1cae6866c8b2d1968e721,f382c7900331c0be2f56b95f8fd95ed77f86dd5d4b06239da078e03d180eee4d
d_851,train,drowsy,True,False,True,False,32,0,COMPLETE,EXCLUDED,CONTEXT_ONLY,29f74d12e4a522352868297c1661224c5d444f2829f1cae6866c8b2d1968e721,f382c7900331c0be2f56b95f8fd95ed77f86dd5d4b06239da078e03d180eee4d
d_852,val,drowsy,True,True,True,True,32,100,COMPLETE,COMPLETE,BOTH,29f74d12e4a522352868297c1661224c5d444f2829f1cae6866c8b2d1968e721,f382c7900331c0be2f56b95f8fd95ed77f86dd5d4b06239da078e03d180eee4d
d_853,train,drowsy,True,False,True,False,32,0,COMPLETE,EXCLUDED,CONTEXT_ONLY,29f74d12e4a522352868297c1661224c5d444f2829f1cae6866c8b2d1968e721,f382c7900331c0be2f56b95f8fd95ed77f86dd5d4b06239da078e03d180eee4d
d_854,train,drowsy,True,True,True,True,32,100,COMPLETE,COMPLETE,BOTH,29f74d12e4a522352868297c1661224c5d444f2829f1cae6866c8b2d1968e721,f382c7900331c0be2f56b95f8fd95ed77f86dd5d4b06239da078e03d180eee4d
d_855,train,drowsy,True,True,True,True,32,100,COMPLETE,COMPLETE,BOTH,29f74d12e4a522352868297c1661224c5d444f2829f1cae6866c8b2d1968e721,f382c7900331c0be2f56b95f8fd95ed77f86dd5d4b06239da078e03d180eee4d
d_856,train,drowsy,True,True,True,True,32,100,COMPLETE,COMPLETE,BOTH,29f74d12e4a522352868297c1661224c5d444f2829f1cae6866c8b2d1968e721,f382c7900331c0be2f56b95f8fd95ed77f86dd5d4b06239da078e03d180eee4d
d_858,train,drowsy,True,True,True,True,32,100,COMPLETE,COMPLETE,BOTH,29f74d12e4a522352868297c1661224c5d444f2829f1cae6866c8b2d1968e721,f382c7900331c0be2f56b95f8fd95ed77f86dd5d4b06239da078e03d180eee4d
d_860,train,drowsy,True,False,True,False,32,0,COMPLETE,EXCLUDED,CONTEXT_ONLY,29f74d12e4a522352868297c1661224c5d444f2829f1cae6866c8b2d1968e721,f382c7900331c0be2f56b95f8fd95ed77f86dd5d4b06239da078e03d180eee4d
d_861,train,drowsy,True,False,True,False,32,0,COMPLETE,EXCLUDED,CONTEXT_ONLY,29f74d12e4a522352868297c1661224c5d444f2829f1cae6866c8b2d1968e721,f382c7900331c0be2f56b95f8fd95ed77f86dd5d4b06239da078e03d180eee4d
d_862,train,drowsy,True,True,True,True,32,100,COMPLETE,COMPLETE,BOTH,29f74d12e4a522352868297c1661224c5d444f2829f1cae6866c8b2d1968e721,f382c7900331c0be2f56b95f8fd95ed77f86dd5d4b06239da078e03d180eee4d
d_863,train,drowsy,True,False,True,False,32,0,COMPLETE,EXCLUDED,CONTEXT_ONLY,29f74d12e4a522352868297c1661224c5d444f2829f1cae6866c8b2d1968e721,f382c7900331c0be2f56b95f8fd95ed77f86dd5d4b06239da078e03d180eee4d
d_864,train,drowsy,True,True,True,True,32,100,COMPLETE,COMPLETE,BOTH,29f74d12e4a522352868297c1661224c5d444f2829f1cae6866c8b2d1968e721,f382c7900331c0be2f56b95f8fd95ed77f86dd5d4b06239da078e03d180eee4d
d_865,train,drowsy,True,True,True,True,32,100,COMPLETE,COMPLETE,BOTH,29f74d12e4a522352868297c1661224c5d444f2829f1cae6866c8b2d1968e721,f382c7900331c0be2f56b95f8fd95ed77f86dd5d4b06239da078e03d180eee4d
d_866,train,drowsy,False,False,False,False,0,0,EXCLUDED,EXCLUDED,NEITHER,29f74d12e4a522352868297c1661224c5d444f2829f1cae6866c8b2d1968e721,f382c7900331c0be2f56b95f8fd95ed77f86dd5d4b06239da078e03d180eee4d
d_867,train,drowsy,True,False,True,False,32,0,COMPLETE,EXCLUDED,CONTEXT_ONLY,29f74d12e4a522352868297c1661224c5d444f2829f1cae6866c8b2d1968e721,f382c7900331c0be2f56b95f8fd95ed77f86dd5d4b06239da078e03d180eee4d
d_868,val,drowsy,True,True,True,True,32,100,COMPLETE,COMPLETE,BOTH,29f74d12e4a522352868297c1661224c5d444f2829f1cae6866c8b2d1968e721,f382c7900331c0be2f56b95f8fd95ed77f86dd5d4b06239da078e03d180eee4d
d_869,train,drowsy,True,False,True,False,32,0,COMPLETE,EXCLUDED,CONTEXT_ONLY,29f74d12e4a522352868297c1661224c5d444f2829f1cae6866c8b2d1968e721,f382c7900331c0be2f56b95f8fd95ed77f86dd5d4b06239da078e03d180eee4d
d_87,train,drowsy,True,True,True,True,32,100,COMPLETE,COMPLETE,BOTH,29f74d12e4a522352868297c1661224c5d444f2829f1cae6866c8b2d1968e721,f382c7900331c0be2f56b95f8fd95ed77f86dd5d4b06239da078e03d180eee4d
d_870,train,drowsy,True,False,True,False,32,0,COMPLETE,EXCLUDED,CONTEXT_ONLY,29f74d12e4a522352868297c1661224c5d444f2829f1cae6866c8b2d1968e721,f382c7900331c0be2f56b95f8fd95ed77f86dd5d4b06239da078e03d180eee4d
d_871,train,drowsy,True,False,True,False,32,0,COMPLETE,EXCLUDED,CONTEXT_ONLY,29f74d12e4a522352868297c1661224c5d444f2829f1cae6866c8b2d1968e721,f382c7900331c0be2f56b95f8fd95ed77f86dd5d4b06239da078e03d180eee4d
d_872,train,drowsy,True,False,True,False,32,0,COMPLETE,EXCLUDED,CONTEXT_ONLY,29f74d12e4a522352868297c1661224c5d444f2829f1cae6866c8b2d1968e721,f382c7900331c0be2f56b95f8fd95ed77f86dd5d4b06239da078e03d180eee4d
d_873,train,drowsy,True,False,True,False,32,0,COMPLETE,EXCLUDED,CONTEXT_ONLY,29f74d12e4a522352868297c1661224c5d444f2829f1cae6866c8b2d1968e721,f382c7900331c0be2f56b95f8fd95ed77f86dd5d4b06239da078e03d180eee4d
d_874,train,drowsy,True,False,True,False,32,0,COMPLETE,EXCLUDED,CONTEXT_ONLY,29f74d12e4a522352868297c1661224c5d444f2829f1cae6866c8b2d1968e721,f382c7900331c0be2f56b95f8fd95ed77f86dd5d4b06239da078e03d180eee4d
d_875,train,drowsy,True,False,True,False,32,0,COMPLETE,EXCLUDED,CONTEXT_ONLY,29f74d12e4a522352868297c1661224c5d444f2829f1cae6866c8b2d1968e721,f382c7900331c0be2f56b95f8fd95ed77f86dd5d4b06239da078e03d180eee4d
d_876,train,drowsy,True,False,True,False,32,0,COMPLETE,EXCLUDED,CONTEXT_ONLY,29f74d12e4a522352868297c1661224c5d444f2829f1cae6866c8b2d1968e721,f382c7900331c0be2f56b95f8fd95ed77f86dd5d4b06239da078e03d180eee4d
d_877,val,drowsy,True,True,True,True,32,100,COMPLETE,COMPLETE,BOTH,29f74d12e4a522352868297c1661224c5d444f2829f1cae6866c8b2d1968e721,f382c7900331c0be2f56b95f8fd95ed77f86dd5d4b06239da078e03d180eee4d
d_878,train,drowsy,True,True,True,True,32,100,COMPLETE,COMPLETE,BOTH,29f74d12e4a522352868297c1661224c5d444f2829f1cae6866c8b2d1968e721,f382c7900331c0be2f56b95f8fd95ed77f86dd5d4b06239da078e03d180eee4d
d_88,train,drowsy,True,True,True,True,32,100,COMPLETE,COMPLETE,BOTH,29f74d12e4a522352868297c1661224c5d444f2829f1cae6866c8b2d1968e721,f382c7900331c0be2f56b95f8fd95ed77f86dd5d4b06239da078e03d180eee4d
d_880,train,drowsy,True,False,True,False,32,0,COMPLETE,EXCLUDED,CONTEXT_ONLY,29f74d12e4a522352868297c1661224c5d444f2829f1cae6866c8b2d1968e721,f382c7900331c0be2f56b95f8fd95ed77f86dd5d4b06239da078e03d180eee4d
d_881,val,drowsy,True,True,True,True,32,100,COMPLETE,COMPLETE,BOTH,29f74d12e4a522352868297c1661224c5d444f2829f1cae6866c8b2d1968e721,f382c7900331c0be2f56b95f8fd95ed77f86dd5d4b06239da078e03d180eee4d
d_882,train,drowsy,True,False,True,False,32,0,COMPLETE,EXCLUDED,CONTEXT_ONLY,29f74d12e4a522352868297c1661224c5d444f2829f1cae6866c8b2d1968e721,f382c7900331c0be2f56b95f8fd95ed77f86dd5d4b06239da078e03d180eee4d
d_884,train,drowsy,False,False,False,False,0,0,EXCLUDED,EXCLUDED,NEITHER,29f74d12e4a522352868297c1661224c5d444f2829f1cae6866c8b2d1968e721,f382c7900331c0be2f56b95f8fd95ed77f86dd5d4b06239da078e03d180eee4d
d_885,train,drowsy,True,False,True,False,32,0,COMPLETE,EXCLUDED,CONTEXT_ONLY,29f74d12e4a522352868297c1661224c5d444f2829f1cae6866c8b2d1968e721,f382c7900331c0be2f56b95f8fd95ed77f86dd5d4b06239da078e03d180eee4d
d_886,train,drowsy,True,False,True,False,32,0,COMPLETE,EXCLUDED,CONTEXT_ONLY,29f74d12e4a522352868297c1661224c5d444f2829f1cae6866c8b2d1968e721,f382c7900331c0be2f56b95f8fd95ed77f86dd5d4b06239da078e03d180eee4d
d_887,train,drowsy,True,True,True,True,32,100,COMPLETE,COMPLETE,BOTH,29f74d12e4a522352868297c1661224c5d444f2829f1cae6866c8b2d1968e721,f382c7900331c0be2f56b95f8fd95ed77f86dd5d4b06239da078e03d180eee4d
d_888,train,drowsy,True,False,True,False,32,0,COMPLETE,EXCLUDED,CONTEXT_ONLY,29f74d12e4a522352868297c1661224c5d444f2829f1cae6866c8b2d1968e721,f382c7900331c0be2f56b95f8fd95ed77f86dd5d4b06239da078e03d180eee4d
d_889,val,drowsy,True,True,True,True,32,100,COMPLETE,COMPLETE,BOTH,29f74d12e4a522352868297c1661224c5d444f2829f1cae6866c8b2d1968e721,f382c7900331c0be2f56b95f8fd95ed77f86dd5d4b06239da078e03d180eee4d
d_89,train,drowsy,True,True,True,True,32,100,COMPLETE,COMPLETE,BOTH,29f74d12e4a522352868297c1661224c5d444f2829f1cae6866c8b2d1968e721,f382c7900331c0be2f56b95f8fd95ed77f86dd5d4b06239da078e03d180eee4d
d_890,train,drowsy,True,True,True,True,32,100,COMPLETE,COMPLETE,BOTH,29f74d12e4a522352868297c1661224c5d444f2829f1cae6866c8b2d1968e721,f382c7900331c0be2f56b95f8fd95ed77f86dd5d4b06239da078e03d180eee4d
d_891,train,drowsy,True,True,True,True,32,100,COMPLETE,COMPLETE,BOTH,29f74d12e4a522352868297c1661224c5d444f2829f1cae6866c8b2d1968e721,f382c7900331c0be2f56b95f8fd95ed77f86dd5d4b06239da078e03d180eee4d
d_893,train,drowsy,True,False,True,False,32,0,COMPLETE,EXCLUDED,CONTEXT_ONLY,29f74d12e4a522352868297c1661224c5d444f2829f1cae6866c8b2d1968e721,f382c7900331c0be2f56b95f8fd95ed77f86dd5d4b06239da078e03d180eee4d
d_894,train,drowsy,True,True,True,True,32,100,COMPLETE,COMPLETE,BOTH,29f74d12e4a522352868297c1661224c5d444f2829f1cae6866c8b2d1968e721,f382c7900331c0be2f56b95f8fd95ed77f86dd5d4b06239da078e03d180eee4d
d_895,val,drowsy,True,False,True,False,32,0,COMPLETE,EXCLUDED,CONTEXT_ONLY,29f74d12e4a522352868297c1661224c5d444f2829f1cae6866c8b2d1968e721,f382c7900331c0be2f56b95f8fd95ed77f86dd5d4b06239da078e03d180eee4d
d_896,val,drowsy,True,False,True,False,32,0,COMPLETE,EXCLUDED,CONTEXT_ONLY,29f74d12e4a522352868297c1661224c5d444f2829f1cae6866c8b2d1968e721,f382c7900331c0be2f56b95f8fd95ed77f86dd5d4b06239da078e03d180eee4d
d_897,train,drowsy,True,True,True,True,32,100,COMPLETE,COMPLETE,BOTH,29f74d12e4a522352868297c1661224c5d444f2829f1cae6866c8b2d1968e721,f382c7900331c0be2f56b95f8fd95ed77f86dd5d4b06239da078e03d180eee4d
d_898,train,drowsy,True,True,True,True,32,100,COMPLETE,COMPLETE,BOTH,29f74d12e4a522352868297c1661224c5d444f2829f1cae6866c8b2d1968e721,f382c7900331c0be2f56b95f8fd95ed77f86dd5d4b06239da078e03d180eee4d
d_899,train,drowsy,True,True,True,True,32,100,COMPLETE,COMPLETE,BOTH,29f74d12e4a522352868297c1661224c5d444f2829f1cae6866c8b2d1968e721,f382c7900331c0be2f56b95f8fd95ed77f86dd5d4b06239da078e03d180eee4d
d_9,train,drowsy,True,True,True,True,32,100,COMPLETE,COMPLETE,BOTH,29f74d12e4a522352868297c1661224c5d444f2829f1cae6866c8b2d1968e721,f382c7900331c0be2f56b95f8fd95ed77f86dd5d4b06239da078e03d180eee4d
d_90,train,drowsy,True,True,True,True,32,100,COMPLETE,COMPLETE,BOTH,29f74d12e4a522352868297c1661224c5d444f2829f1cae6866c8b2d1968e721,f382c7900331c0be2f56b95f8fd95ed77f86dd5d4b06239da078e03d180eee4d
d_900,train,drowsy,True,False,True,False,32,0,COMPLETE,EXCLUDED,CONTEXT_ONLY,29f74d12e4a522352868297c1661224c5d444f2829f1cae6866c8b2d1968e721,f382c7900331c0be2f56b95f8fd95ed77f86dd5d4b06239da078e03d180eee4d
d_901,train,drowsy,True,True,True,True,32,100,COMPLETE,COMPLETE,BOTH,29f74d12e4a522352868297c1661224c5d444f2829f1cae6866c8b2d1968e721,f382c7900331c0be2f56b95f8fd95ed77f86dd5d4b06239da078e03d180eee4d
d_902,train,drowsy,True,True,True,True,32,100,COMPLETE,COMPLETE,BOTH,29f74d12e4a522352868297c1661224c5d444f2829f1cae6866c8b2d1968e721,f382c7900331c0be2f56b95f8fd95ed77f86dd5d4b06239da078e03d180eee4d
d_903,val,drowsy,True,True,True,True,32,100,COMPLETE,COMPLETE,BOTH,29f74d12e4a522352868297c1661224c5d444f2829f1cae6866c8b2d1968e721,f382c7900331c0be2f56b95f8fd95ed77f86dd5d4b06239da078e03d180eee4d
d_904,train,drowsy,True,True,True,True,32,100,COMPLETE,COMPLETE,BOTH,29f74d12e4a522352868297c1661224c5d444f2829f1cae6866c8b2d1968e721,f382c7900331c0be2f56b95f8fd95ed77f86dd5d4b06239da078e03d180eee4d
d_905,train,drowsy,True,True,True,True,32,100,COMPLETE,COMPLETE,BOTH,29f74d12e4a522352868297c1661224c5d444f2829f1cae6866c8b2d1968e721,f382c7900331c0be2f56b95f8fd95ed77f86dd5d4b06239da078e03d180eee4d
d_906,train,drowsy,True,True,True,True,32,100,COMPLETE,COMPLETE,BOTH,29f74d12e4a522352868297c1661224c5d444f2829f1cae6866c8b2d1968e721,f382c7900331c0be2f56b95f8fd95ed77f86dd5d4b06239da078e03d180eee4d
d_907,train,drowsy,True,True,True,True,32,100,COMPLETE,COMPLETE,BOTH,29f74d12e4a522352868297c1661224c5d444f2829f1cae6866c8b2d1968e721,f382c7900331c0be2f56b95f8fd95ed77f86dd5d4b06239da078e03d180eee4d
d_909,train,drowsy,True,True,True,True,32,100,COMPLETE,COMPLETE,BOTH,29f74d12e4a522352868297c1661224c5d444f2829f1cae6866c8b2d1968e721,f382c7900331c0be2f56b95f8fd95ed77f86dd5d4b06239da078e03d180eee4d
d_910,val,drowsy,True,True,True,True,32,100,COMPLETE,COMPLETE,BOTH,29f74d12e4a522352868297c1661224c5d444f2829f1cae6866c8b2d1968e721,f382c7900331c0be2f56b95f8fd95ed77f86dd5d4b06239da078e03d180eee4d
d_912,train,drowsy,True,True,True,True,32,100,COMPLETE,COMPLETE,BOTH,29f74d12e4a522352868297c1661224c5d444f2829f1cae6866c8b2d1968e721,f382c7900331c0be2f56b95f8fd95ed77f86dd5d4b06239da078e03d180eee4d
d_913,train,drowsy,True,True,True,True,32,100,COMPLETE,COMPLETE,BOTH,29f74d12e4a522352868297c1661224c5d444f2829f1cae6866c8b2d1968e721,f382c7900331c0be2f56b95f8fd95ed77f86dd5d4b06239da078e03d180eee4d
d_914,train,drowsy,True,True,True,True,32,100,COMPLETE,COMPLETE,BOTH,29f74d12e4a522352868297c1661224c5d444f2829f1cae6866c8b2d1968e721,f382c7900331c0be2f56b95f8fd95ed77f86dd5d4b06239da078e03d180eee4d
d_916,train,drowsy,True,True,True,True,32,100,COMPLETE,COMPLETE,BOTH,29f74d12e4a522352868297c1661224c5d444f2829f1cae6866c8b2d1968e721,f382c7900331c0be2f56b95f8fd95ed77f86dd5d4b06239da078e03d180eee4d
d_917,val,drowsy,True,True,True,True,32,100,COMPLETE,COMPLETE,BOTH,29f74d12e4a522352868297c1661224c5d444f2829f1cae6866c8b2d1968e721,f382c7900331c0be2f56b95f8fd95ed77f86dd5d4b06239da078e03d180eee4d
d_918,train,drowsy,True,True,True,True,32,100,COMPLETE,COMPLETE,BOTH,29f74d12e4a522352868297c1661224c5d444f2829f1cae6866c8b2d1968e721,f382c7900331c0be2f56b95f8fd95ed77f86dd5d4b06239da078e03d180eee4d
d_919,train,drowsy,True,True,True,True,32,100,COMPLETE,COMPLETE,BOTH,29f74d12e4a522352868297c1661224c5d444f2829f1cae6866c8b2d1968e721,f382c7900331c0be2f56b95f8fd95ed77f86dd5d4b06239da078e03d180eee4d
d_92,train,drowsy,True,True,True,True,32,100,COMPLETE,COMPLETE,BOTH,29f74d12e4a522352868297c1661224c5d444f2829f1cae6866c8b2d1968e721,f382c7900331c0be2f56b95f8fd95ed77f86dd5d4b06239da078e03d180eee4d
d_920,val,drowsy,True,True,True,True,32,100,COMPLETE,COMPLETE,BOTH,29f74d12e4a522352868297c1661224c5d444f2829f1cae6866c8b2d1968e721,f382c7900331c0be2f56b95f8fd95ed77f86dd5d4b06239da078e03d180eee4d
d_921,train,drowsy,True,True,True,True,32,100,COMPLETE,COMPLETE,BOTH,29f74d12e4a522352868297c1661224c5d444f2829f1cae6866c8b2d1968e721,f382c7900331c0be2f56b95f8fd95ed77f86dd5d4b06239da078e03d180eee4d
d_922,train,drowsy,True,True,True,True,32,100,COMPLETE,COMPLETE,BOTH,29f74d12e4a522352868297c1661224c5d444f2829f1cae6866c8b2d1968e721,f382c7900331c0be2f56b95f8fd95ed77f86dd5d4b06239da078e03d180eee4d
d_923,train,drowsy,True,True,True,True,32,100,COMPLETE,COMPLETE,BOTH,29f74d12e4a522352868297c1661224c5d444f2829f1cae6866c8b2d1968e721,f382c7900331c0be2f56b95f8fd95ed77f86dd5d4b06239da078e03d180eee4d
d_924,val,drowsy,True,True,True,True,32,100,COMPLETE,COMPLETE,BOTH,29f74d12e4a522352868297c1661224c5d444f2829f1cae6866c8b2d1968e721,f382c7900331c0be2f56b95f8fd95ed77f86dd5d4b06239da078e03d180eee4d
d_925,train,drowsy,True,True,True,True,32,100,COMPLETE,COMPLETE,BOTH,29f74d12e4a522352868297c1661224c5d444f2829f1cae6866c8b2d1968e721,f382c7900331c0be2f56b95f8fd95ed77f86dd5d4b06239da078e03d180eee4d
d_926,train,drowsy,True,True,True,True,32,100,COMPLETE,COMPLETE,BOTH,29f74d12e4a522352868297c1661224c5d444f2829f1cae6866c8b2d1968e721,f382c7900331c0be2f56b95f8fd95ed77f86dd5d4b06239da078e03d180eee4d
d_927,train,drowsy,True,True,True,True,32,100,COMPLETE,COMPLETE,BOTH,29f74d12e4a522352868297c1661224c5d444f2829f1cae6866c8b2d1968e721,f382c7900331c0be2f56b95f8fd95ed77f86dd5d4b06239da078e03d180eee4d
d_928,train,drowsy,True,True,True,True,32,100,COMPLETE,COMPLETE,BOTH,29f74d12e4a522352868297c1661224c5d444f2829f1cae6866c8b2d1968e721,f382c7900331c0be2f56b95f8fd95ed77f86dd5d4b06239da078e03d180eee4d
d_93,train,drowsy,True,True,True,True,32,100,COMPLETE,COMPLETE,BOTH,29f74d12e4a522352868297c1661224c5d444f2829f1cae6866c8b2d1968e721,f382c7900331c0be2f56b95f8fd95ed77f86dd5d4b06239da078e03d180eee4d
d_930,train,drowsy,True,True,True,True,32,100,COMPLETE,COMPLETE,BOTH,29f74d12e4a522352868297c1661224c5d444f2829f1cae6866c8b2d1968e721,f382c7900331c0be2f56b95f8fd95ed77f86dd5d4b06239da078e03d180eee4d
d_931,train,drowsy,True,True,True,True,32,100,COMPLETE,COMPLETE,BOTH,29f74d12e4a522352868297c1661224c5d444f2829f1cae6866c8b2d1968e721,f382c7900331c0be2f56b95f8fd95ed77f86dd5d4b06239da078e03d180eee4d
d_932,train,drowsy,True,True,True,True,32,100,COMPLETE,COMPLETE,BOTH,29f74d12e4a522352868297c1661224c5d444f2829f1cae6866c8b2d1968e721,f382c7900331c0be2f56b95f8fd95ed77f86dd5d4b06239da078e03d180eee4d
d_934,train,drowsy,True,True,True,True,32,100,COMPLETE,COMPLETE,BOTH,29f74d12e4a522352868297c1661224c5d444f2829f1cae6866c8b2d1968e721,f382c7900331c0be2f56b95f8fd95ed77f86dd5d4b06239da078e03d180eee4d
d_935,train,drowsy,True,True,True,True,32,100,COMPLETE,COMPLETE,BOTH,29f74d12e4a522352868297c1661224c5d444f2829f1cae6866c8b2d1968e721,f382c7900331c0be2f56b95f8fd95ed77f86dd5d4b06239da078e03d180eee4d
d_936,train,drowsy,True,True,True,True,32,100,COMPLETE,COMPLETE,BOTH,29f74d12e4a522352868297c1661224c5d444f2829f1cae6866c8b2d1968e721,f382c7900331c0be2f56b95f8fd95ed77f86dd5d4b06239da078e03d180eee4d
d_938,train,drowsy,True,True,True,True,32,100,COMPLETE,COMPLETE,BOTH,29f74d12e4a522352868297c1661224c5d444f2829f1cae6866c8b2d1968e721,f382c7900331c0be2f56b95f8fd95ed77f86dd5d4b06239da078e03d180eee4d
d_939,train,drowsy,True,True,True,True,32,100,COMPLETE,COMPLETE,BOTH,29f74d12e4a522352868297c1661224c5d444f2829f1cae6866c8b2d1968e721,f382c7900331c0be2f56b95f8fd95ed77f86dd5d4b06239da078e03d180eee4d
d_94,train,drowsy,True,False,True,False,32,0,COMPLETE,EXCLUDED,CONTEXT_ONLY,29f74d12e4a522352868297c1661224c5d444f2829f1cae6866c8b2d1968e721,f382c7900331c0be2f56b95f8fd95ed77f86dd5d4b06239da078e03d180eee4d
d_941,train,drowsy,True,True,True,True,32,100,COMPLETE,COMPLETE,BOTH,29f74d12e4a522352868297c1661224c5d444f2829f1cae6866c8b2d1968e721,f382c7900331c0be2f56b95f8fd95ed77f86dd5d4b06239da078e03d180eee4d
d_942,train,drowsy,True,True,True,True,32,100,COMPLETE,COMPLETE,BOTH,29f74d12e4a522352868297c1661224c5d444f2829f1cae6866c8b2d1968e721,f382c7900331c0be2f56b95f8fd95ed77f86dd5d4b06239da078e03d180eee4d
d_943,train,drowsy,True,True,True,True,32,100,COMPLETE,COMPLETE,BOTH,29f74d12e4a522352868297c1661224c5d444f2829f1cae6866c8b2d1968e721,f382c7900331c0be2f56b95f8fd95ed77f86dd5d4b06239da078e03d180eee4d
d_944,train,drowsy,True,True,True,True,32,100,COMPLETE,COMPLETE,BOTH,29f74d12e4a522352868297c1661224c5d444f2829f1cae6866c8b2d1968e721,f382c7900331c0be2f56b95f8fd95ed77f86dd5d4b06239da078e03d180eee4d
d_945,train,drowsy,True,True,True,True,32,100,COMPLETE,COMPLETE,BOTH,29f74d12e4a522352868297c1661224c5d444f2829f1cae6866c8b2d1968e721,f382c7900331c0be2f56b95f8fd95ed77f86dd5d4b06239da078e03d180eee4d
d_946,train,drowsy,True,True,True,True,32,100,COMPLETE,COMPLETE,BOTH,29f74d12e4a522352868297c1661224c5d444f2829f1cae6866c8b2d1968e721,f382c7900331c0be2f56b95f8fd95ed77f86dd5d4b06239da078e03d180eee4d
d_947,train,drowsy,True,True,True,True,32,100,COMPLETE,COMPLETE,BOTH,29f74d12e4a522352868297c1661224c5d444f2829f1cae6866c8b2d1968e721,f382c7900331c0be2f56b95f8fd95ed77f86dd5d4b06239da078e03d180eee4d
d_948,train,drowsy,True,True,True,True,32,100,COMPLETE,COMPLETE,BOTH,29f74d12e4a522352868297c1661224c5d444f2829f1cae6866c8b2d1968e721,f382c7900331c0be2f56b95f8fd95ed77f86dd5d4b06239da078e03d180eee4d
d_949,train,drowsy,True,True,True,True,32,100,COMPLETE,COMPLETE,BOTH,29f74d12e4a522352868297c1661224c5d444f2829f1cae6866c8b2d1968e721,f382c7900331c0be2f56b95f8fd95ed77f86dd5d4b06239da078e03d180eee4d
d_95,train,drowsy,True,True,True,True,32,100,COMPLETE,COMPLETE,BOTH,29f74d12e4a522352868297c1661224c5d444f2829f1cae6866c8b2d1968e721,f382c7900331c0be2f56b95f8fd95ed77f86dd5d4b06239da078e03d180eee4d
d_950,val,drowsy,True,True,True,True,32,100,COMPLETE,COMPLETE,BOTH,29f74d12e4a522352868297c1661224c5d444f2829f1cae6866c8b2d1968e721,f382c7900331c0be2f56b95f8fd95ed77f86dd5d4b06239da078e03d180eee4d
d_951,train,drowsy,True,True,True,True,32,100,COMPLETE,COMPLETE,BOTH,29f74d12e4a522352868297c1661224c5d444f2829f1cae6866c8b2d1968e721,f382c7900331c0be2f56b95f8fd95ed77f86dd5d4b06239da078e03d180eee4d
d_952,train,drowsy,True,True,True,True,32,100,COMPLETE,COMPLETE,BOTH,29f74d12e4a522352868297c1661224c5d444f2829f1cae6866c8b2d1968e721,f382c7900331c0be2f56b95f8fd95ed77f86dd5d4b06239da078e03d180eee4d
d_954,train,drowsy,True,True,True,True,32,100,COMPLETE,COMPLETE,BOTH,29f74d12e4a522352868297c1661224c5d444f2829f1cae6866c8b2d1968e721,f382c7900331c0be2f56b95f8fd95ed77f86dd5d4b06239da078e03d180eee4d
d_955,train,drowsy,True,True,True,True,32,100,COMPLETE,COMPLETE,BOTH,29f74d12e4a522352868297c1661224c5d444f2829f1cae6866c8b2d1968e721,f382c7900331c0be2f56b95f8fd95ed77f86dd5d4b06239da078e03d180eee4d
d_956,train,drowsy,True,True,True,True,32,100,COMPLETE,COMPLETE,BOTH,29f74d12e4a522352868297c1661224c5d444f2829f1cae6866c8b2d1968e721,f382c7900331c0be2f56b95f8fd95ed77f86dd5d4b06239da078e03d180eee4d
d_957,train,drowsy,True,True,True,True,32,100,COMPLETE,COMPLETE,BOTH,29f74d12e4a522352868297c1661224c5d444f2829f1cae6866c8b2d1968e721,f382c7900331c0be2f56b95f8fd95ed77f86dd5d4b06239da078e03d180eee4d
d_958,val,drowsy,True,True,True,True,32,100,COMPLETE,COMPLETE,BOTH,29f74d12e4a522352868297c1661224c5d444f2829f1cae6866c8b2d1968e721,f382c7900331c0be2f56b95f8fd95ed77f86dd5d4b06239da078e03d180eee4d
d_959,train,drowsy,True,True,True,True,32,100,COMPLETE,COMPLETE,BOTH,29f74d12e4a522352868297c1661224c5d444f2829f1cae6866c8b2d1968e721,f382c7900331c0be2f56b95f8fd95ed77f86dd5d4b06239da078e03d180eee4d
d_96,train,drowsy,True,True,True,True,32,100,COMPLETE,COMPLETE,BOTH,29f74d12e4a522352868297c1661224c5d444f2829f1cae6866c8b2d1968e721,f382c7900331c0be2f56b95f8fd95ed77f86dd5d4b06239da078e03d180eee4d
d_960,train,drowsy,True,True,True,True,32,100,COMPLETE,COMPLETE,BOTH,29f74d12e4a522352868297c1661224c5d444f2829f1cae6866c8b2d1968e721,f382c7900331c0be2f56b95f8fd95ed77f86dd5d4b06239da078e03d180eee4d
d_961,train,drowsy,True,True,True,True,32,100,COMPLETE,COMPLETE,BOTH,29f74d12e4a522352868297c1661224c5d444f2829f1cae6866c8b2d1968e721,f382c7900331c0be2f56b95f8fd95ed77f86dd5d4b06239da078e03d180eee4d
d_962,train,drowsy,True,True,True,True,32,100,COMPLETE,COMPLETE,BOTH,29f74d12e4a522352868297c1661224c5d444f2829f1cae6866c8b2d1968e721,f382c7900331c0be2f56b95f8fd95ed77f86dd5d4b06239da078e03d180eee4d
d_963,train,drowsy,True,True,True,True,32,100,COMPLETE,COMPLETE,BOTH,29f74d12e4a522352868297c1661224c5d444f2829f1cae6866c8b2d1968e721,f382c7900331c0be2f56b95f8fd95ed77f86dd5d4b06239da078e03d180eee4d
d_964,train,drowsy,True,True,True,True,32,100,COMPLETE,COMPLETE,BOTH,29f74d12e4a522352868297c1661224c5d444f2829f1cae6866c8b2d1968e721,f382c7900331c0be2f56b95f8fd95ed77f86dd5d4b06239da078e03d180eee4d
d_965,val,drowsy,True,True,True,True,32,100,COMPLETE,COMPLETE,BOTH,29f74d12e4a522352868297c1661224c5d444f2829f1cae6866c8b2d1968e721,f382c7900331c0be2f56b95f8fd95ed77f86dd5d4b06239da078e03d180eee4d
d_967,train,drowsy,True,True,True,True,32,100,COMPLETE,COMPLETE,BOTH,29f74d12e4a522352868297c1661224c5d444f2829f1cae6866c8b2d1968e721,f382c7900331c0be2f56b95f8fd95ed77f86dd5d4b06239da078e03d180eee4d
d_968,train,drowsy,True,True,True,True,32,100,COMPLETE,COMPLETE,BOTH,29f74d12e4a522352868297c1661224c5d444f2829f1cae6866c8b2d1968e721,f382c7900331c0be2f56b95f8fd95ed77f86dd5d4b06239da078e03d180eee4d
d_97,train,drowsy,True,True,True,True,32,100,COMPLETE,COMPLETE,BOTH,29f74d12e4a522352868297c1661224c5d444f2829f1cae6866c8b2d1968e721,f382c7900331c0be2f56b95f8fd95ed77f86dd5d4b06239da078e03d180eee4d
d_970,train,drowsy,True,True,True,True,32,100,COMPLETE,COMPLETE,BOTH,29f74d12e4a522352868297c1661224c5d444f2829f1cae6866c8b2d1968e721,f382c7900331c0be2f56b95f8fd95ed77f86dd5d4b06239da078e03d180eee4d
d_971,train,drowsy,True,True,True,True,32,100,COMPLETE,COMPLETE,BOTH,29f74d12e4a522352868297c1661224c5d444f2829f1cae6866c8b2d1968e721,f382c7900331c0be2f56b95f8fd95ed77f86dd5d4b06239da078e03d180eee4d
d_972,train,drowsy,True,True,True,True,32,100,COMPLETE,COMPLETE,BOTH,29f74d12e4a522352868297c1661224c5d444f2829f1cae6866c8b2d1968e721,f382c7900331c0be2f56b95f8fd95ed77f86dd5d4b06239da078e03d180eee4d
d_973,train,drowsy,True,True,True,True,32,100,COMPLETE,COMPLETE,BOTH,29f74d12e4a522352868297c1661224c5d444f2829f1cae6866c8b2d1968e721,f382c7900331c0be2f56b95f8fd95ed77f86dd5d4b06239da078e03d180eee4d
d_974,train,drowsy,True,True,True,True,32,100,COMPLETE,COMPLETE,BOTH,29f74d12e4a522352868297c1661224c5d444f2829f1cae6866c8b2d1968e721,f382c7900331c0be2f56b95f8fd95ed77f86dd5d4b06239da078e03d180eee4d
d_975,train,drowsy,True,True,True,True,32,100,COMPLETE,COMPLETE,BOTH,29f74d12e4a522352868297c1661224c5d444f2829f1cae6866c8b2d1968e721,f382c7900331c0be2f56b95f8fd95ed77f86dd5d4b06239da078e03d180eee4d
d_98,train,drowsy,True,True,True,True,32,100,COMPLETE,COMPLETE,BOTH,29f74d12e4a522352868297c1661224c5d444f2829f1cae6866c8b2d1968e721,f382c7900331c0be2f56b95f8fd95ed77f86dd5d4b06239da078e03d180eee4d
d_99,train,drowsy,True,True,True,True,32,100,COMPLETE,COMPLETE,BOTH,29f74d12e4a522352868297c1661224c5d444f2829f1cae6866c8b2d1968e721,f382c7900331c0be2f56b95f8fd95ed77f86dd5d4b06239da078e03d180eee4d
n_1,train,not_drowsy,True,True,True,True,32,100,COMPLETE,COMPLETE,BOTH,29f74d12e4a522352868297c1661224c5d444f2829f1cae6866c8b2d1968e721,f382c7900331c0be2f56b95f8fd95ed77f86dd5d4b06239da078e03d180eee4d
n_10,train,not_drowsy,True,True,True,True,32,100,COMPLETE,COMPLETE,BOTH,29f74d12e4a522352868297c1661224c5d444f2829f1cae6866c8b2d1968e721,f382c7900331c0be2f56b95f8fd95ed77f86dd5d4b06239da078e03d180eee4d
n_100,train,not_drowsy,True,True,True,True,32,100,COMPLETE,COMPLETE,BOTH,29f74d12e4a522352868297c1661224c5d444f2829f1cae6866c8b2d1968e721,f382c7900331c0be2f56b95f8fd95ed77f86dd5d4b06239da078e03d180eee4d
n_1001,train,not_drowsy,True,True,True,True,32,100,COMPLETE,COMPLETE,BOTH,29f74d12e4a522352868297c1661224c5d444f2829f1cae6866c8b2d1968e721,f382c7900331c0be2f56b95f8fd95ed77f86dd5d4b06239da078e03d180eee4d
n_1002,val,not_drowsy,True,True,True,True,32,100,COMPLETE,COMPLETE,BOTH,29f74d12e4a522352868297c1661224c5d444f2829f1cae6866c8b2d1968e721,f382c7900331c0be2f56b95f8fd95ed77f86dd5d4b06239da078e03d180eee4d
n_1003,train,not_drowsy,True,True,True,True,32,100,COMPLETE,COMPLETE,BOTH,29f74d12e4a522352868297c1661224c5d444f2829f1cae6866c8b2d1968e721,f382c7900331c0be2f56b95f8fd95ed77f86dd5d4b06239da078e03d180eee4d
n_1005,val,not_drowsy,True,True,True,True,32,100,COMPLETE,COMPLETE,BOTH,29f74d12e4a522352868297c1661224c5d444f2829f1cae6866c8b2d1968e721,f382c7900331c0be2f56b95f8fd95ed77f86dd5d4b06239da078e03d180eee4d
n_1006,train,not_drowsy,True,True,True,True,32,100,COMPLETE,COMPLETE,BOTH,29f74d12e4a522352868297c1661224c5d444f2829f1cae6866c8b2d1968e721,f382c7900331c0be2f56b95f8fd95ed77f86dd5d4b06239da078e03d180eee4d
n_1007,train,not_drowsy,True,True,True,True,32,100,COMPLETE,COMPLETE,BOTH,29f74d12e4a522352868297c1661224c5d444f2829f1cae6866c8b2d1968e721,f382c7900331c0be2f56b95f8fd95ed77f86dd5d4b06239da078e03d180eee4d
n_1008,train,not_drowsy,True,True,True,True,32,100,COMPLETE,COMPLETE,BOTH,29f74d12e4a522352868297c1661224c5d444f2829f1cae6866c8b2d1968e721,f382c7900331c0be2f56b95f8fd95ed77f86dd5d4b06239da078e03d180eee4d
n_1009,train,not_drowsy,True,True,True,True,32,100,COMPLETE,COMPLETE,BOTH,29f74d12e4a522352868297c1661224c5d444f2829f1cae6866c8b2d1968e721,f382c7900331c0be2f56b95f8fd95ed77f86dd5d4b06239da078e03d180eee4d
n_101,train,not_drowsy,True,True,True,True,32,100,COMPLETE,COMPLETE,BOTH,29f74d12e4a522352868297c1661224c5d444f2829f1cae6866c8b2d1968e721,f382c7900331c0be2f56b95f8fd95ed77f86dd5d4b06239da078e03d180eee4d
n_1010,train,not_drowsy,True,True,True,True,32,100,COMPLETE,COMPLETE,BOTH,29f74d12e4a522352868297c1661224c5d444f2829f1cae6866c8b2d1968e721,f382c7900331c0be2f56b95f8fd95ed77f86dd5d4b06239da078e03d180eee4d
n_1012,train,not_drowsy,True,True,True,True,32,100,COMPLETE,COMPLETE,BOTH,29f74d12e4a522352868297c1661224c5d444f2829f1cae6866c8b2d1968e721,f382c7900331c0be2f56b95f8fd95ed77f86dd5d4b06239da078e03d180eee4d
n_1013,train,not_drowsy,True,True,True,True,32,100,COMPLETE,COMPLETE,BOTH,29f74d12e4a522352868297c1661224c5d444f2829f1cae6866c8b2d1968e721,f382c7900331c0be2f56b95f8fd95ed77f86dd5d4b06239da078e03d180eee4d
n_1016,train,not_drowsy,True,True,True,True,32,100,COMPLETE,COMPLETE,BOTH,29f74d12e4a522352868297c1661224c5d444f2829f1cae6866c8b2d1968e721,f382c7900331c0be2f56b95f8fd95ed77f86dd5d4b06239da078e03d180eee4d
n_1018,train,not_drowsy,True,True,True,True,32,100,COMPLETE,COMPLETE,BOTH,29f74d12e4a522352868297c1661224c5d444f2829f1cae6866c8b2d1968e721,f382c7900331c0be2f56b95f8fd95ed77f86dd5d4b06239da078e03d180eee4d
n_1019,train,not_drowsy,True,True,True,True,32,100,COMPLETE,COMPLETE,BOTH,29f74d12e4a522352868297c1661224c5d444f2829f1cae6866c8b2d1968e721,f382c7900331c0be2f56b95f8fd95ed77f86dd5d4b06239da078e03d180eee4d
n_102,train,not_drowsy,True,True,True,True,32,100,COMPLETE,COMPLETE,BOTH,29f74d12e4a522352868297c1661224c5d444f2829f1cae6866c8b2d1968e721,f382c7900331c0be2f56b95f8fd95ed77f86dd5d4b06239da078e03d180eee4d
n_1020,train,not_drowsy,True,True,True,True,32,100,COMPLETE,COMPLETE,BOTH,29f74d12e4a522352868297c1661224c5d444f2829f1cae6866c8b2d1968e721,f382c7900331c0be2f56b95f8fd95ed77f86dd5d4b06239da078e03d180eee4d
n_1022,train,not_drowsy,True,True,True,True,32,100,COMPLETE,COMPLETE,BOTH,29f74d12e4a522352868297c1661224c5d444f2829f1cae6866c8b2d1968e721,f382c7900331c0be2f56b95f8fd95ed77f86dd5d4b06239da078e03d180eee4d
n_1023,train,not_drowsy,True,True,True,True,32,100,COMPLETE,COMPLETE,BOTH,29f74d12e4a522352868297c1661224c5d444f2829f1cae6866c8b2d1968e721,f382c7900331c0be2f56b95f8fd95ed77f86dd5d4b06239da078e03d180eee4d
n_1024,train,not_drowsy,True,True,True,True,32,100,COMPLETE,COMPLETE,BOTH,29f74d12e4a522352868297c1661224c5d444f2829f1cae6866c8b2d1968e721,f382c7900331c0be2f56b95f8fd95ed77f86dd5d4b06239da078e03d180eee4d
n_1025,val,not_drowsy,True,True,True,True,32,100,COMPLETE,COMPLETE,BOTH,29f74d12e4a522352868297c1661224c5d444f2829f1cae6866c8b2d1968e721,f382c7900331c0be2f56b95f8fd95ed77f86dd5d4b06239da078e03d180eee4d
n_1028,train,not_drowsy,True,True,True,True,32,100,COMPLETE,COMPLETE,BOTH,29f74d12e4a522352868297c1661224c5d444f2829f1cae6866c8b2d1968e721,f382c7900331c0be2f56b95f8fd95ed77f86dd5d4b06239da078e03d180eee4d
n_1029,train,not_drowsy,True,True,True,True,32,100,COMPLETE,COMPLETE,BOTH,29f74d12e4a522352868297c1661224c5d444f2829f1cae6866c8b2d1968e721,f382c7900331c0be2f56b95f8fd95ed77f86dd5d4b06239da078e03d180eee4d
n_103,val,not_drowsy,True,True,True,True,32,100,COMPLETE,COMPLETE,BOTH,29f74d12e4a522352868297c1661224c5d444f2829f1cae6866c8b2d1968e721,f382c7900331c0be2f56b95f8fd95ed77f86dd5d4b06239da078e03d180eee4d
n_1030,train,not_drowsy,True,True,True,True,32,100,COMPLETE,COMPLETE,BOTH,29f74d12e4a522352868297c1661224c5d444f2829f1cae6866c8b2d1968e721,f382c7900331c0be2f56b95f8fd95ed77f86dd5d4b06239da078e03d180eee4d
n_1032,train,not_drowsy,True,True,True,True,32,100,COMPLETE,COMPLETE,BOTH,29f74d12e4a522352868297c1661224c5d444f2829f1cae6866c8b2d1968e721,f382c7900331c0be2f56b95f8fd95ed77f86dd5d4b06239da078e03d180eee4d
n_1033,train,not_drowsy,True,True,True,True,32,100,COMPLETE,COMPLETE,BOTH,29f74d12e4a522352868297c1661224c5d444f2829f1cae6866c8b2d1968e721,f382c7900331c0be2f56b95f8fd95ed77f86dd5d4b06239da078e03d180eee4d
n_1034,train,not_drowsy,True,True,True,True,32,100,COMPLETE,COMPLETE,BOTH,29f74d12e4a522352868297c1661224c5d444f2829f1cae6866c8b2d1968e721,f382c7900331c0be2f56b95f8fd95ed77f86dd5d4b06239da078e03d180eee4d
n_1035,train,not_drowsy,True,True,True,True,32,100,COMPLETE,COMPLETE,BOTH,29f74d12e4a522352868297c1661224c5d444f2829f1cae6866c8b2d1968e721,f382c7900331c0be2f56b95f8fd95ed77f86dd5d4b06239da078e03d180eee4d
n_1036,train,not_drowsy,True,True,True,True,32,100,COMPLETE,COMPLETE,BOTH,29f74d12e4a522352868297c1661224c5d444f2829f1cae6866c8b2d1968e721,f382c7900331c0be2f56b95f8fd95ed77f86dd5d4b06239da078e03d180eee4d
n_1037,train,not_drowsy,True,True,True,True,32,100,COMPLETE,COMPLETE,BOTH,29f74d12e4a522352868297c1661224c5d444f2829f1cae6866c8b2d1968e721,f382c7900331c0be2f56b95f8fd95ed77f86dd5d4b06239da078e03d180eee4d
n_1038,train,not_drowsy,True,True,True,True,32,100,COMPLETE,COMPLETE,BOTH,29f74d12e4a522352868297c1661224c5d444f2829f1cae6866c8b2d1968e721,f382c7900331c0be2f56b95f8fd95ed77f86dd5d4b06239da078e03d180eee4d
n_1039,train,not_drowsy,True,True,True,True,32,100,COMPLETE,COMPLETE,BOTH,29f74d12e4a522352868297c1661224c5d444f2829f1cae6866c8b2d1968e721,f382c7900331c0be2f56b95f8fd95ed77f86dd5d4b06239da078e03d180eee4d
n_104,train,not_drowsy,True,True,True,True,32,100,COMPLETE,COMPLETE,BOTH,29f74d12e4a522352868297c1661224c5d444f2829f1cae6866c8b2d1968e721,f382c7900331c0be2f56b95f8fd95ed77f86dd5d4b06239da078e03d180eee4d
n_1040,train,not_drowsy,True,True,True,True,32,100,COMPLETE,COMPLETE,BOTH,29f74d12e4a522352868297c1661224c5d444f2829f1cae6866c8b2d1968e721,f382c7900331c0be2f56b95f8fd95ed77f86dd5d4b06239da078e03d180eee4d
n_1041,train,not_drowsy,True,True,True,True,32,100,COMPLETE,COMPLETE,BOTH,29f74d12e4a522352868297c1661224c5d444f2829f1cae6866c8b2d1968e721,f382c7900331c0be2f56b95f8fd95ed77f86dd5d4b06239da078e03d180eee4d
n_1042,train,not_drowsy,True,True,True,True,32,100,COMPLETE,COMPLETE,BOTH,29f74d12e4a522352868297c1661224c5d444f2829f1cae6866c8b2d1968e721,f382c7900331c0be2f56b95f8fd95ed77f86dd5d4b06239da078e03d180eee4d
n_1043,train,not_drowsy,True,True,True,True,32,100,COMPLETE,COMPLETE,BOTH,29f74d12e4a522352868297c1661224c5d444f2829f1cae6866c8b2d1968e721,f382c7900331c0be2f56b95f8fd95ed77f86dd5d4b06239da078e03d180eee4d
n_1044,train,not_drowsy,True,True,True,True,32,100,COMPLETE,COMPLETE,BOTH,29f74d12e4a522352868297c1661224c5d444f2829f1cae6866c8b2d1968e721,f382c7900331c0be2f56b95f8fd95ed77f86dd5d4b06239da078e03d180eee4d
n_1045,train,not_drowsy,True,True,True,True,32,100,COMPLETE,COMPLETE,BOTH,29f74d12e4a522352868297c1661224c5d444f2829f1cae6866c8b2d1968e721,f382c7900331c0be2f56b95f8fd95ed77f86dd5d4b06239da078e03d180eee4d
n_1046,train,not_drowsy,True,True,True,True,32,100,COMPLETE,COMPLETE,BOTH,29f74d12e4a522352868297c1661224c5d444f2829f1cae6866c8b2d1968e721,f382c7900331c0be2f56b95f8fd95ed77f86dd5d4b06239da078e03d180eee4d
n_1047,train,not_drowsy,True,True,True,True,32,100,COMPLETE,COMPLETE,BOTH,29f74d12e4a522352868297c1661224c5d444f2829f1cae6866c8b2d1968e721,f382c7900331c0be2f56b95f8fd95ed77f86dd5d4b06239da078e03d180eee4d
n_1048,train,not_drowsy,True,True,True,True,32,100,COMPLETE,COMPLETE,BOTH,29f74d12e4a522352868297c1661224c5d444f2829f1cae6866c8b2d1968e721,f382c7900331c0be2f56b95f8fd95ed77f86dd5d4b06239da078e03d180eee4d
n_1049,train,not_drowsy,True,True,True,True,32,100,COMPLETE,COMPLETE,BOTH,29f74d12e4a522352868297c1661224c5d444f2829f1cae6866c8b2d1968e721,f382c7900331c0be2f56b95f8fd95ed77f86dd5d4b06239da078e03d180eee4d
n_105,train,not_drowsy,True,True,True,True,32,100,COMPLETE,COMPLETE,BOTH,29f74d12e4a522352868297c1661224c5d444f2829f1cae6866c8b2d1968e721,f382c7900331c0be2f56b95f8fd95ed77f86dd5d4b06239da078e03d180eee4d
n_1050,train,not_drowsy,True,True,True,True,32,100,COMPLETE,COMPLETE,BOTH,29f74d12e4a522352868297c1661224c5d444f2829f1cae6866c8b2d1968e721,f382c7900331c0be2f56b95f8fd95ed77f86dd5d4b06239da078e03d180eee4d
n_1051,train,not_drowsy,True,True,True,True,32,100,COMPLETE,COMPLETE,BOTH,29f74d12e4a522352868297c1661224c5d444f2829f1cae6866c8b2d1968e721,f382c7900331c0be2f56b95f8fd95ed77f86dd5d4b06239da078e03d180eee4d
n_1052,train,not_drowsy,True,True,True,True,32,100,COMPLETE,COMPLETE,BOTH,29f74d12e4a522352868297c1661224c5d444f2829f1cae6866c8b2d1968e721,f382c7900331c0be2f56b95f8fd95ed77f86dd5d4b06239da078e03d180eee4d
n_1053,train,not_drowsy,True,True,True,True,32,100,COMPLETE,COMPLETE,BOTH,29f74d12e4a522352868297c1661224c5d444f2829f1cae6866c8b2d1968e721,f382c7900331c0be2f56b95f8fd95ed77f86dd5d4b06239da078e03d180eee4d
n_1054,train,not_drowsy,True,True,True,True,32,100,COMPLETE,COMPLETE,BOTH,29f74d12e4a522352868297c1661224c5d444f2829f1cae6866c8b2d1968e721,f382c7900331c0be2f56b95f8fd95ed77f86dd5d4b06239da078e03d180eee4d
n_1055,train,not_drowsy,True,True,True,True,32,100,COMPLETE,COMPLETE,BOTH,29f74d12e4a522352868297c1661224c5d444f2829f1cae6866c8b2d1968e721,f382c7900331c0be2f56b95f8fd95ed77f86dd5d4b06239da078e03d180eee4d
n_1056,train,not_drowsy,True,True,True,True,32,100,COMPLETE,COMPLETE,BOTH,29f74d12e4a522352868297c1661224c5d444f2829f1cae6866c8b2d1968e721,f382c7900331c0be2f56b95f8fd95ed77f86dd5d4b06239da078e03d180eee4d
n_1057,train,not_drowsy,True,True,True,True,32,100,COMPLETE,COMPLETE,BOTH,29f74d12e4a522352868297c1661224c5d444f2829f1cae6866c8b2d1968e721,f382c7900331c0be2f56b95f8fd95ed77f86dd5d4b06239da078e03d180eee4d
n_1059,train,not_drowsy,True,True,True,True,32,100,COMPLETE,COMPLETE,BOTH,29f74d12e4a522352868297c1661224c5d444f2829f1cae6866c8b2d1968e721,f382c7900331c0be2f56b95f8fd95ed77f86dd5d4b06239da078e03d180eee4d
n_106,val,not_drowsy,True,True,True,True,32,100,COMPLETE,COMPLETE,BOTH,29f74d12e4a522352868297c1661224c5d444f2829f1cae6866c8b2d1968e721,f382c7900331c0be2f56b95f8fd95ed77f86dd5d4b06239da078e03d180eee4d
n_1061,train,not_drowsy,True,False,True,False,32,0,COMPLETE,EXCLUDED,CONTEXT_ONLY,29f74d12e4a522352868297c1661224c5d444f2829f1cae6866c8b2d1968e721,f382c7900331c0be2f56b95f8fd95ed77f86dd5d4b06239da078e03d180eee4d
n_1062,train,not_drowsy,True,True,True,True,32,100,COMPLETE,COMPLETE,BOTH,29f74d12e4a522352868297c1661224c5d444f2829f1cae6866c8b2d1968e721,f382c7900331c0be2f56b95f8fd95ed77f86dd5d4b06239da078e03d180eee4d
n_1064,train,not_drowsy,True,True,True,True,32,100,COMPLETE,COMPLETE,BOTH,29f74d12e4a522352868297c1661224c5d444f2829f1cae6866c8b2d1968e721,f382c7900331c0be2f56b95f8fd95ed77f86dd5d4b06239da078e03d180eee4d
n_1065,train,not_drowsy,True,True,True,True,32,100,COMPLETE,COMPLETE,BOTH,29f74d12e4a522352868297c1661224c5d444f2829f1cae6866c8b2d1968e721,f382c7900331c0be2f56b95f8fd95ed77f86dd5d4b06239da078e03d180eee4d
n_1066,train,not_drowsy,True,True,True,True,32,100,COMPLETE,COMPLETE,BOTH,29f74d12e4a522352868297c1661224c5d444f2829f1cae6866c8b2d1968e721,f382c7900331c0be2f56b95f8fd95ed77f86dd5d4b06239da078e03d180eee4d
n_1068,val,not_drowsy,True,True,True,True,32,100,COMPLETE,COMPLETE,BOTH,29f74d12e4a522352868297c1661224c5d444f2829f1cae6866c8b2d1968e721,f382c7900331c0be2f56b95f8fd95ed77f86dd5d4b06239da078e03d180eee4d
n_1069,train,not_drowsy,True,True,True,True,32,100,COMPLETE,COMPLETE,BOTH,29f74d12e4a522352868297c1661224c5d444f2829f1cae6866c8b2d1968e721,f382c7900331c0be2f56b95f8fd95ed77f86dd5d4b06239da078e03d180eee4d
n_107,val,not_drowsy,True,True,True,True,32,100,COMPLETE,COMPLETE,BOTH,29f74d12e4a522352868297c1661224c5d444f2829f1cae6866c8b2d1968e721,f382c7900331c0be2f56b95f8fd95ed77f86dd5d4b06239da078e03d180eee4d
n_1070,train,not_drowsy,True,True,True,True,32,100,COMPLETE,COMPLETE,BOTH,29f74d12e4a522352868297c1661224c5d444f2829f1cae6866c8b2d1968e721,f382c7900331c0be2f56b95f8fd95ed77f86dd5d4b06239da078e03d180eee4d
n_1071,train,not_drowsy,True,True,True,True,32,100,COMPLETE,COMPLETE,BOTH,29f74d12e4a522352868297c1661224c5d444f2829f1cae6866c8b2d1968e721,f382c7900331c0be2f56b95f8fd95ed77f86dd5d4b06239da078e03d180eee4d
n_1073,val,not_drowsy,True,True,True,True,32,100,COMPLETE,COMPLETE,BOTH,29f74d12e4a522352868297c1661224c5d444f2829f1cae6866c8b2d1968e721,f382c7900331c0be2f56b95f8fd95ed77f86dd5d4b06239da078e03d180eee4d
n_1074,train,not_drowsy,True,True,True,True,32,100,COMPLETE,COMPLETE,BOTH,29f74d12e4a522352868297c1661224c5d444f2829f1cae6866c8b2d1968e721,f382c7900331c0be2f56b95f8fd95ed77f86dd5d4b06239da078e03d180eee4d
n_1075,train,not_drowsy,True,True,True,True,32,100,COMPLETE,COMPLETE,BOTH,29f74d12e4a522352868297c1661224c5d444f2829f1cae6866c8b2d1968e721,f382c7900331c0be2f56b95f8fd95ed77f86dd5d4b06239da078e03d180eee4d
n_1076,train,not_drowsy,True,True,True,True,32,100,COMPLETE,COMPLETE,BOTH,29f74d12e4a522352868297c1661224c5d444f2829f1cae6866c8b2d1968e721,f382c7900331c0be2f56b95f8fd95ed77f86dd5d4b06239da078e03d180eee4d
n_1077,train,not_drowsy,True,True,True,True,32,100,COMPLETE,COMPLETE,BOTH,29f74d12e4a522352868297c1661224c5d444f2829f1cae6866c8b2d1968e721,f382c7900331c0be2f56b95f8fd95ed77f86dd5d4b06239da078e03d180eee4d
n_1078,train,not_drowsy,True,True,True,True,32,100,COMPLETE,COMPLETE,BOTH,29f74d12e4a522352868297c1661224c5d444f2829f1cae6866c8b2d1968e721,f382c7900331c0be2f56b95f8fd95ed77f86dd5d4b06239da078e03d180eee4d
n_1079,train,not_drowsy,True,True,True,True,32,100,COMPLETE,COMPLETE,BOTH,29f74d12e4a522352868297c1661224c5d444f2829f1cae6866c8b2d1968e721,f382c7900331c0be2f56b95f8fd95ed77f86dd5d4b06239da078e03d180eee4d
n_108,train,not_drowsy,True,True,True,True,32,100,COMPLETE,COMPLETE,BOTH,29f74d12e4a522352868297c1661224c5d444f2829f1cae6866c8b2d1968e721,f382c7900331c0be2f56b95f8fd95ed77f86dd5d4b06239da078e03d180eee4d
n_1080,train,not_drowsy,True,True,True,True,32,100,COMPLETE,COMPLETE,BOTH,29f74d12e4a522352868297c1661224c5d444f2829f1cae6866c8b2d1968e721,f382c7900331c0be2f56b95f8fd95ed77f86dd5d4b06239da078e03d180eee4d
n_1081,val,not_drowsy,True,True,True,True,32,100,COMPLETE,COMPLETE,BOTH,29f74d12e4a522352868297c1661224c5d444f2829f1cae6866c8b2d1968e721,f382c7900331c0be2f56b95f8fd95ed77f86dd5d4b06239da078e03d180eee4d
n_1082,train,not_drowsy,True,True,True,True,32,100,COMPLETE,COMPLETE,BOTH,29f74d12e4a522352868297c1661224c5d444f2829f1cae6866c8b2d1968e721,f382c7900331c0be2f56b95f8fd95ed77f86dd5d4b06239da078e03d180eee4d
n_1083,train,not_drowsy,True,True,True,True,32,100,COMPLETE,COMPLETE,BOTH,29f74d12e4a522352868297c1661224c5d444f2829f1cae6866c8b2d1968e721,f382c7900331c0be2f56b95f8fd95ed77f86dd5d4b06239da078e03d180eee4d
n_1084,train,not_drowsy,True,True,True,True,32,100,COMPLETE,COMPLETE,BOTH,29f74d12e4a522352868297c1661224c5d444f2829f1cae6866c8b2d1968e721,f382c7900331c0be2f56b95f8fd95ed77f86dd5d4b06239da078e03d180eee4d
n_1085,train,not_drowsy,True,True,True,True,32,100,COMPLETE,COMPLETE,BOTH,29f74d12e4a522352868297c1661224c5d444f2829f1cae6866c8b2d1968e721,f382c7900331c0be2f56b95f8fd95ed77f86dd5d4b06239da078e03d180eee4d
n_1087,train,not_drowsy,True,True,True,True,32,100,COMPLETE,COMPLETE,BOTH,29f74d12e4a522352868297c1661224c5d444f2829f1cae6866c8b2d1968e721,f382c7900331c0be2f56b95f8fd95ed77f86dd5d4b06239da078e03d180eee4d
n_1088,train,not_drowsy,True,True,True,True,32,100,COMPLETE,COMPLETE,BOTH,29f74d12e4a522352868297c1661224c5d444f2829f1cae6866c8b2d1968e721,f382c7900331c0be2f56b95f8fd95ed77f86dd5d4b06239da078e03d180eee4d
n_109,train,not_drowsy,True,True,True,True,32,100,COMPLETE,COMPLETE,BOTH,29f74d12e4a522352868297c1661224c5d444f2829f1cae6866c8b2d1968e721,f382c7900331c0be2f56b95f8fd95ed77f86dd5d4b06239da078e03d180eee4d
n_1090,train,not_drowsy,True,True,True,True,32,100,COMPLETE,COMPLETE,BOTH,29f74d12e4a522352868297c1661224c5d444f2829f1cae6866c8b2d1968e721,f382c7900331c0be2f56b95f8fd95ed77f86dd5d4b06239da078e03d180eee4d
n_1091,train,not_drowsy,True,True,True,True,32,100,COMPLETE,COMPLETE,BOTH,29f74d12e4a522352868297c1661224c5d444f2829f1cae6866c8b2d1968e721,f382c7900331c0be2f56b95f8fd95ed77f86dd5d4b06239da078e03d180eee4d
n_1092,val,not_drowsy,True,True,True,True,32,100,COMPLETE,COMPLETE,BOTH,29f74d12e4a522352868297c1661224c5d444f2829f1cae6866c8b2d1968e721,f382c7900331c0be2f56b95f8fd95ed77f86dd5d4b06239da078e03d180eee4d
n_1093,train,not_drowsy,True,True,True,True,32,100,COMPLETE,COMPLETE,BOTH,29f74d12e4a522352868297c1661224c5d444f2829f1cae6866c8b2d1968e721,f382c7900331c0be2f56b95f8fd95ed77f86dd5d4b06239da078e03d180eee4d
n_1094,val,not_drowsy,True,True,True,True,32,100,COMPLETE,COMPLETE,BOTH,29f74d12e4a522352868297c1661224c5d444f2829f1cae6866c8b2d1968e721,f382c7900331c0be2f56b95f8fd95ed77f86dd5d4b06239da078e03d180eee4d
n_1096,train,not_drowsy,True,True,True,True,32,100,COMPLETE,COMPLETE,BOTH,29f74d12e4a522352868297c1661224c5d444f2829f1cae6866c8b2d1968e721,f382c7900331c0be2f56b95f8fd95ed77f86dd5d4b06239da078e03d180eee4d
n_1097,train,not_drowsy,True,True,True,True,32,100,COMPLETE,COMPLETE,BOTH,29f74d12e4a522352868297c1661224c5d444f2829f1cae6866c8b2d1968e721,f382c7900331c0be2f56b95f8fd95ed77f86dd5d4b06239da078e03d180eee4d
n_1098,train,not_drowsy,True,True,True,True,32,100,COMPLETE,COMPLETE,BOTH,29f74d12e4a522352868297c1661224c5d444f2829f1cae6866c8b2d1968e721,f382c7900331c0be2f56b95f8fd95ed77f86dd5d4b06239da078e03d180eee4d
n_1099,train,not_drowsy,True,True,True,True,32,100,COMPLETE,COMPLETE,BOTH,29f74d12e4a522352868297c1661224c5d444f2829f1cae6866c8b2d1968e721,f382c7900331c0be2f56b95f8fd95ed77f86dd5d4b06239da078e03d180eee4d
n_11,train,not_drowsy,True,True,True,True,32,100,COMPLETE,COMPLETE,BOTH,29f74d12e4a522352868297c1661224c5d444f2829f1cae6866c8b2d1968e721,f382c7900331c0be2f56b95f8fd95ed77f86dd5d4b06239da078e03d180eee4d
n_110,train,not_drowsy,True,True,True,True,32,100,COMPLETE,COMPLETE,BOTH,29f74d12e4a522352868297c1661224c5d444f2829f1cae6866c8b2d1968e721,f382c7900331c0be2f56b95f8fd95ed77f86dd5d4b06239da078e03d180eee4d
n_111,train,not_drowsy,True,False,True,False,32,0,COMPLETE,EXCLUDED,CONTEXT_ONLY,29f74d12e4a522352868297c1661224c5d444f2829f1cae6866c8b2d1968e721,f382c7900331c0be2f56b95f8fd95ed77f86dd5d4b06239da078e03d180eee4d
n_112,val,not_drowsy,False,False,False,False,0,0,EXCLUDED,EXCLUDED,NEITHER,29f74d12e4a522352868297c1661224c5d444f2829f1cae6866c8b2d1968e721,f382c7900331c0be2f56b95f8fd95ed77f86dd5d4b06239da078e03d180eee4d
n_113,train,not_drowsy,True,True,True,True,32,100,COMPLETE,COMPLETE,BOTH,29f74d12e4a522352868297c1661224c5d444f2829f1cae6866c8b2d1968e721,f382c7900331c0be2f56b95f8fd95ed77f86dd5d4b06239da078e03d180eee4d
n_115,train,not_drowsy,False,False,False,False,0,0,EXCLUDED,EXCLUDED,NEITHER,29f74d12e4a522352868297c1661224c5d444f2829f1cae6866c8b2d1968e721,f382c7900331c0be2f56b95f8fd95ed77f86dd5d4b06239da078e03d180eee4d
n_116,train,not_drowsy,True,True,True,True,32,100,COMPLETE,COMPLETE,BOTH,29f74d12e4a522352868297c1661224c5d444f2829f1cae6866c8b2d1968e721,f382c7900331c0be2f56b95f8fd95ed77f86dd5d4b06239da078e03d180eee4d
n_117,train,not_drowsy,True,True,True,True,32,100,COMPLETE,COMPLETE,BOTH,29f74d12e4a522352868297c1661224c5d444f2829f1cae6866c8b2d1968e721,f382c7900331c0be2f56b95f8fd95ed77f86dd5d4b06239da078e03d180eee4d
n_118,train,not_drowsy,True,True,True,True,32,100,COMPLETE,COMPLETE,BOTH,29f74d12e4a522352868297c1661224c5d444f2829f1cae6866c8b2d1968e721,f382c7900331c0be2f56b95f8fd95ed77f86dd5d4b06239da078e03d180eee4d
n_119,val,not_drowsy,True,False,True,False,32,0,COMPLETE,EXCLUDED,CONTEXT_ONLY,29f74d12e4a522352868297c1661224c5d444f2829f1cae6866c8b2d1968e721,f382c7900331c0be2f56b95f8fd95ed77f86dd5d4b06239da078e03d180eee4d
n_121,train,not_drowsy,True,True,True,True,32,100,COMPLETE,COMPLETE,BOTH,29f74d12e4a522352868297c1661224c5d444f2829f1cae6866c8b2d1968e721,f382c7900331c0be2f56b95f8fd95ed77f86dd5d4b06239da078e03d180eee4d
n_122,train,not_drowsy,True,True,True,True,32,100,COMPLETE,COMPLETE,BOTH,29f74d12e4a522352868297c1661224c5d444f2829f1cae6866c8b2d1968e721,f382c7900331c0be2f56b95f8fd95ed77f86dd5d4b06239da078e03d180eee4d
n_123,train,not_drowsy,True,True,True,True,32,100,COMPLETE,COMPLETE,BOTH,29f74d12e4a522352868297c1661224c5d444f2829f1cae6866c8b2d1968e721,f382c7900331c0be2f56b95f8fd95ed77f86dd5d4b06239da078e03d180eee4d
n_124,train,not_drowsy,True,True,True,True,32,100,COMPLETE,COMPLETE,BOTH,29f74d12e4a522352868297c1661224c5d444f2829f1cae6866c8b2d1968e721,f382c7900331c0be2f56b95f8fd95ed77f86dd5d4b06239da078e03d180eee4d
n_125,train,not_drowsy,True,True,True,True,32,100,COMPLETE,COMPLETE,BOTH,29f74d12e4a522352868297c1661224c5d444f2829f1cae6866c8b2d1968e721,f382c7900331c0be2f56b95f8fd95ed77f86dd5d4b06239da078e03d180eee4d
n_126,val,not_drowsy,True,True,True,True,32,100,COMPLETE,COMPLETE,BOTH,29f74d12e4a522352868297c1661224c5d444f2829f1cae6866c8b2d1968e721,f382c7900331c0be2f56b95f8fd95ed77f86dd5d4b06239da078e03d180eee4d
n_127,train,not_drowsy,True,True,True,True,32,100,COMPLETE,COMPLETE,BOTH,29f74d12e4a522352868297c1661224c5d444f2829f1cae6866c8b2d1968e721,f382c7900331c0be2f56b95f8fd95ed77f86dd5d4b06239da078e03d180eee4d
n_128,train,not_drowsy,True,False,True,False,32,0,COMPLETE,EXCLUDED,CONTEXT_ONLY,29f74d12e4a522352868297c1661224c5d444f2829f1cae6866c8b2d1968e721,f382c7900331c0be2f56b95f8fd95ed77f86dd5d4b06239da078e03d180eee4d
n_13,train,not_drowsy,True,True,True,True,32,100,COMPLETE,COMPLETE,BOTH,29f74d12e4a522352868297c1661224c5d444f2829f1cae6866c8b2d1968e721,f382c7900331c0be2f56b95f8fd95ed77f86dd5d4b06239da078e03d180eee4d
n_131,train,not_drowsy,True,True,True,True,32,100,COMPLETE,COMPLETE,BOTH,29f74d12e4a522352868297c1661224c5d444f2829f1cae6866c8b2d1968e721,f382c7900331c0be2f56b95f8fd95ed77f86dd5d4b06239da078e03d180eee4d
n_132,val,not_drowsy,True,True,True,True,32,100,COMPLETE,COMPLETE,BOTH,29f74d12e4a522352868297c1661224c5d444f2829f1cae6866c8b2d1968e721,f382c7900331c0be2f56b95f8fd95ed77f86dd5d4b06239da078e03d180eee4d
n_133,train,not_drowsy,True,True,True,True,32,100,COMPLETE,COMPLETE,BOTH,29f74d12e4a522352868297c1661224c5d444f2829f1cae6866c8b2d1968e721,f382c7900331c0be2f56b95f8fd95ed77f86dd5d4b06239da078e03d180eee4d
n_134,val,not_drowsy,True,True,True,True,32,100,COMPLETE,COMPLETE,BOTH,29f74d12e4a522352868297c1661224c5d444f2829f1cae6866c8b2d1968e721,f382c7900331c0be2f56b95f8fd95ed77f86dd5d4b06239da078e03d180eee4d
n_135,train,not_drowsy,True,True,True,True,32,100,COMPLETE,COMPLETE,BOTH,29f74d12e4a522352868297c1661224c5d444f2829f1cae6866c8b2d1968e721,f382c7900331c0be2f56b95f8fd95ed77f86dd5d4b06239da078e03d180eee4d
n_136,train,not_drowsy,False,False,False,False,0,0,EXCLUDED,EXCLUDED,NEITHER,29f74d12e4a522352868297c1661224c5d444f2829f1cae6866c8b2d1968e721,f382c7900331c0be2f56b95f8fd95ed77f86dd5d4b06239da078e03d180eee4d
n_138,train,not_drowsy,False,False,False,False,0,0,EXCLUDED,EXCLUDED,NEITHER,29f74d12e4a522352868297c1661224c5d444f2829f1cae6866c8b2d1968e721,f382c7900331c0be2f56b95f8fd95ed77f86dd5d4b06239da078e03d180eee4d
n_139,val,not_drowsy,True,True,True,True,32,100,COMPLETE,COMPLETE,BOTH,29f74d12e4a522352868297c1661224c5d444f2829f1cae6866c8b2d1968e721,f382c7900331c0be2f56b95f8fd95ed77f86dd5d4b06239da078e03d180eee4d
n_14,train,not_drowsy,True,True,True,True,32,100,COMPLETE,COMPLETE,BOTH,29f74d12e4a522352868297c1661224c5d444f2829f1cae6866c8b2d1968e721,f382c7900331c0be2f56b95f8fd95ed77f86dd5d4b06239da078e03d180eee4d
n_140,val,not_drowsy,True,False,True,False,32,0,COMPLETE,EXCLUDED,CONTEXT_ONLY,29f74d12e4a522352868297c1661224c5d444f2829f1cae6866c8b2d1968e721,f382c7900331c0be2f56b95f8fd95ed77f86dd5d4b06239da078e03d180eee4d
n_141,train,not_drowsy,False,False,False,False,0,0,EXCLUDED,EXCLUDED,NEITHER,29f74d12e4a522352868297c1661224c5d444f2829f1cae6866c8b2d1968e721,f382c7900331c0be2f56b95f8fd95ed77f86dd5d4b06239da078e03d180eee4d
n_142,train,not_drowsy,False,False,False,False,0,0,EXCLUDED,EXCLUDED,NEITHER,29f74d12e4a522352868297c1661224c5d444f2829f1cae6866c8b2d1968e721,f382c7900331c0be2f56b95f8fd95ed77f86dd5d4b06239da078e03d180eee4d
n_143,val,not_drowsy,True,True,True,True,32,100,COMPLETE,COMPLETE,BOTH,29f74d12e4a522352868297c1661224c5d444f2829f1cae6866c8b2d1968e721,f382c7900331c0be2f56b95f8fd95ed77f86dd5d4b06239da078e03d180eee4d
n_144,val,not_drowsy,True,False,True,False,32,0,COMPLETE,EXCLUDED,CONTEXT_ONLY,29f74d12e4a522352868297c1661224c5d444f2829f1cae6866c8b2d1968e721,f382c7900331c0be2f56b95f8fd95ed77f86dd5d4b06239da078e03d180eee4d
n_145,train,not_drowsy,True,False,True,False,32,0,COMPLETE,EXCLUDED,CONTEXT_ONLY,29f74d12e4a522352868297c1661224c5d444f2829f1cae6866c8b2d1968e721,f382c7900331c0be2f56b95f8fd95ed77f86dd5d4b06239da078e03d180eee4d
n_146,train,not_drowsy,True,True,True,True,32,100,COMPLETE,COMPLETE,BOTH,29f74d12e4a522352868297c1661224c5d444f2829f1cae6866c8b2d1968e721,f382c7900331c0be2f56b95f8fd95ed77f86dd5d4b06239da078e03d180eee4d
n_148,train,not_drowsy,True,True,True,True,32,100,COMPLETE,COMPLETE,BOTH,29f74d12e4a522352868297c1661224c5d444f2829f1cae6866c8b2d1968e721,f382c7900331c0be2f56b95f8fd95ed77f86dd5d4b06239da078e03d180eee4d
n_149,train,not_drowsy,True,True,True,True,32,100,COMPLETE,COMPLETE,BOTH,29f74d12e4a522352868297c1661224c5d444f2829f1cae6866c8b2d1968e721,f382c7900331c0be2f56b95f8fd95ed77f86dd5d4b06239da078e03d180eee4d
n_15,val,not_drowsy,True,True,True,True,32,100,COMPLETE,COMPLETE,BOTH,29f74d12e4a522352868297c1661224c5d444f2829f1cae6866c8b2d1968e721,f382c7900331c0be2f56b95f8fd95ed77f86dd5d4b06239da078e03d180eee4d
n_150,train,not_drowsy,True,True,True,True,32,100,COMPLETE,COMPLETE,BOTH,29f74d12e4a522352868297c1661224c5d444f2829f1cae6866c8b2d1968e721,f382c7900331c0be2f56b95f8fd95ed77f86dd5d4b06239da078e03d180eee4d
n_151,val,not_drowsy,True,True,True,True,32,100,COMPLETE,COMPLETE,BOTH,29f74d12e4a522352868297c1661224c5d444f2829f1cae6866c8b2d1968e721,f382c7900331c0be2f56b95f8fd95ed77f86dd5d4b06239da078e03d180eee4d
n_152,train,not_drowsy,True,True,True,True,32,100,COMPLETE,COMPLETE,BOTH,29f74d12e4a522352868297c1661224c5d444f2829f1cae6866c8b2d1968e721,f382c7900331c0be2f56b95f8fd95ed77f86dd5d4b06239da078e03d180eee4d
n_153,train,not_drowsy,True,True,True,True,32,100,COMPLETE,COMPLETE,BOTH,29f74d12e4a522352868297c1661224c5d444f2829f1cae6866c8b2d1968e721,f382c7900331c0be2f56b95f8fd95ed77f86dd5d4b06239da078e03d180eee4d
n_154,train,not_drowsy,True,True,True,True,32,100,COMPLETE,COMPLETE,BOTH,29f74d12e4a522352868297c1661224c5d444f2829f1cae6866c8b2d1968e721,f382c7900331c0be2f56b95f8fd95ed77f86dd5d4b06239da078e03d180eee4d
n_155,train,not_drowsy,True,True,True,True,32,100,COMPLETE,COMPLETE,BOTH,29f74d12e4a522352868297c1661224c5d444f2829f1cae6866c8b2d1968e721,f382c7900331c0be2f56b95f8fd95ed77f86dd5d4b06239da078e03d180eee4d
n_156,train,not_drowsy,True,True,True,True,32,100,COMPLETE,COMPLETE,BOTH,29f74d12e4a522352868297c1661224c5d444f2829f1cae6866c8b2d1968e721,f382c7900331c0be2f56b95f8fd95ed77f86dd5d4b06239da078e03d180eee4d
n_158,train,not_drowsy,True,True,True,True,32,100,COMPLETE,COMPLETE,BOTH,29f74d12e4a522352868297c1661224c5d444f2829f1cae6866c8b2d1968e721,f382c7900331c0be2f56b95f8fd95ed77f86dd5d4b06239da078e03d180eee4d
n_16,val,not_drowsy,True,True,True,True,32,100,COMPLETE,COMPLETE,BOTH,29f74d12e4a522352868297c1661224c5d444f2829f1cae6866c8b2d1968e721,f382c7900331c0be2f56b95f8fd95ed77f86dd5d4b06239da078e03d180eee4d
n_162,train,not_drowsy,True,True,True,True,32,100,COMPLETE,COMPLETE,BOTH,29f74d12e4a522352868297c1661224c5d444f2829f1cae6866c8b2d1968e721,f382c7900331c0be2f56b95f8fd95ed77f86dd5d4b06239da078e03d180eee4d
n_163,val,not_drowsy,True,True,True,True,32,100,COMPLETE,COMPLETE,BOTH,29f74d12e4a522352868297c1661224c5d444f2829f1cae6866c8b2d1968e721,f382c7900331c0be2f56b95f8fd95ed77f86dd5d4b06239da078e03d180eee4d
n_164,train,not_drowsy,True,True,True,True,32,100,COMPLETE,COMPLETE,BOTH,29f74d12e4a522352868297c1661224c5d444f2829f1cae6866c8b2d1968e721,f382c7900331c0be2f56b95f8fd95ed77f86dd5d4b06239da078e03d180eee4d
n_165,train,not_drowsy,True,True,True,True,32,100,COMPLETE,COMPLETE,BOTH,29f74d12e4a522352868297c1661224c5d444f2829f1cae6866c8b2d1968e721,f382c7900331c0be2f56b95f8fd95ed77f86dd5d4b06239da078e03d180eee4d
n_166,train,not_drowsy,True,True,True,True,32,100,COMPLETE,COMPLETE,BOTH,29f74d12e4a522352868297c1661224c5d444f2829f1cae6866c8b2d1968e721,f382c7900331c0be2f56b95f8fd95ed77f86dd5d4b06239da078e03d180eee4d
n_167,train,not_drowsy,True,True,True,True,32,100,COMPLETE,COMPLETE,BOTH,29f74d12e4a522352868297c1661224c5d444f2829f1cae6866c8b2d1968e721,f382c7900331c0be2f56b95f8fd95ed77f86dd5d4b06239da078e03d180eee4d
n_168,train,not_drowsy,True,True,True,True,32,100,COMPLETE,COMPLETE,BOTH,29f74d12e4a522352868297c1661224c5d444f2829f1cae6866c8b2d1968e721,f382c7900331c0be2f56b95f8fd95ed77f86dd5d4b06239da078e03d180eee4d
n_169,val,not_drowsy,True,True,True,True,32,100,COMPLETE,COMPLETE,BOTH,29f74d12e4a522352868297c1661224c5d444f2829f1cae6866c8b2d1968e721,f382c7900331c0be2f56b95f8fd95ed77f86dd5d4b06239da078e03d180eee4d
n_17,train,not_drowsy,True,True,True,True,32,100,COMPLETE,COMPLETE,BOTH,29f74d12e4a522352868297c1661224c5d444f2829f1cae6866c8b2d1968e721,f382c7900331c0be2f56b95f8fd95ed77f86dd5d4b06239da078e03d180eee4d
n_170,train,not_drowsy,True,True,True,True,32,100,COMPLETE,COMPLETE,BOTH,29f74d12e4a522352868297c1661224c5d444f2829f1cae6866c8b2d1968e721,f382c7900331c0be2f56b95f8fd95ed77f86dd5d4b06239da078e03d180eee4d
n_171,val,not_drowsy,True,True,True,True,32,100,COMPLETE,COMPLETE,BOTH,29f74d12e4a522352868297c1661224c5d444f2829f1cae6866c8b2d1968e721,f382c7900331c0be2f56b95f8fd95ed77f86dd5d4b06239da078e03d180eee4d
n_174,train,not_drowsy,True,True,True,True,32,100,COMPLETE,COMPLETE,BOTH,29f74d12e4a522352868297c1661224c5d444f2829f1cae6866c8b2d1968e721,f382c7900331c0be2f56b95f8fd95ed77f86dd5d4b06239da078e03d180eee4d
n_175,train,not_drowsy,True,True,True,True,32,100,COMPLETE,COMPLETE,BOTH,29f74d12e4a522352868297c1661224c5d444f2829f1cae6866c8b2d1968e721,f382c7900331c0be2f56b95f8fd95ed77f86dd5d4b06239da078e03d180eee4d
n_176,train,not_drowsy,True,True,True,True,32,100,COMPLETE,COMPLETE,BOTH,29f74d12e4a522352868297c1661224c5d444f2829f1cae6866c8b2d1968e721,f382c7900331c0be2f56b95f8fd95ed77f86dd5d4b06239da078e03d180eee4d
n_177,val,not_drowsy,True,True,True,True,32,100,COMPLETE,COMPLETE,BOTH,29f74d12e4a522352868297c1661224c5d444f2829f1cae6866c8b2d1968e721,f382c7900331c0be2f56b95f8fd95ed77f86dd5d4b06239da078e03d180eee4d
n_178,train,not_drowsy,True,True,True,True,32,100,COMPLETE,COMPLETE,BOTH,29f74d12e4a522352868297c1661224c5d444f2829f1cae6866c8b2d1968e721,f382c7900331c0be2f56b95f8fd95ed77f86dd5d4b06239da078e03d180eee4d
n_179,val,not_drowsy,True,True,True,True,32,100,COMPLETE,COMPLETE,BOTH,29f74d12e4a522352868297c1661224c5d444f2829f1cae6866c8b2d1968e721,f382c7900331c0be2f56b95f8fd95ed77f86dd5d4b06239da078e03d180eee4d
n_18,train,not_drowsy,True,True,True,True,32,100,COMPLETE,COMPLETE,BOTH,29f74d12e4a522352868297c1661224c5d444f2829f1cae6866c8b2d1968e721,f382c7900331c0be2f56b95f8fd95ed77f86dd5d4b06239da078e03d180eee4d
n_180,train,not_drowsy,True,True,True,True,32,100,COMPLETE,COMPLETE,BOTH,29f74d12e4a522352868297c1661224c5d444f2829f1cae6866c8b2d1968e721,f382c7900331c0be2f56b95f8fd95ed77f86dd5d4b06239da078e03d180eee4d
n_181,train,not_drowsy,True,True,True,True,32,100,COMPLETE,COMPLETE,BOTH,29f74d12e4a522352868297c1661224c5d444f2829f1cae6866c8b2d1968e721,f382c7900331c0be2f56b95f8fd95ed77f86dd5d4b06239da078e03d180eee4d
n_182,val,not_drowsy,True,True,True,True,32,100,COMPLETE,COMPLETE,BOTH,29f74d12e4a522352868297c1661224c5d444f2829f1cae6866c8b2d1968e721,f382c7900331c0be2f56b95f8fd95ed77f86dd5d4b06239da078e03d180eee4d
n_183,train,not_drowsy,True,True,True,True,32,100,COMPLETE,COMPLETE,BOTH,29f74d12e4a522352868297c1661224c5d444f2829f1cae6866c8b2d1968e721,f382c7900331c0be2f56b95f8fd95ed77f86dd5d4b06239da078e03d180eee4d
n_184,val,not_drowsy,True,True,True,True,32,100,COMPLETE,COMPLETE,BOTH,29f74d12e4a522352868297c1661224c5d444f2829f1cae6866c8b2d1968e721,f382c7900331c0be2f56b95f8fd95ed77f86dd5d4b06239da078e03d180eee4d
n_185,train,not_drowsy,True,True,True,True,32,100,COMPLETE,COMPLETE,BOTH,29f74d12e4a522352868297c1661224c5d444f2829f1cae6866c8b2d1968e721,f382c7900331c0be2f56b95f8fd95ed77f86dd5d4b06239da078e03d180eee4d
n_187,train,not_drowsy,True,True,True,True,32,100,COMPLETE,COMPLETE,BOTH,29f74d12e4a522352868297c1661224c5d444f2829f1cae6866c8b2d1968e721,f382c7900331c0be2f56b95f8fd95ed77f86dd5d4b06239da078e03d180eee4d
n_188,train,not_drowsy,True,True,True,True,32,100,COMPLETE,COMPLETE,BOTH,29f74d12e4a522352868297c1661224c5d444f2829f1cae6866c8b2d1968e721,f382c7900331c0be2f56b95f8fd95ed77f86dd5d4b06239da078e03d180eee4d
n_189,train,not_drowsy,True,True,True,True,32,100,COMPLETE,COMPLETE,BOTH,29f74d12e4a522352868297c1661224c5d444f2829f1cae6866c8b2d1968e721,f382c7900331c0be2f56b95f8fd95ed77f86dd5d4b06239da078e03d180eee4d
n_19,train,not_drowsy,True,True,True,True,32,100,COMPLETE,COMPLETE,BOTH,29f74d12e4a522352868297c1661224c5d444f2829f1cae6866c8b2d1968e721,f382c7900331c0be2f56b95f8fd95ed77f86dd5d4b06239da078e03d180eee4d
n_190,train,not_drowsy,True,True,True,True,32,100,COMPLETE,COMPLETE,BOTH,29f74d12e4a522352868297c1661224c5d444f2829f1cae6866c8b2d1968e721,f382c7900331c0be2f56b95f8fd95ed77f86dd5d4b06239da078e03d180eee4d
n_192,train,not_drowsy,True,True,True,True,32,100,COMPLETE,COMPLETE,BOTH,29f74d12e4a522352868297c1661224c5d444f2829f1cae6866c8b2d1968e721,f382c7900331c0be2f56b95f8fd95ed77f86dd5d4b06239da078e03d180eee4d
n_193,val,not_drowsy,True,True,True,True,32,100,COMPLETE,COMPLETE,BOTH,29f74d12e4a522352868297c1661224c5d444f2829f1cae6866c8b2d1968e721,f382c7900331c0be2f56b95f8fd95ed77f86dd5d4b06239da078e03d180eee4d
n_194,train,not_drowsy,True,True,True,True,32,100,COMPLETE,COMPLETE,BOTH,29f74d12e4a522352868297c1661224c5d444f2829f1cae6866c8b2d1968e721,f382c7900331c0be2f56b95f8fd95ed77f86dd5d4b06239da078e03d180eee4d
n_195,train,not_drowsy,True,True,True,True,32,100,COMPLETE,COMPLETE,BOTH,29f74d12e4a522352868297c1661224c5d444f2829f1cae6866c8b2d1968e721,f382c7900331c0be2f56b95f8fd95ed77f86dd5d4b06239da078e03d180eee4d
n_196,val,not_drowsy,True,True,True,True,32,100,COMPLETE,COMPLETE,BOTH,29f74d12e4a522352868297c1661224c5d444f2829f1cae6866c8b2d1968e721,f382c7900331c0be2f56b95f8fd95ed77f86dd5d4b06239da078e03d180eee4d
n_198,train,not_drowsy,True,True,True,True,32,100,COMPLETE,COMPLETE,BOTH,29f74d12e4a522352868297c1661224c5d444f2829f1cae6866c8b2d1968e721,f382c7900331c0be2f56b95f8fd95ed77f86dd5d4b06239da078e03d180eee4d
n_199,train,not_drowsy,True,True,True,True,32,100,COMPLETE,COMPLETE,BOTH,29f74d12e4a522352868297c1661224c5d444f2829f1cae6866c8b2d1968e721,f382c7900331c0be2f56b95f8fd95ed77f86dd5d4b06239da078e03d180eee4d
n_2,val,not_drowsy,True,True,True,True,32,100,COMPLETE,COMPLETE,BOTH,29f74d12e4a522352868297c1661224c5d444f2829f1cae6866c8b2d1968e721,f382c7900331c0be2f56b95f8fd95ed77f86dd5d4b06239da078e03d180eee4d
n_20,train,not_drowsy,True,True,True,True,32,100,COMPLETE,COMPLETE,BOTH,29f74d12e4a522352868297c1661224c5d444f2829f1cae6866c8b2d1968e721,f382c7900331c0be2f56b95f8fd95ed77f86dd5d4b06239da078e03d180eee4d
n_200,train,not_drowsy,True,True,True,True,32,100,COMPLETE,COMPLETE,BOTH,29f74d12e4a522352868297c1661224c5d444f2829f1cae6866c8b2d1968e721,f382c7900331c0be2f56b95f8fd95ed77f86dd5d4b06239da078e03d180eee4d
n_201,train,not_drowsy,True,True,True,True,32,100,COMPLETE,COMPLETE,BOTH,29f74d12e4a522352868297c1661224c5d444f2829f1cae6866c8b2d1968e721,f382c7900331c0be2f56b95f8fd95ed77f86dd5d4b06239da078e03d180eee4d
n_202,train,not_drowsy,True,True,True,True,32,100,COMPLETE,COMPLETE,BOTH,29f74d12e4a522352868297c1661224c5d444f2829f1cae6866c8b2d1968e721,f382c7900331c0be2f56b95f8fd95ed77f86dd5d4b06239da078e03d180eee4d
n_203,train,not_drowsy,True,True,True,True,32,100,COMPLETE,COMPLETE,BOTH,29f74d12e4a522352868297c1661224c5d444f2829f1cae6866c8b2d1968e721,f382c7900331c0be2f56b95f8fd95ed77f86dd5d4b06239da078e03d180eee4d
n_204,train,not_drowsy,True,True,True,True,32,100,COMPLETE,COMPLETE,BOTH,29f74d12e4a522352868297c1661224c5d444f2829f1cae6866c8b2d1968e721,f382c7900331c0be2f56b95f8fd95ed77f86dd5d4b06239da078e03d180eee4d
n_207,train,not_drowsy,True,True,True,True,32,100,COMPLETE,COMPLETE,BOTH,29f74d12e4a522352868297c1661224c5d444f2829f1cae6866c8b2d1968e721,f382c7900331c0be2f56b95f8fd95ed77f86dd5d4b06239da078e03d180eee4d
n_208,val,not_drowsy,True,True,True,True,32,100,COMPLETE,COMPLETE,BOTH,29f74d12e4a522352868297c1661224c5d444f2829f1cae6866c8b2d1968e721,f382c7900331c0be2f56b95f8fd95ed77f86dd5d4b06239da078e03d180eee4d
n_209,train,not_drowsy,True,True,True,True,32,100,COMPLETE,COMPLETE,BOTH,29f74d12e4a522352868297c1661224c5d444f2829f1cae6866c8b2d1968e721,f382c7900331c0be2f56b95f8fd95ed77f86dd5d4b06239da078e03d180eee4d
n_21,train,not_drowsy,True,True,True,True,32,100,COMPLETE,COMPLETE,BOTH,29f74d12e4a522352868297c1661224c5d444f2829f1cae6866c8b2d1968e721,f382c7900331c0be2f56b95f8fd95ed77f86dd5d4b06239da078e03d180eee4d
n_210,train,not_drowsy,True,True,True,True,32,100,COMPLETE,COMPLETE,BOTH,29f74d12e4a522352868297c1661224c5d444f2829f1cae6866c8b2d1968e721,f382c7900331c0be2f56b95f8fd95ed77f86dd5d4b06239da078e03d180eee4d
n_211,train,not_drowsy,True,True,True,True,32,100,COMPLETE,COMPLETE,BOTH,29f74d12e4a522352868297c1661224c5d444f2829f1cae6866c8b2d1968e721,f382c7900331c0be2f56b95f8fd95ed77f86dd5d4b06239da078e03d180eee4d
n_213,train,not_drowsy,True,True,True,True,32,100,COMPLETE,COMPLETE,BOTH,29f74d12e4a522352868297c1661224c5d444f2829f1cae6866c8b2d1968e721,f382c7900331c0be2f56b95f8fd95ed77f86dd5d4b06239da078e03d180eee4d
n_214,val,not_drowsy,True,True,True,True,32,100,COMPLETE,COMPLETE,BOTH,29f74d12e4a522352868297c1661224c5d444f2829f1cae6866c8b2d1968e721,f382c7900331c0be2f56b95f8fd95ed77f86dd5d4b06239da078e03d180eee4d
n_215,train,not_drowsy,True,True,True,True,32,100,COMPLETE,COMPLETE,BOTH,29f74d12e4a522352868297c1661224c5d444f2829f1cae6866c8b2d1968e721,f382c7900331c0be2f56b95f8fd95ed77f86dd5d4b06239da078e03d180eee4d
n_216,train,not_drowsy,True,True,True,True,32,100,COMPLETE,COMPLETE,BOTH,29f74d12e4a522352868297c1661224c5d444f2829f1cae6866c8b2d1968e721,f382c7900331c0be2f56b95f8fd95ed77f86dd5d4b06239da078e03d180eee4d
n_218,train,not_drowsy,True,True,True,True,32,100,COMPLETE,COMPLETE,BOTH,29f74d12e4a522352868297c1661224c5d444f2829f1cae6866c8b2d1968e721,f382c7900331c0be2f56b95f8fd95ed77f86dd5d4b06239da078e03d180eee4d
n_219,train,not_drowsy,True,True,True,True,32,100,COMPLETE,COMPLETE,BOTH,29f74d12e4a522352868297c1661224c5d444f2829f1cae6866c8b2d1968e721,f382c7900331c0be2f56b95f8fd95ed77f86dd5d4b06239da078e03d180eee4d
n_22,train,not_drowsy,True,True,True,True,32,100,COMPLETE,COMPLETE,BOTH,29f74d12e4a522352868297c1661224c5d444f2829f1cae6866c8b2d1968e721,f382c7900331c0be2f56b95f8fd95ed77f86dd5d4b06239da078e03d180eee4d
n_220,val,not_drowsy,True,True,True,True,32,100,COMPLETE,COMPLETE,BOTH,29f74d12e4a522352868297c1661224c5d444f2829f1cae6866c8b2d1968e721,f382c7900331c0be2f56b95f8fd95ed77f86dd5d4b06239da078e03d180eee4d
n_221,train,not_drowsy,True,True,True,True,32,100,COMPLETE,COMPLETE,BOTH,29f74d12e4a522352868297c1661224c5d444f2829f1cae6866c8b2d1968e721,f382c7900331c0be2f56b95f8fd95ed77f86dd5d4b06239da078e03d180eee4d
n_222,train,not_drowsy,True,True,True,True,32,100,COMPLETE,COMPLETE,BOTH,29f74d12e4a522352868297c1661224c5d444f2829f1cae6866c8b2d1968e721,f382c7900331c0be2f56b95f8fd95ed77f86dd5d4b06239da078e03d180eee4d
n_223,train,not_drowsy,True,True,True,True,32,100,COMPLETE,COMPLETE,BOTH,29f74d12e4a522352868297c1661224c5d444f2829f1cae6866c8b2d1968e721,f382c7900331c0be2f56b95f8fd95ed77f86dd5d4b06239da078e03d180eee4d
n_224,val,not_drowsy,True,True,True,True,32,100,COMPLETE,COMPLETE,BOTH,29f74d12e4a522352868297c1661224c5d444f2829f1cae6866c8b2d1968e721,f382c7900331c0be2f56b95f8fd95ed77f86dd5d4b06239da078e03d180eee4d
n_225,train,not_drowsy,True,True,True,True,32,100,COMPLETE,COMPLETE,BOTH,29f74d12e4a522352868297c1661224c5d444f2829f1cae6866c8b2d1968e721,f382c7900331c0be2f56b95f8fd95ed77f86dd5d4b06239da078e03d180eee4d
n_226,train,not_drowsy,True,True,True,True,32,100,COMPLETE,COMPLETE,BOTH,29f74d12e4a522352868297c1661224c5d444f2829f1cae6866c8b2d1968e721,f382c7900331c0be2f56b95f8fd95ed77f86dd5d4b06239da078e03d180eee4d
n_227,train,not_drowsy,True,True,True,True,32,100,COMPLETE,COMPLETE,BOTH,29f74d12e4a522352868297c1661224c5d444f2829f1cae6866c8b2d1968e721,f382c7900331c0be2f56b95f8fd95ed77f86dd5d4b06239da078e03d180eee4d
n_228,train,not_drowsy,True,True,True,True,32,100,COMPLETE,COMPLETE,BOTH,29f74d12e4a522352868297c1661224c5d444f2829f1cae6866c8b2d1968e721,f382c7900331c0be2f56b95f8fd95ed77f86dd5d4b06239da078e03d180eee4d
n_229,train,not_drowsy,True,True,True,True,32,100,COMPLETE,COMPLETE,BOTH,29f74d12e4a522352868297c1661224c5d444f2829f1cae6866c8b2d1968e721,f382c7900331c0be2f56b95f8fd95ed77f86dd5d4b06239da078e03d180eee4d
n_23,train,not_drowsy,True,True,True,True,32,100,COMPLETE,COMPLETE,BOTH,29f74d12e4a522352868297c1661224c5d444f2829f1cae6866c8b2d1968e721,f382c7900331c0be2f56b95f8fd95ed77f86dd5d4b06239da078e03d180eee4d
n_230,val,not_drowsy,True,True,True,True,32,100,COMPLETE,COMPLETE,BOTH,29f74d12e4a522352868297c1661224c5d444f2829f1cae6866c8b2d1968e721,f382c7900331c0be2f56b95f8fd95ed77f86dd5d4b06239da078e03d180eee4d
n_231,train,not_drowsy,True,True,True,True,32,100,COMPLETE,COMPLETE,BOTH,29f74d12e4a522352868297c1661224c5d444f2829f1cae6866c8b2d1968e721,f382c7900331c0be2f56b95f8fd95ed77f86dd5d4b06239da078e03d180eee4d
n_232,val,not_drowsy,True,True,True,True,32,100,COMPLETE,COMPLETE,BOTH,29f74d12e4a522352868297c1661224c5d444f2829f1cae6866c8b2d1968e721,f382c7900331c0be2f56b95f8fd95ed77f86dd5d4b06239da078e03d180eee4d
n_233,val,not_drowsy,True,True,True,True,32,100,COMPLETE,COMPLETE,BOTH,29f74d12e4a522352868297c1661224c5d444f2829f1cae6866c8b2d1968e721,f382c7900331c0be2f56b95f8fd95ed77f86dd5d4b06239da078e03d180eee4d
n_234,train,not_drowsy,True,True,True,True,32,100,COMPLETE,COMPLETE,BOTH,29f74d12e4a522352868297c1661224c5d444f2829f1cae6866c8b2d1968e721,f382c7900331c0be2f56b95f8fd95ed77f86dd5d4b06239da078e03d180eee4d
n_235,val,not_drowsy,True,True,True,True,32,100,COMPLETE,COMPLETE,BOTH,29f74d12e4a522352868297c1661224c5d444f2829f1cae6866c8b2d1968e721,f382c7900331c0be2f56b95f8fd95ed77f86dd5d4b06239da078e03d180eee4d
n_236,train,not_drowsy,True,True,True,True,32,100,COMPLETE,COMPLETE,BOTH,29f74d12e4a522352868297c1661224c5d444f2829f1cae6866c8b2d1968e721,f382c7900331c0be2f56b95f8fd95ed77f86dd5d4b06239da078e03d180eee4d
n_237,train,not_drowsy,True,True,True,True,32,100,COMPLETE,COMPLETE,BOTH,29f74d12e4a522352868297c1661224c5d444f2829f1cae6866c8b2d1968e721,f382c7900331c0be2f56b95f8fd95ed77f86dd5d4b06239da078e03d180eee4d
n_238,val,not_drowsy,True,True,True,True,32,100,COMPLETE,COMPLETE,BOTH,29f74d12e4a522352868297c1661224c5d444f2829f1cae6866c8b2d1968e721,f382c7900331c0be2f56b95f8fd95ed77f86dd5d4b06239da078e03d180eee4d
n_24,train,not_drowsy,True,True,True,True,32,100,COMPLETE,COMPLETE,BOTH,29f74d12e4a522352868297c1661224c5d444f2829f1cae6866c8b2d1968e721,f382c7900331c0be2f56b95f8fd95ed77f86dd5d4b06239da078e03d180eee4d
n_241,val,not_drowsy,True,True,True,True,32,100,COMPLETE,COMPLETE,BOTH,29f74d12e4a522352868297c1661224c5d444f2829f1cae6866c8b2d1968e721,f382c7900331c0be2f56b95f8fd95ed77f86dd5d4b06239da078e03d180eee4d
n_242,train,not_drowsy,True,True,True,True,32,100,COMPLETE,COMPLETE,BOTH,29f74d12e4a522352868297c1661224c5d444f2829f1cae6866c8b2d1968e721,f382c7900331c0be2f56b95f8fd95ed77f86dd5d4b06239da078e03d180eee4d
n_243,train,not_drowsy,True,True,True,True,32,100,COMPLETE,COMPLETE,BOTH,29f74d12e4a522352868297c1661224c5d444f2829f1cae6866c8b2d1968e721,f382c7900331c0be2f56b95f8fd95ed77f86dd5d4b06239da078e03d180eee4d
n_244,train,not_drowsy,True,True,True,True,32,100,COMPLETE,COMPLETE,BOTH,29f74d12e4a522352868297c1661224c5d444f2829f1cae6866c8b2d1968e721,f382c7900331c0be2f56b95f8fd95ed77f86dd5d4b06239da078e03d180eee4d
n_245,train,not_drowsy,False,False,False,False,0,0,EXCLUDED,EXCLUDED,NEITHER,29f74d12e4a522352868297c1661224c5d444f2829f1cae6866c8b2d1968e721,f382c7900331c0be2f56b95f8fd95ed77f86dd5d4b06239da078e03d180eee4d
n_246,train,not_drowsy,False,False,False,False,0,0,EXCLUDED,EXCLUDED,NEITHER,29f74d12e4a522352868297c1661224c5d444f2829f1cae6866c8b2d1968e721,f382c7900331c0be2f56b95f8fd95ed77f86dd5d4b06239da078e03d180eee4d
n_247,val,not_drowsy,False,False,False,False,0,0,EXCLUDED,EXCLUDED,NEITHER,29f74d12e4a522352868297c1661224c5d444f2829f1cae6866c8b2d1968e721,f382c7900331c0be2f56b95f8fd95ed77f86dd5d4b06239da078e03d180eee4d
n_248,train,not_drowsy,False,False,False,False,0,0,EXCLUDED,EXCLUDED,NEITHER,29f74d12e4a522352868297c1661224c5d444f2829f1cae6866c8b2d1968e721,f382c7900331c0be2f56b95f8fd95ed77f86dd5d4b06239da078e03d180eee4d
n_249,train,not_drowsy,False,False,False,False,0,0,EXCLUDED,EXCLUDED,NEITHER,29f74d12e4a522352868297c1661224c5d444f2829f1cae6866c8b2d1968e721,f382c7900331c0be2f56b95f8fd95ed77f86dd5d4b06239da078e03d180eee4d
n_25,train,not_drowsy,True,False,True,False,32,0,COMPLETE,EXCLUDED,CONTEXT_ONLY,29f74d12e4a522352868297c1661224c5d444f2829f1cae6866c8b2d1968e721,f382c7900331c0be2f56b95f8fd95ed77f86dd5d4b06239da078e03d180eee4d
n_250,train,not_drowsy,False,False,False,False,0,0,EXCLUDED,EXCLUDED,NEITHER,29f74d12e4a522352868297c1661224c5d444f2829f1cae6866c8b2d1968e721,f382c7900331c0be2f56b95f8fd95ed77f86dd5d4b06239da078e03d180eee4d
n_253,train,not_drowsy,True,False,True,False,32,0,COMPLETE,EXCLUDED,CONTEXT_ONLY,29f74d12e4a522352868297c1661224c5d444f2829f1cae6866c8b2d1968e721,f382c7900331c0be2f56b95f8fd95ed77f86dd5d4b06239da078e03d180eee4d
n_254,train,not_drowsy,False,False,False,False,0,0,EXCLUDED,EXCLUDED,NEITHER,29f74d12e4a522352868297c1661224c5d444f2829f1cae6866c8b2d1968e721,f382c7900331c0be2f56b95f8fd95ed77f86dd5d4b06239da078e03d180eee4d
n_255,train,not_drowsy,True,False,True,False,32,0,COMPLETE,EXCLUDED,CONTEXT_ONLY,29f74d12e4a522352868297c1661224c5d444f2829f1cae6866c8b2d1968e721,f382c7900331c0be2f56b95f8fd95ed77f86dd5d4b06239da078e03d180eee4d
n_256,val,not_drowsy,True,True,True,True,32,100,COMPLETE,COMPLETE,BOTH,29f74d12e4a522352868297c1661224c5d444f2829f1cae6866c8b2d1968e721,f382c7900331c0be2f56b95f8fd95ed77f86dd5d4b06239da078e03d180eee4d
n_257,train,not_drowsy,False,False,False,False,0,0,EXCLUDED,EXCLUDED,NEITHER,29f74d12e4a522352868297c1661224c5d444f2829f1cae6866c8b2d1968e721,f382c7900331c0be2f56b95f8fd95ed77f86dd5d4b06239da078e03d180eee4d
n_259,train,not_drowsy,False,False,False,False,0,0,EXCLUDED,EXCLUDED,NEITHER,29f74d12e4a522352868297c1661224c5d444f2829f1cae6866c8b2d1968e721,f382c7900331c0be2f56b95f8fd95ed77f86dd5d4b06239da078e03d180eee4d
n_26,train,not_drowsy,True,False,True,False,32,0,COMPLETE,EXCLUDED,CONTEXT_ONLY,29f74d12e4a522352868297c1661224c5d444f2829f1cae6866c8b2d1968e721,f382c7900331c0be2f56b95f8fd95ed77f86dd5d4b06239da078e03d180eee4d
n_260,train,not_drowsy,True,False,True,False,32,0,COMPLETE,EXCLUDED,CONTEXT_ONLY,29f74d12e4a522352868297c1661224c5d444f2829f1cae6866c8b2d1968e721,f382c7900331c0be2f56b95f8fd95ed77f86dd5d4b06239da078e03d180eee4d
n_262,train,not_drowsy,True,False,True,False,32,0,COMPLETE,EXCLUDED,CONTEXT_ONLY,29f74d12e4a522352868297c1661224c5d444f2829f1cae6866c8b2d1968e721,f382c7900331c0be2f56b95f8fd95ed77f86dd5d4b06239da078e03d180eee4d
n_263,train,not_drowsy,True,False,True,False,32,0,COMPLETE,EXCLUDED,CONTEXT_ONLY,29f74d12e4a522352868297c1661224c5d444f2829f1cae6866c8b2d1968e721,f382c7900331c0be2f56b95f8fd95ed77f86dd5d4b06239da078e03d180eee4d
n_264,train,not_drowsy,True,False,True,False,32,0,COMPLETE,EXCLUDED,CONTEXT_ONLY,29f74d12e4a522352868297c1661224c5d444f2829f1cae6866c8b2d1968e721,f382c7900331c0be2f56b95f8fd95ed77f86dd5d4b06239da078e03d180eee4d
n_265,train,not_drowsy,True,False,True,False,32,0,COMPLETE,EXCLUDED,CONTEXT_ONLY,29f74d12e4a522352868297c1661224c5d444f2829f1cae6866c8b2d1968e721,f382c7900331c0be2f56b95f8fd95ed77f86dd5d4b06239da078e03d180eee4d
n_266,train,not_drowsy,False,False,False,False,0,0,EXCLUDED,EXCLUDED,NEITHER,29f74d12e4a522352868297c1661224c5d444f2829f1cae6866c8b2d1968e721,f382c7900331c0be2f56b95f8fd95ed77f86dd5d4b06239da078e03d180eee4d
n_268,train,not_drowsy,True,True,True,True,32,100,COMPLETE,COMPLETE,BOTH,29f74d12e4a522352868297c1661224c5d444f2829f1cae6866c8b2d1968e721,f382c7900331c0be2f56b95f8fd95ed77f86dd5d4b06239da078e03d180eee4d
n_269,train,not_drowsy,True,False,True,False,32,0,COMPLETE,EXCLUDED,CONTEXT_ONLY,29f74d12e4a522352868297c1661224c5d444f2829f1cae6866c8b2d1968e721,f382c7900331c0be2f56b95f8fd95ed77f86dd5d4b06239da078e03d180eee4d
n_27,train,not_drowsy,True,True,True,True,32,100,COMPLETE,COMPLETE,BOTH,29f74d12e4a522352868297c1661224c5d444f2829f1cae6866c8b2d1968e721,f382c7900331c0be2f56b95f8fd95ed77f86dd5d4b06239da078e03d180eee4d
n_270,train,not_drowsy,True,True,True,True,32,100,COMPLETE,COMPLETE,BOTH,29f74d12e4a522352868297c1661224c5d444f2829f1cae6866c8b2d1968e721,f382c7900331c0be2f56b95f8fd95ed77f86dd5d4b06239da078e03d180eee4d
n_271,train,not_drowsy,True,True,True,True,32,100,COMPLETE,COMPLETE,BOTH,29f74d12e4a522352868297c1661224c5d444f2829f1cae6866c8b2d1968e721,f382c7900331c0be2f56b95f8fd95ed77f86dd5d4b06239da078e03d180eee4d
n_273,train,not_drowsy,True,False,True,False,32,0,COMPLETE,EXCLUDED,CONTEXT_ONLY,29f74d12e4a522352868297c1661224c5d444f2829f1cae6866c8b2d1968e721,f382c7900331c0be2f56b95f8fd95ed77f86dd5d4b06239da078e03d180eee4d
n_274,train,not_drowsy,True,False,True,False,32,0,COMPLETE,EXCLUDED,CONTEXT_ONLY,29f74d12e4a522352868297c1661224c5d444f2829f1cae6866c8b2d1968e721,f382c7900331c0be2f56b95f8fd95ed77f86dd5d4b06239da078e03d180eee4d
n_275,train,not_drowsy,True,False,True,False,32,0,COMPLETE,EXCLUDED,CONTEXT_ONLY,29f74d12e4a522352868297c1661224c5d444f2829f1cae6866c8b2d1968e721,f382c7900331c0be2f56b95f8fd95ed77f86dd5d4b06239da078e03d180eee4d
n_276,train,not_drowsy,True,True,True,True,32,100,COMPLETE,COMPLETE,BOTH,29f74d12e4a522352868297c1661224c5d444f2829f1cae6866c8b2d1968e721,f382c7900331c0be2f56b95f8fd95ed77f86dd5d4b06239da078e03d180eee4d
n_277,train,not_drowsy,True,True,True,True,32,100,COMPLETE,COMPLETE,BOTH,29f74d12e4a522352868297c1661224c5d444f2829f1cae6866c8b2d1968e721,f382c7900331c0be2f56b95f8fd95ed77f86dd5d4b06239da078e03d180eee4d
n_278,train,not_drowsy,True,True,True,True,32,100,COMPLETE,COMPLETE,BOTH,29f74d12e4a522352868297c1661224c5d444f2829f1cae6866c8b2d1968e721,f382c7900331c0be2f56b95f8fd95ed77f86dd5d4b06239da078e03d180eee4d
n_279,train,not_drowsy,True,False,True,False,32,0,COMPLETE,EXCLUDED,CONTEXT_ONLY,29f74d12e4a522352868297c1661224c5d444f2829f1cae6866c8b2d1968e721,f382c7900331c0be2f56b95f8fd95ed77f86dd5d4b06239da078e03d180eee4d
n_28,train,not_drowsy,True,True,True,True,32,100,COMPLETE,COMPLETE,BOTH,29f74d12e4a522352868297c1661224c5d444f2829f1cae6866c8b2d1968e721,f382c7900331c0be2f56b95f8fd95ed77f86dd5d4b06239da078e03d180eee4d
n_280,train,not_drowsy,True,True,True,True,32,100,COMPLETE,COMPLETE,BOTH,29f74d12e4a522352868297c1661224c5d444f2829f1cae6866c8b2d1968e721,f382c7900331c0be2f56b95f8fd95ed77f86dd5d4b06239da078e03d180eee4d
n_281,train,not_drowsy,True,False,True,False,32,0,COMPLETE,EXCLUDED,CONTEXT_ONLY,29f74d12e4a522352868297c1661224c5d444f2829f1cae6866c8b2d1968e721,f382c7900331c0be2f56b95f8fd95ed77f86dd5d4b06239da078e03d180eee4d
n_282,val,not_drowsy,True,False,True,False,32,0,COMPLETE,EXCLUDED,CONTEXT_ONLY,29f74d12e4a522352868297c1661224c5d444f2829f1cae6866c8b2d1968e721,f382c7900331c0be2f56b95f8fd95ed77f86dd5d4b06239da078e03d180eee4d
n_283,train,not_drowsy,False,False,False,False,0,0,EXCLUDED,EXCLUDED,NEITHER,29f74d12e4a522352868297c1661224c5d444f2829f1cae6866c8b2d1968e721,f382c7900331c0be2f56b95f8fd95ed77f86dd5d4b06239da078e03d180eee4d
n_284,train,not_drowsy,False,False,False,False,0,0,EXCLUDED,EXCLUDED,NEITHER,29f74d12e4a522352868297c1661224c5d444f2829f1cae6866c8b2d1968e721,f382c7900331c0be2f56b95f8fd95ed77f86dd5d4b06239da078e03d180eee4d
n_285,train,not_drowsy,True,False,True,False,32,0,COMPLETE,EXCLUDED,CONTEXT_ONLY,29f74d12e4a522352868297c1661224c5d444f2829f1cae6866c8b2d1968e721,f382c7900331c0be2f56b95f8fd95ed77f86dd5d4b06239da078e03d180eee4d
n_286,train,not_drowsy,False,False,False,False,0,0,EXCLUDED,EXCLUDED,NEITHER,29f74d12e4a522352868297c1661224c5d444f2829f1cae6866c8b2d1968e721,f382c7900331c0be2f56b95f8fd95ed77f86dd5d4b06239da078e03d180eee4d
n_287,train,not_drowsy,True,True,True,True,32,100,COMPLETE,COMPLETE,BOTH,29f74d12e4a522352868297c1661224c5d444f2829f1cae6866c8b2d1968e721,f382c7900331c0be2f56b95f8fd95ed77f86dd5d4b06239da078e03d180eee4d
n_288,train,not_drowsy,False,False,False,False,0,0,EXCLUDED,EXCLUDED,NEITHER,29f74d12e4a522352868297c1661224c5d444f2829f1cae6866c8b2d1968e721,f382c7900331c0be2f56b95f8fd95ed77f86dd5d4b06239da078e03d180eee4d
n_289,val,not_drowsy,True,True,True,True,32,100,COMPLETE,COMPLETE,BOTH,29f74d12e4a522352868297c1661224c5d444f2829f1cae6866c8b2d1968e721,f382c7900331c0be2f56b95f8fd95ed77f86dd5d4b06239da078e03d180eee4d
n_29,train,not_drowsy,True,True,True,True,32,100,COMPLETE,COMPLETE,BOTH,29f74d12e4a522352868297c1661224c5d444f2829f1cae6866c8b2d1968e721,f382c7900331c0be2f56b95f8fd95ed77f86dd5d4b06239da078e03d180eee4d
n_290,train,not_drowsy,True,True,True,True,32,100,COMPLETE,COMPLETE,BOTH,29f74d12e4a522352868297c1661224c5d444f2829f1cae6866c8b2d1968e721,f382c7900331c0be2f56b95f8fd95ed77f86dd5d4b06239da078e03d180eee4d
n_291,train,not_drowsy,True,False,True,False,32,0,COMPLETE,EXCLUDED,CONTEXT_ONLY,29f74d12e4a522352868297c1661224c5d444f2829f1cae6866c8b2d1968e721,f382c7900331c0be2f56b95f8fd95ed77f86dd5d4b06239da078e03d180eee4d
n_292,train,not_drowsy,True,False,True,False,32,0,COMPLETE,EXCLUDED,CONTEXT_ONLY,29f74d12e4a522352868297c1661224c5d444f2829f1cae6866c8b2d1968e721,f382c7900331c0be2f56b95f8fd95ed77f86dd5d4b06239da078e03d180eee4d
n_293,train,not_drowsy,True,True,True,True,32,100,COMPLETE,COMPLETE,BOTH,29f74d12e4a522352868297c1661224c5d444f2829f1cae6866c8b2d1968e721,f382c7900331c0be2f56b95f8fd95ed77f86dd5d4b06239da078e03d180eee4d
n_294,train,not_drowsy,True,True,True,True,32,100,COMPLETE,COMPLETE,BOTH,29f74d12e4a522352868297c1661224c5d444f2829f1cae6866c8b2d1968e721,f382c7900331c0be2f56b95f8fd95ed77f86dd5d4b06239da078e03d180eee4d
n_295,train,not_drowsy,True,True,True,True,32,100,COMPLETE,COMPLETE,BOTH,29f74d12e4a522352868297c1661224c5d444f2829f1cae6866c8b2d1968e721,f382c7900331c0be2f56b95f8fd95ed77f86dd5d4b06239da078e03d180eee4d
n_296,train,not_drowsy,True,True,True,True,32,100,COMPLETE,COMPLETE,BOTH,29f74d12e4a522352868297c1661224c5d444f2829f1cae6866c8b2d1968e721,f382c7900331c0be2f56b95f8fd95ed77f86dd5d4b06239da078e03d180eee4d
n_297,train,not_drowsy,True,True,True,True,32,100,COMPLETE,COMPLETE,BOTH,29f74d12e4a522352868297c1661224c5d444f2829f1cae6866c8b2d1968e721,f382c7900331c0be2f56b95f8fd95ed77f86dd5d4b06239da078e03d180eee4d
n_299,train,not_drowsy,True,False,True,False,32,0,COMPLETE,EXCLUDED,CONTEXT_ONLY,29f74d12e4a522352868297c1661224c5d444f2829f1cae6866c8b2d1968e721,f382c7900331c0be2f56b95f8fd95ed77f86dd5d4b06239da078e03d180eee4d
n_3,train,not_drowsy,True,True,True,True,32,100,COMPLETE,COMPLETE,BOTH,29f74d12e4a522352868297c1661224c5d444f2829f1cae6866c8b2d1968e721,f382c7900331c0be2f56b95f8fd95ed77f86dd5d4b06239da078e03d180eee4d
n_300,val,not_drowsy,True,False,True,False,32,0,COMPLETE,EXCLUDED,CONTEXT_ONLY,29f74d12e4a522352868297c1661224c5d444f2829f1cae6866c8b2d1968e721,f382c7900331c0be2f56b95f8fd95ed77f86dd5d4b06239da078e03d180eee4d
n_301,val,not_drowsy,True,True,True,True,32,100,COMPLETE,COMPLETE,BOTH,29f74d12e4a522352868297c1661224c5d444f2829f1cae6866c8b2d1968e721,f382c7900331c0be2f56b95f8fd95ed77f86dd5d4b06239da078e03d180eee4d
n_302,train,not_drowsy,True,True,True,True,32,100,COMPLETE,COMPLETE,BOTH,29f74d12e4a522352868297c1661224c5d444f2829f1cae6866c8b2d1968e721,f382c7900331c0be2f56b95f8fd95ed77f86dd5d4b06239da078e03d180eee4d
n_304,train,not_drowsy,True,True,True,True,32,100,COMPLETE,COMPLETE,BOTH,29f74d12e4a522352868297c1661224c5d444f2829f1cae6866c8b2d1968e721,f382c7900331c0be2f56b95f8fd95ed77f86dd5d4b06239da078e03d180eee4d
n_305,train,not_drowsy,True,False,True,False,32,0,COMPLETE,EXCLUDED,CONTEXT_ONLY,29f74d12e4a522352868297c1661224c5d444f2829f1cae6866c8b2d1968e721,f382c7900331c0be2f56b95f8fd95ed77f86dd5d4b06239da078e03d180eee4d
n_306,train,not_drowsy,True,False,True,False,32,0,COMPLETE,EXCLUDED,CONTEXT_ONLY,29f74d12e4a522352868297c1661224c5d444f2829f1cae6866c8b2d1968e721,f382c7900331c0be2f56b95f8fd95ed77f86dd5d4b06239da078e03d180eee4d
n_307,train,not_drowsy,True,False,True,False,32,0,COMPLETE,EXCLUDED,CONTEXT_ONLY,29f74d12e4a522352868297c1661224c5d444f2829f1cae6866c8b2d1968e721,f382c7900331c0be2f56b95f8fd95ed77f86dd5d4b06239da078e03d180eee4d
n_310,train,not_drowsy,True,True,True,True,32,100,COMPLETE,COMPLETE,BOTH,29f74d12e4a522352868297c1661224c5d444f2829f1cae6866c8b2d1968e721,f382c7900331c0be2f56b95f8fd95ed77f86dd5d4b06239da078e03d180eee4d
n_311,val,not_drowsy,True,False,True,False,32,0,COMPLETE,EXCLUDED,CONTEXT_ONLY,29f74d12e4a522352868297c1661224c5d444f2829f1cae6866c8b2d1968e721,f382c7900331c0be2f56b95f8fd95ed77f86dd5d4b06239da078e03d180eee4d
n_312,train,not_drowsy,False,False,False,False,0,0,EXCLUDED,EXCLUDED,NEITHER,29f74d12e4a522352868297c1661224c5d444f2829f1cae6866c8b2d1968e721,f382c7900331c0be2f56b95f8fd95ed77f86dd5d4b06239da078e03d180eee4d
n_314,train,not_drowsy,False,False,False,False,0,0,EXCLUDED,EXCLUDED,NEITHER,29f74d12e4a522352868297c1661224c5d444f2829f1cae6866c8b2d1968e721,f382c7900331c0be2f56b95f8fd95ed77f86dd5d4b06239da078e03d180eee4d
n_315,train,not_drowsy,True,False,True,False,32,0,COMPLETE,EXCLUDED,CONTEXT_ONLY,29f74d12e4a522352868297c1661224c5d444f2829f1cae6866c8b2d1968e721,f382c7900331c0be2f56b95f8fd95ed77f86dd5d4b06239da078e03d180eee4d
n_316,train,not_drowsy,True,False,True,False,32,0,COMPLETE,EXCLUDED,CONTEXT_ONLY,29f74d12e4a522352868297c1661224c5d444f2829f1cae6866c8b2d1968e721,f382c7900331c0be2f56b95f8fd95ed77f86dd5d4b06239da078e03d180eee4d
n_318,val,not_drowsy,False,False,False,False,0,0,EXCLUDED,EXCLUDED,NEITHER,29f74d12e4a522352868297c1661224c5d444f2829f1cae6866c8b2d1968e721,f382c7900331c0be2f56b95f8fd95ed77f86dd5d4b06239da078e03d180eee4d
n_319,train,not_drowsy,True,False,True,False,32,0,COMPLETE,EXCLUDED,CONTEXT_ONLY,29f74d12e4a522352868297c1661224c5d444f2829f1cae6866c8b2d1968e721,f382c7900331c0be2f56b95f8fd95ed77f86dd5d4b06239da078e03d180eee4d
n_32,train,not_drowsy,True,True,True,True,32,100,COMPLETE,COMPLETE,BOTH,29f74d12e4a522352868297c1661224c5d444f2829f1cae6866c8b2d1968e721,f382c7900331c0be2f56b95f8fd95ed77f86dd5d4b06239da078e03d180eee4d
n_320,train,not_drowsy,True,False,True,False,32,0,COMPLETE,EXCLUDED,CONTEXT_ONLY,29f74d12e4a522352868297c1661224c5d444f2829f1cae6866c8b2d1968e721,f382c7900331c0be2f56b95f8fd95ed77f86dd5d4b06239da078e03d180eee4d
n_321,train,not_drowsy,True,False,True,False,32,0,COMPLETE,EXCLUDED,CONTEXT_ONLY,29f74d12e4a522352868297c1661224c5d444f2829f1cae6866c8b2d1968e721,f382c7900331c0be2f56b95f8fd95ed77f86dd5d4b06239da078e03d180eee4d
n_322,train,not_drowsy,True,False,True,False,32,0,COMPLETE,EXCLUDED,CONTEXT_ONLY,29f74d12e4a522352868297c1661224c5d444f2829f1cae6866c8b2d1968e721,f382c7900331c0be2f56b95f8fd95ed77f86dd5d4b06239da078e03d180eee4d
n_323,train,not_drowsy,True,True,True,True,32,100,COMPLETE,COMPLETE,BOTH,29f74d12e4a522352868297c1661224c5d444f2829f1cae6866c8b2d1968e721,f382c7900331c0be2f56b95f8fd95ed77f86dd5d4b06239da078e03d180eee4d
n_324,train,not_drowsy,True,True,True,True,32,100,COMPLETE,COMPLETE,BOTH,29f74d12e4a522352868297c1661224c5d444f2829f1cae6866c8b2d1968e721,f382c7900331c0be2f56b95f8fd95ed77f86dd5d4b06239da078e03d180eee4d
n_325,train,not_drowsy,True,True,True,True,32,100,COMPLETE,COMPLETE,BOTH,29f74d12e4a522352868297c1661224c5d444f2829f1cae6866c8b2d1968e721,f382c7900331c0be2f56b95f8fd95ed77f86dd5d4b06239da078e03d180eee4d
n_326,train,not_drowsy,True,True,True,True,32,100,COMPLETE,COMPLETE,BOTH,29f74d12e4a522352868297c1661224c5d444f2829f1cae6866c8b2d1968e721,f382c7900331c0be2f56b95f8fd95ed77f86dd5d4b06239da078e03d180eee4d
n_327,train,not_drowsy,True,True,True,True,32,100,COMPLETE,COMPLETE,BOTH,29f74d12e4a522352868297c1661224c5d444f2829f1cae6866c8b2d1968e721,f382c7900331c0be2f56b95f8fd95ed77f86dd5d4b06239da078e03d180eee4d
n_328,train,not_drowsy,True,False,True,False,32,0,COMPLETE,EXCLUDED,CONTEXT_ONLY,29f74d12e4a522352868297c1661224c5d444f2829f1cae6866c8b2d1968e721,f382c7900331c0be2f56b95f8fd95ed77f86dd5d4b06239da078e03d180eee4d
n_33,train,not_drowsy,True,True,True,True,32,100,COMPLETE,COMPLETE,BOTH,29f74d12e4a522352868297c1661224c5d444f2829f1cae6866c8b2d1968e721,f382c7900331c0be2f56b95f8fd95ed77f86dd5d4b06239da078e03d180eee4d
n_330,val,not_drowsy,False,False,False,False,0,0,EXCLUDED,EXCLUDED,NEITHER,29f74d12e4a522352868297c1661224c5d444f2829f1cae6866c8b2d1968e721,f382c7900331c0be2f56b95f8fd95ed77f86dd5d4b06239da078e03d180eee4d
n_331,train,not_drowsy,True,True,True,True,32,100,COMPLETE,COMPLETE,BOTH,29f74d12e4a522352868297c1661224c5d444f2829f1cae6866c8b2d1968e721,f382c7900331c0be2f56b95f8fd95ed77f86dd5d4b06239da078e03d180eee4d
n_332,val,not_drowsy,True,True,True,True,32,100,COMPLETE,COMPLETE,BOTH,29f74d12e4a522352868297c1661224c5d444f2829f1cae6866c8b2d1968e721,f382c7900331c0be2f56b95f8fd95ed77f86dd5d4b06239da078e03d180eee4d
n_333,train,not_drowsy,True,True,True,True,32,100,COMPLETE,COMPLETE,BOTH,29f74d12e4a522352868297c1661224c5d444f2829f1cae6866c8b2d1968e721,f382c7900331c0be2f56b95f8fd95ed77f86dd5d4b06239da078e03d180eee4d
n_334,val,not_drowsy,True,True,True,True,32,100,COMPLETE,COMPLETE,BOTH,29f74d12e4a522352868297c1661224c5d444f2829f1cae6866c8b2d1968e721,f382c7900331c0be2f56b95f8fd95ed77f86dd5d4b06239da078e03d180eee4d
n_335,train,not_drowsy,True,True,True,True,32,100,COMPLETE,COMPLETE,BOTH,29f74d12e4a522352868297c1661224c5d444f2829f1cae6866c8b2d1968e721,f382c7900331c0be2f56b95f8fd95ed77f86dd5d4b06239da078e03d180eee4d
n_336,train,not_drowsy,True,True,True,True,32,100,COMPLETE,COMPLETE,BOTH,29f74d12e4a522352868297c1661224c5d444f2829f1cae6866c8b2d1968e721,f382c7900331c0be2f56b95f8fd95ed77f86dd5d4b06239da078e03d180eee4d
n_337,val,not_drowsy,True,False,True,False,32,0,COMPLETE,EXCLUDED,CONTEXT_ONLY,29f74d12e4a522352868297c1661224c5d444f2829f1cae6866c8b2d1968e721,f382c7900331c0be2f56b95f8fd95ed77f86dd5d4b06239da078e03d180eee4d
n_338,train,not_drowsy,True,False,True,False,32,0,COMPLETE,EXCLUDED,CONTEXT_ONLY,29f74d12e4a522352868297c1661224c5d444f2829f1cae6866c8b2d1968e721,f382c7900331c0be2f56b95f8fd95ed77f86dd5d4b06239da078e03d180eee4d
n_339,val,not_drowsy,False,False,False,False,0,0,EXCLUDED,EXCLUDED,NEITHER,29f74d12e4a522352868297c1661224c5d444f2829f1cae6866c8b2d1968e721,f382c7900331c0be2f56b95f8fd95ed77f86dd5d4b06239da078e03d180eee4d
n_34,val,not_drowsy,True,False,True,False,32,0,COMPLETE,EXCLUDED,CONTEXT_ONLY,29f74d12e4a522352868297c1661224c5d444f2829f1cae6866c8b2d1968e721,f382c7900331c0be2f56b95f8fd95ed77f86dd5d4b06239da078e03d180eee4d
n_340,train,not_drowsy,True,True,True,True,32,100,COMPLETE,COMPLETE,BOTH,29f74d12e4a522352868297c1661224c5d444f2829f1cae6866c8b2d1968e721,f382c7900331c0be2f56b95f8fd95ed77f86dd5d4b06239da078e03d180eee4d
n_341,train,not_drowsy,True,True,True,True,32,100,COMPLETE,COMPLETE,BOTH,29f74d12e4a522352868297c1661224c5d444f2829f1cae6866c8b2d1968e721,f382c7900331c0be2f56b95f8fd95ed77f86dd5d4b06239da078e03d180eee4d
n_343,train,not_drowsy,True,True,True,True,32,100,COMPLETE,COMPLETE,BOTH,29f74d12e4a522352868297c1661224c5d444f2829f1cae6866c8b2d1968e721,f382c7900331c0be2f56b95f8fd95ed77f86dd5d4b06239da078e03d180eee4d
n_345,train,not_drowsy,True,False,True,False,32,0,COMPLETE,EXCLUDED,CONTEXT_ONLY,29f74d12e4a522352868297c1661224c5d444f2829f1cae6866c8b2d1968e721,f382c7900331c0be2f56b95f8fd95ed77f86dd5d4b06239da078e03d180eee4d
n_346,val,not_drowsy,True,True,True,True,32,100,COMPLETE,COMPLETE,BOTH,29f74d12e4a522352868297c1661224c5d444f2829f1cae6866c8b2d1968e721,f382c7900331c0be2f56b95f8fd95ed77f86dd5d4b06239da078e03d180eee4d
n_347,train,not_drowsy,True,False,True,False,32,0,COMPLETE,EXCLUDED,CONTEXT_ONLY,29f74d12e4a522352868297c1661224c5d444f2829f1cae6866c8b2d1968e721,f382c7900331c0be2f56b95f8fd95ed77f86dd5d4b06239da078e03d180eee4d
n_348,train,not_drowsy,False,False,False,False,0,0,EXCLUDED,EXCLUDED,NEITHER,29f74d12e4a522352868297c1661224c5d444f2829f1cae6866c8b2d1968e721,f382c7900331c0be2f56b95f8fd95ed77f86dd5d4b06239da078e03d180eee4d
n_349,train,not_drowsy,True,False,True,False,32,0,COMPLETE,EXCLUDED,CONTEXT_ONLY,29f74d12e4a522352868297c1661224c5d444f2829f1cae6866c8b2d1968e721,f382c7900331c0be2f56b95f8fd95ed77f86dd5d4b06239da078e03d180eee4d
n_35,train,not_drowsy,True,False,True,False,32,0,COMPLETE,EXCLUDED,CONTEXT_ONLY,29f74d12e4a522352868297c1661224c5d444f2829f1cae6866c8b2d1968e721,f382c7900331c0be2f56b95f8fd95ed77f86dd5d4b06239da078e03d180eee4d
n_350,train,not_drowsy,True,True,True,True,32,100,COMPLETE,COMPLETE,BOTH,29f74d12e4a522352868297c1661224c5d444f2829f1cae6866c8b2d1968e721,f382c7900331c0be2f56b95f8fd95ed77f86dd5d4b06239da078e03d180eee4d
n_351,val,not_drowsy,True,True,True,True,32,100,COMPLETE,COMPLETE,BOTH,29f74d12e4a522352868297c1661224c5d444f2829f1cae6866c8b2d1968e721,f382c7900331c0be2f56b95f8fd95ed77f86dd5d4b06239da078e03d180eee4d
n_352,train,not_drowsy,True,False,True,False,32,0,COMPLETE,EXCLUDED,CONTEXT_ONLY,29f74d12e4a522352868297c1661224c5d444f2829f1cae6866c8b2d1968e721,f382c7900331c0be2f56b95f8fd95ed77f86dd5d4b06239da078e03d180eee4d
n_353,train,not_drowsy,True,True,True,True,32,100,COMPLETE,COMPLETE,BOTH,29f74d12e4a522352868297c1661224c5d444f2829f1cae6866c8b2d1968e721,f382c7900331c0be2f56b95f8fd95ed77f86dd5d4b06239da078e03d180eee4d
n_355,train,not_drowsy,True,True,True,True,32,100,COMPLETE,COMPLETE,BOTH,29f74d12e4a522352868297c1661224c5d444f2829f1cae6866c8b2d1968e721,f382c7900331c0be2f56b95f8fd95ed77f86dd5d4b06239da078e03d180eee4d
n_356,val,not_drowsy,True,True,True,True,32,100,COMPLETE,COMPLETE,BOTH,29f74d12e4a522352868297c1661224c5d444f2829f1cae6866c8b2d1968e721,f382c7900331c0be2f56b95f8fd95ed77f86dd5d4b06239da078e03d180eee4d
n_357,val,not_drowsy,True,False,True,False,32,0,COMPLETE,EXCLUDED,CONTEXT_ONLY,29f74d12e4a522352868297c1661224c5d444f2829f1cae6866c8b2d1968e721,f382c7900331c0be2f56b95f8fd95ed77f86dd5d4b06239da078e03d180eee4d
n_358,train,not_drowsy,True,False,True,False,32,0,COMPLETE,EXCLUDED,CONTEXT_ONLY,29f74d12e4a522352868297c1661224c5d444f2829f1cae6866c8b2d1968e721,f382c7900331c0be2f56b95f8fd95ed77f86dd5d4b06239da078e03d180eee4d
n_359,train,not_drowsy,True,False,True,False,32,0,COMPLETE,EXCLUDED,CONTEXT_ONLY,29f74d12e4a522352868297c1661224c5d444f2829f1cae6866c8b2d1968e721,f382c7900331c0be2f56b95f8fd95ed77f86dd5d4b06239da078e03d180eee4d
n_36,train,not_drowsy,True,True,True,True,32,100,COMPLETE,COMPLETE,BOTH,29f74d12e4a522352868297c1661224c5d444f2829f1cae6866c8b2d1968e721,f382c7900331c0be2f56b95f8fd95ed77f86dd5d4b06239da078e03d180eee4d
n_360,val,not_drowsy,True,False,True,False,32,0,COMPLETE,EXCLUDED,CONTEXT_ONLY,29f74d12e4a522352868297c1661224c5d444f2829f1cae6866c8b2d1968e721,f382c7900331c0be2f56b95f8fd95ed77f86dd5d4b06239da078e03d180eee4d
n_361,val,not_drowsy,True,True,True,True,32,100,COMPLETE,COMPLETE,BOTH,29f74d12e4a522352868297c1661224c5d444f2829f1cae6866c8b2d1968e721,f382c7900331c0be2f56b95f8fd95ed77f86dd5d4b06239da078e03d180eee4d
n_362,val,not_drowsy,True,True,True,True,32,100,COMPLETE,COMPLETE,BOTH,29f74d12e4a522352868297c1661224c5d444f2829f1cae6866c8b2d1968e721,f382c7900331c0be2f56b95f8fd95ed77f86dd5d4b06239da078e03d180eee4d
n_363,val,not_drowsy,True,True,True,True,32,100,COMPLETE,COMPLETE,BOTH,29f74d12e4a522352868297c1661224c5d444f2829f1cae6866c8b2d1968e721,f382c7900331c0be2f56b95f8fd95ed77f86dd5d4b06239da078e03d180eee4d
n_365,train,not_drowsy,True,True,True,True,32,100,COMPLETE,COMPLETE,BOTH,29f74d12e4a522352868297c1661224c5d444f2829f1cae6866c8b2d1968e721,f382c7900331c0be2f56b95f8fd95ed77f86dd5d4b06239da078e03d180eee4d
n_366,train,not_drowsy,False,False,False,False,0,0,EXCLUDED,EXCLUDED,NEITHER,29f74d12e4a522352868297c1661224c5d444f2829f1cae6866c8b2d1968e721,f382c7900331c0be2f56b95f8fd95ed77f86dd5d4b06239da078e03d180eee4d
n_368,val,not_drowsy,True,True,True,True,32,100,COMPLETE,COMPLETE,BOTH,29f74d12e4a522352868297c1661224c5d444f2829f1cae6866c8b2d1968e721,f382c7900331c0be2f56b95f8fd95ed77f86dd5d4b06239da078e03d180eee4d
n_369,train,not_drowsy,True,True,True,True,32,100,COMPLETE,COMPLETE,BOTH,29f74d12e4a522352868297c1661224c5d444f2829f1cae6866c8b2d1968e721,f382c7900331c0be2f56b95f8fd95ed77f86dd5d4b06239da078e03d180eee4d
n_370,train,not_drowsy,False,False,False,False,0,0,EXCLUDED,EXCLUDED,NEITHER,29f74d12e4a522352868297c1661224c5d444f2829f1cae6866c8b2d1968e721,f382c7900331c0be2f56b95f8fd95ed77f86dd5d4b06239da078e03d180eee4d
n_371,train,not_drowsy,True,True,True,True,32,100,COMPLETE,COMPLETE,BOTH,29f74d12e4a522352868297c1661224c5d444f2829f1cae6866c8b2d1968e721,f382c7900331c0be2f56b95f8fd95ed77f86dd5d4b06239da078e03d180eee4d
n_372,train,not_drowsy,True,True,True,True,32,100,COMPLETE,COMPLETE,BOTH,29f74d12e4a522352868297c1661224c5d444f2829f1cae6866c8b2d1968e721,f382c7900331c0be2f56b95f8fd95ed77f86dd5d4b06239da078e03d180eee4d
n_373,train,not_drowsy,True,True,True,True,32,100,COMPLETE,COMPLETE,BOTH,29f74d12e4a522352868297c1661224c5d444f2829f1cae6866c8b2d1968e721,f382c7900331c0be2f56b95f8fd95ed77f86dd5d4b06239da078e03d180eee4d
n_374,train,not_drowsy,True,False,True,False,32,0,COMPLETE,EXCLUDED,CONTEXT_ONLY,29f74d12e4a522352868297c1661224c5d444f2829f1cae6866c8b2d1968e721,f382c7900331c0be2f56b95f8fd95ed77f86dd5d4b06239da078e03d180eee4d
n_375,train,not_drowsy,True,False,True,False,32,0,COMPLETE,EXCLUDED,CONTEXT_ONLY,29f74d12e4a522352868297c1661224c5d444f2829f1cae6866c8b2d1968e721,f382c7900331c0be2f56b95f8fd95ed77f86dd5d4b06239da078e03d180eee4d
n_376,train,not_drowsy,True,True,True,True,32,100,COMPLETE,COMPLETE,BOTH,29f74d12e4a522352868297c1661224c5d444f2829f1cae6866c8b2d1968e721,f382c7900331c0be2f56b95f8fd95ed77f86dd5d4b06239da078e03d180eee4d
n_378,val,not_drowsy,True,True,True,True,32,100,COMPLETE,COMPLETE,BOTH,29f74d12e4a522352868297c1661224c5d444f2829f1cae6866c8b2d1968e721,f382c7900331c0be2f56b95f8fd95ed77f86dd5d4b06239da078e03d180eee4d
n_379,train,not_drowsy,True,True,True,True,32,100,COMPLETE,COMPLETE,BOTH,29f74d12e4a522352868297c1661224c5d444f2829f1cae6866c8b2d1968e721,f382c7900331c0be2f56b95f8fd95ed77f86dd5d4b06239da078e03d180eee4d
n_38,train,not_drowsy,True,True,True,True,32,100,COMPLETE,COMPLETE,BOTH,29f74d12e4a522352868297c1661224c5d444f2829f1cae6866c8b2d1968e721,f382c7900331c0be2f56b95f8fd95ed77f86dd5d4b06239da078e03d180eee4d
n_380,val,not_drowsy,True,True,True,True,32,100,COMPLETE,COMPLETE,BOTH,29f74d12e4a522352868297c1661224c5d444f2829f1cae6866c8b2d1968e721,f382c7900331c0be2f56b95f8fd95ed77f86dd5d4b06239da078e03d180eee4d
n_381,train,not_drowsy,True,True,True,True,32,100,COMPLETE,COMPLETE,BOTH,29f74d12e4a522352868297c1661224c5d444f2829f1cae6866c8b2d1968e721,f382c7900331c0be2f56b95f8fd95ed77f86dd5d4b06239da078e03d180eee4d
n_383,train,not_drowsy,True,True,True,True,32,100,COMPLETE,COMPLETE,BOTH,29f74d12e4a522352868297c1661224c5d444f2829f1cae6866c8b2d1968e721,f382c7900331c0be2f56b95f8fd95ed77f86dd5d4b06239da078e03d180eee4d
n_385,val,not_drowsy,True,False,True,False,32,0,COMPLETE,EXCLUDED,CONTEXT_ONLY,29f74d12e4a522352868297c1661224c5d444f2829f1cae6866c8b2d1968e721,f382c7900331c0be2f56b95f8fd95ed77f86dd5d4b06239da078e03d180eee4d
n_386,train,not_drowsy,True,True,True,True,32,100,COMPLETE,COMPLETE,BOTH,29f74d12e4a522352868297c1661224c5d444f2829f1cae6866c8b2d1968e721,f382c7900331c0be2f56b95f8fd95ed77f86dd5d4b06239da078e03d180eee4d
n_387,train,not_drowsy,True,True,True,True,32,100,COMPLETE,COMPLETE,BOTH,29f74d12e4a522352868297c1661224c5d444f2829f1cae6866c8b2d1968e721,f382c7900331c0be2f56b95f8fd95ed77f86dd5d4b06239da078e03d180eee4d
n_388,train,not_drowsy,False,False,False,False,0,0,EXCLUDED,EXCLUDED,NEITHER,29f74d12e4a522352868297c1661224c5d444f2829f1cae6866c8b2d1968e721,f382c7900331c0be2f56b95f8fd95ed77f86dd5d4b06239da078e03d180eee4d
n_389,val,not_drowsy,False,False,False,False,0,0,EXCLUDED,EXCLUDED,NEITHER,29f74d12e4a522352868297c1661224c5d444f2829f1cae6866c8b2d1968e721,f382c7900331c0be2f56b95f8fd95ed77f86dd5d4b06239da078e03d180eee4d
n_39,val,not_drowsy,True,True,True,True,32,100,COMPLETE,COMPLETE,BOTH,29f74d12e4a522352868297c1661224c5d444f2829f1cae6866c8b2d1968e721,f382c7900331c0be2f56b95f8fd95ed77f86dd5d4b06239da078e03d180eee4d
n_390,train,not_drowsy,False,False,False,False,0,0,EXCLUDED,EXCLUDED,NEITHER,29f74d12e4a522352868297c1661224c5d444f2829f1cae6866c8b2d1968e721,f382c7900331c0be2f56b95f8fd95ed77f86dd5d4b06239da078e03d180eee4d
n_391,train,not_drowsy,True,True,True,True,32,100,COMPLETE,COMPLETE,BOTH,29f74d12e4a522352868297c1661224c5d444f2829f1cae6866c8b2d1968e721,f382c7900331c0be2f56b95f8fd95ed77f86dd5d4b06239da078e03d180eee4d
n_393,val,not_drowsy,True,True,True,True,32,100,COMPLETE,COMPLETE,BOTH,29f74d12e4a522352868297c1661224c5d444f2829f1cae6866c8b2d1968e721,f382c7900331c0be2f56b95f8fd95ed77f86dd5d4b06239da078e03d180eee4d
n_394,val,not_drowsy,True,True,True,True,32,100,COMPLETE,COMPLETE,BOTH,29f74d12e4a522352868297c1661224c5d444f2829f1cae6866c8b2d1968e721,f382c7900331c0be2f56b95f8fd95ed77f86dd5d4b06239da078e03d180eee4d
n_396,train,not_drowsy,True,True,True,True,32,100,COMPLETE,COMPLETE,BOTH,29f74d12e4a522352868297c1661224c5d444f2829f1cae6866c8b2d1968e721,f382c7900331c0be2f56b95f8fd95ed77f86dd5d4b06239da078e03d180eee4d
n_398,train,not_drowsy,True,True,True,True,32,100,COMPLETE,COMPLETE,BOTH,29f74d12e4a522352868297c1661224c5d444f2829f1cae6866c8b2d1968e721,f382c7900331c0be2f56b95f8fd95ed77f86dd5d4b06239da078e03d180eee4d
n_399,train,not_drowsy,True,True,True,True,32,100,COMPLETE,COMPLETE,BOTH,29f74d12e4a522352868297c1661224c5d444f2829f1cae6866c8b2d1968e721,f382c7900331c0be2f56b95f8fd95ed77f86dd5d4b06239da078e03d180eee4d
n_4,train,not_drowsy,True,True,True,True,32,100,COMPLETE,COMPLETE,BOTH,29f74d12e4a522352868297c1661224c5d444f2829f1cae6866c8b2d1968e721,f382c7900331c0be2f56b95f8fd95ed77f86dd5d4b06239da078e03d180eee4d
n_40,val,not_drowsy,True,True,True,True,32,100,COMPLETE,COMPLETE,BOTH,29f74d12e4a522352868297c1661224c5d444f2829f1cae6866c8b2d1968e721,f382c7900331c0be2f56b95f8fd95ed77f86dd5d4b06239da078e03d180eee4d
n_400,train,not_drowsy,True,True,True,True,32,100,COMPLETE,COMPLETE,BOTH,29f74d12e4a522352868297c1661224c5d444f2829f1cae6866c8b2d1968e721,f382c7900331c0be2f56b95f8fd95ed77f86dd5d4b06239da078e03d180eee4d
n_401,train,not_drowsy,True,True,True,True,32,100,COMPLETE,COMPLETE,BOTH,29f74d12e4a522352868297c1661224c5d444f2829f1cae6866c8b2d1968e721,f382c7900331c0be2f56b95f8fd95ed77f86dd5d4b06239da078e03d180eee4d
n_402,train,not_drowsy,True,True,True,True,32,100,COMPLETE,COMPLETE,BOTH,29f74d12e4a522352868297c1661224c5d444f2829f1cae6866c8b2d1968e721,f382c7900331c0be2f56b95f8fd95ed77f86dd5d4b06239da078e03d180eee4d
n_404,train,not_drowsy,True,True,True,True,32,100,COMPLETE,COMPLETE,BOTH,29f74d12e4a522352868297c1661224c5d444f2829f1cae6866c8b2d1968e721,f382c7900331c0be2f56b95f8fd95ed77f86dd5d4b06239da078e03d180eee4d
n_405,train,not_drowsy,False,False,False,False,0,0,EXCLUDED,EXCLUDED,NEITHER,29f74d12e4a522352868297c1661224c5d444f2829f1cae6866c8b2d1968e721,f382c7900331c0be2f56b95f8fd95ed77f86dd5d4b06239da078e03d180eee4d
n_406,val,not_drowsy,True,True,True,True,32,100,COMPLETE,COMPLETE,BOTH,29f74d12e4a522352868297c1661224c5d444f2829f1cae6866c8b2d1968e721,f382c7900331c0be2f56b95f8fd95ed77f86dd5d4b06239da078e03d180eee4d
n_407,train,not_drowsy,False,False,False,False,0,0,EXCLUDED,EXCLUDED,NEITHER,29f74d12e4a522352868297c1661224c5d444f2829f1cae6866c8b2d1968e721,f382c7900331c0be2f56b95f8fd95ed77f86dd5d4b06239da078e03d180eee4d
n_408,train,not_drowsy,True,True,True,True,32,100,COMPLETE,COMPLETE,BOTH,29f74d12e4a522352868297c1661224c5d444f2829f1cae6866c8b2d1968e721,f382c7900331c0be2f56b95f8fd95ed77f86dd5d4b06239da078e03d180eee4d
n_409,val,not_drowsy,True,False,True,False,32,0,COMPLETE,EXCLUDED,CONTEXT_ONLY,29f74d12e4a522352868297c1661224c5d444f2829f1cae6866c8b2d1968e721,f382c7900331c0be2f56b95f8fd95ed77f86dd5d4b06239da078e03d180eee4d
n_410,train,not_drowsy,True,True,True,True,32,100,COMPLETE,COMPLETE,BOTH,29f74d12e4a522352868297c1661224c5d444f2829f1cae6866c8b2d1968e721,f382c7900331c0be2f56b95f8fd95ed77f86dd5d4b06239da078e03d180eee4d
n_411,train,not_drowsy,True,True,True,True,32,100,COMPLETE,COMPLETE,BOTH,29f74d12e4a522352868297c1661224c5d444f2829f1cae6866c8b2d1968e721,f382c7900331c0be2f56b95f8fd95ed77f86dd5d4b06239da078e03d180eee4d
n_412,train,not_drowsy,True,True,True,True,32,100,COMPLETE,COMPLETE,BOTH,29f74d12e4a522352868297c1661224c5d444f2829f1cae6866c8b2d1968e721,f382c7900331c0be2f56b95f8fd95ed77f86dd5d4b06239da078e03d180eee4d
n_413,train,not_drowsy,True,True,True,True,32,100,COMPLETE,COMPLETE,BOTH,29f74d12e4a522352868297c1661224c5d444f2829f1cae6866c8b2d1968e721,f382c7900331c0be2f56b95f8fd95ed77f86dd5d4b06239da078e03d180eee4d
n_415,train,not_drowsy,True,False,True,False,32,0,COMPLETE,EXCLUDED,CONTEXT_ONLY,29f74d12e4a522352868297c1661224c5d444f2829f1cae6866c8b2d1968e721,f382c7900331c0be2f56b95f8fd95ed77f86dd5d4b06239da078e03d180eee4d
n_416,train,not_drowsy,True,True,True,True,32,100,COMPLETE,COMPLETE,BOTH,29f74d12e4a522352868297c1661224c5d444f2829f1cae6866c8b2d1968e721,f382c7900331c0be2f56b95f8fd95ed77f86dd5d4b06239da078e03d180eee4d
n_417,train,not_drowsy,True,True,True,True,32,100,COMPLETE,COMPLETE,BOTH,29f74d12e4a522352868297c1661224c5d444f2829f1cae6866c8b2d1968e721,f382c7900331c0be2f56b95f8fd95ed77f86dd5d4b06239da078e03d180eee4d
n_418,train,not_drowsy,True,True,True,True,32,100,COMPLETE,COMPLETE,BOTH,29f74d12e4a522352868297c1661224c5d444f2829f1cae6866c8b2d1968e721,f382c7900331c0be2f56b95f8fd95ed77f86dd5d4b06239da078e03d180eee4d
n_419,train,not_drowsy,True,True,True,True,32,100,COMPLETE,COMPLETE,BOTH,29f74d12e4a522352868297c1661224c5d444f2829f1cae6866c8b2d1968e721,f382c7900331c0be2f56b95f8fd95ed77f86dd5d4b06239da078e03d180eee4d
n_42,train,not_drowsy,True,True,True,True,32,100,COMPLETE,COMPLETE,BOTH,29f74d12e4a522352868297c1661224c5d444f2829f1cae6866c8b2d1968e721,f382c7900331c0be2f56b95f8fd95ed77f86dd5d4b06239da078e03d180eee4d
n_420,train,not_drowsy,True,True,True,True,32,100,COMPLETE,COMPLETE,BOTH,29f74d12e4a522352868297c1661224c5d444f2829f1cae6866c8b2d1968e721,f382c7900331c0be2f56b95f8fd95ed77f86dd5d4b06239da078e03d180eee4d
n_422,train,not_drowsy,True,True,True,True,32,100,COMPLETE,COMPLETE,BOTH,29f74d12e4a522352868297c1661224c5d444f2829f1cae6866c8b2d1968e721,f382c7900331c0be2f56b95f8fd95ed77f86dd5d4b06239da078e03d180eee4d
n_423,train,not_drowsy,True,True,True,True,32,100,COMPLETE,COMPLETE,BOTH,29f74d12e4a522352868297c1661224c5d444f2829f1cae6866c8b2d1968e721,f382c7900331c0be2f56b95f8fd95ed77f86dd5d4b06239da078e03d180eee4d
n_425,train,not_drowsy,True,True,True,True,32,100,COMPLETE,COMPLETE,BOTH,29f74d12e4a522352868297c1661224c5d444f2829f1cae6866c8b2d1968e721,f382c7900331c0be2f56b95f8fd95ed77f86dd5d4b06239da078e03d180eee4d
n_426,train,not_drowsy,True,True,True,True,32,100,COMPLETE,COMPLETE,BOTH,29f74d12e4a522352868297c1661224c5d444f2829f1cae6866c8b2d1968e721,f382c7900331c0be2f56b95f8fd95ed77f86dd5d4b06239da078e03d180eee4d
n_427,train,not_drowsy,True,True,True,True,32,100,COMPLETE,COMPLETE,BOTH,29f74d12e4a522352868297c1661224c5d444f2829f1cae6866c8b2d1968e721,f382c7900331c0be2f56b95f8fd95ed77f86dd5d4b06239da078e03d180eee4d
n_428,train,not_drowsy,True,True,True,True,32,100,COMPLETE,COMPLETE,BOTH,29f74d12e4a522352868297c1661224c5d444f2829f1cae6866c8b2d1968e721,f382c7900331c0be2f56b95f8fd95ed77f86dd5d4b06239da078e03d180eee4d
n_429,val,not_drowsy,True,True,True,True,32,100,COMPLETE,COMPLETE,BOTH,29f74d12e4a522352868297c1661224c5d444f2829f1cae6866c8b2d1968e721,f382c7900331c0be2f56b95f8fd95ed77f86dd5d4b06239da078e03d180eee4d
n_43,train,not_drowsy,True,True,True,True,32,100,COMPLETE,COMPLETE,BOTH,29f74d12e4a522352868297c1661224c5d444f2829f1cae6866c8b2d1968e721,f382c7900331c0be2f56b95f8fd95ed77f86dd5d4b06239da078e03d180eee4d
n_430,val,not_drowsy,True,True,True,True,32,100,COMPLETE,COMPLETE,BOTH,29f74d12e4a522352868297c1661224c5d444f2829f1cae6866c8b2d1968e721,f382c7900331c0be2f56b95f8fd95ed77f86dd5d4b06239da078e03d180eee4d
n_431,train,not_drowsy,True,True,True,True,32,100,COMPLETE,COMPLETE,BOTH,29f74d12e4a522352868297c1661224c5d444f2829f1cae6866c8b2d1968e721,f382c7900331c0be2f56b95f8fd95ed77f86dd5d4b06239da078e03d180eee4d
n_432,train,not_drowsy,True,True,True,True,32,100,COMPLETE,COMPLETE,BOTH,29f74d12e4a522352868297c1661224c5d444f2829f1cae6866c8b2d1968e721,f382c7900331c0be2f56b95f8fd95ed77f86dd5d4b06239da078e03d180eee4d
n_433,val,not_drowsy,True,True,True,True,32,100,COMPLETE,COMPLETE,BOTH,29f74d12e4a522352868297c1661224c5d444f2829f1cae6866c8b2d1968e721,f382c7900331c0be2f56b95f8fd95ed77f86dd5d4b06239da078e03d180eee4d
n_434,train,not_drowsy,True,True,True,True,32,100,COMPLETE,COMPLETE,BOTH,29f74d12e4a522352868297c1661224c5d444f2829f1cae6866c8b2d1968e721,f382c7900331c0be2f56b95f8fd95ed77f86dd5d4b06239da078e03d180eee4d
n_435,train,not_drowsy,True,True,True,True,32,100,COMPLETE,COMPLETE,BOTH,29f74d12e4a522352868297c1661224c5d444f2829f1cae6866c8b2d1968e721,f382c7900331c0be2f56b95f8fd95ed77f86dd5d4b06239da078e03d180eee4d
n_437,train,not_drowsy,True,False,True,False,32,0,COMPLETE,EXCLUDED,CONTEXT_ONLY,29f74d12e4a522352868297c1661224c5d444f2829f1cae6866c8b2d1968e721,f382c7900331c0be2f56b95f8fd95ed77f86dd5d4b06239da078e03d180eee4d
n_438,val,not_drowsy,True,False,True,False,32,0,COMPLETE,EXCLUDED,CONTEXT_ONLY,29f74d12e4a522352868297c1661224c5d444f2829f1cae6866c8b2d1968e721,f382c7900331c0be2f56b95f8fd95ed77f86dd5d4b06239da078e03d180eee4d
n_439,train,not_drowsy,True,True,True,True,32,100,COMPLETE,COMPLETE,BOTH,29f74d12e4a522352868297c1661224c5d444f2829f1cae6866c8b2d1968e721,f382c7900331c0be2f56b95f8fd95ed77f86dd5d4b06239da078e03d180eee4d
n_44,train,not_drowsy,True,True,True,True,32,100,COMPLETE,COMPLETE,BOTH,29f74d12e4a522352868297c1661224c5d444f2829f1cae6866c8b2d1968e721,f382c7900331c0be2f56b95f8fd95ed77f86dd5d4b06239da078e03d180eee4d
n_440,train,not_drowsy,True,True,True,True,32,100,COMPLETE,COMPLETE,BOTH,29f74d12e4a522352868297c1661224c5d444f2829f1cae6866c8b2d1968e721,f382c7900331c0be2f56b95f8fd95ed77f86dd5d4b06239da078e03d180eee4d
n_442,train,not_drowsy,True,True,True,True,32,100,COMPLETE,COMPLETE,BOTH,29f74d12e4a522352868297c1661224c5d444f2829f1cae6866c8b2d1968e721,f382c7900331c0be2f56b95f8fd95ed77f86dd5d4b06239da078e03d180eee4d
n_443,train,not_drowsy,True,False,True,False,32,0,COMPLETE,EXCLUDED,CONTEXT_ONLY,29f74d12e4a522352868297c1661224c5d444f2829f1cae6866c8b2d1968e721,f382c7900331c0be2f56b95f8fd95ed77f86dd5d4b06239da078e03d180eee4d
n_444,train,not_drowsy,True,True,True,True,32,100,COMPLETE,COMPLETE,BOTH,29f74d12e4a522352868297c1661224c5d444f2829f1cae6866c8b2d1968e721,f382c7900331c0be2f56b95f8fd95ed77f86dd5d4b06239da078e03d180eee4d
n_445,train,not_drowsy,True,True,True,True,32,100,COMPLETE,COMPLETE,BOTH,29f74d12e4a522352868297c1661224c5d444f2829f1cae6866c8b2d1968e721,f382c7900331c0be2f56b95f8fd95ed77f86dd5d4b06239da078e03d180eee4d
n_446,train,not_drowsy,True,True,True,True,32,100,COMPLETE,COMPLETE,BOTH,29f74d12e4a522352868297c1661224c5d444f2829f1cae6866c8b2d1968e721,f382c7900331c0be2f56b95f8fd95ed77f86dd5d4b06239da078e03d180eee4d
n_447,train,not_drowsy,True,True,True,True,32,100,COMPLETE,COMPLETE,BOTH,29f74d12e4a522352868297c1661224c5d444f2829f1cae6866c8b2d1968e721,f382c7900331c0be2f56b95f8fd95ed77f86dd5d4b06239da078e03d180eee4d
n_448,train,not_drowsy,True,True,True,True,32,100,COMPLETE,COMPLETE,BOTH,29f74d12e4a522352868297c1661224c5d444f2829f1cae6866c8b2d1968e721,f382c7900331c0be2f56b95f8fd95ed77f86dd5d4b06239da078e03d180eee4d
n_449,train,not_drowsy,True,True,True,True,32,100,COMPLETE,COMPLETE,BOTH,29f74d12e4a522352868297c1661224c5d444f2829f1cae6866c8b2d1968e721,f382c7900331c0be2f56b95f8fd95ed77f86dd5d4b06239da078e03d180eee4d
n_45,val,not_drowsy,True,True,True,True,32,100,COMPLETE,COMPLETE,BOTH,29f74d12e4a522352868297c1661224c5d444f2829f1cae6866c8b2d1968e721,f382c7900331c0be2f56b95f8fd95ed77f86dd5d4b06239da078e03d180eee4d
n_450,train,not_drowsy,True,True,True,True,32,100,COMPLETE,COMPLETE,BOTH,29f74d12e4a522352868297c1661224c5d444f2829f1cae6866c8b2d1968e721,f382c7900331c0be2f56b95f8fd95ed77f86dd5d4b06239da078e03d180eee4d
n_451,train,not_drowsy,True,True,True,True,32,100,COMPLETE,COMPLETE,BOTH,29f74d12e4a522352868297c1661224c5d444f2829f1cae6866c8b2d1968e721,f382c7900331c0be2f56b95f8fd95ed77f86dd5d4b06239da078e03d180eee4d
n_452,train,not_drowsy,True,True,True,True,32,100,COMPLETE,COMPLETE,BOTH,29f74d12e4a522352868297c1661224c5d444f2829f1cae6866c8b2d1968e721,f382c7900331c0be2f56b95f8fd95ed77f86dd5d4b06239da078e03d180eee4d
n_453,train,not_drowsy,True,True,True,True,32,100,COMPLETE,COMPLETE,BOTH,29f74d12e4a522352868297c1661224c5d444f2829f1cae6866c8b2d1968e721,f382c7900331c0be2f56b95f8fd95ed77f86dd5d4b06239da078e03d180eee4d
n_454,val,not_drowsy,True,True,True,True,32,100,COMPLETE,COMPLETE,BOTH,29f74d12e4a522352868297c1661224c5d444f2829f1cae6866c8b2d1968e721,f382c7900331c0be2f56b95f8fd95ed77f86dd5d4b06239da078e03d180eee4d
n_456,train,not_drowsy,True,True,True,True,32,100,COMPLETE,COMPLETE,BOTH,29f74d12e4a522352868297c1661224c5d444f2829f1cae6866c8b2d1968e721,f382c7900331c0be2f56b95f8fd95ed77f86dd5d4b06239da078e03d180eee4d
n_459,val,not_drowsy,True,True,True,True,32,100,COMPLETE,COMPLETE,BOTH,29f74d12e4a522352868297c1661224c5d444f2829f1cae6866c8b2d1968e721,f382c7900331c0be2f56b95f8fd95ed77f86dd5d4b06239da078e03d180eee4d
n_46,train,not_drowsy,True,True,True,True,32,100,COMPLETE,COMPLETE,BOTH,29f74d12e4a522352868297c1661224c5d444f2829f1cae6866c8b2d1968e721,f382c7900331c0be2f56b95f8fd95ed77f86dd5d4b06239da078e03d180eee4d
n_460,train,not_drowsy,True,True,True,True,32,100,COMPLETE,COMPLETE,BOTH,29f74d12e4a522352868297c1661224c5d444f2829f1cae6866c8b2d1968e721,f382c7900331c0be2f56b95f8fd95ed77f86dd5d4b06239da078e03d180eee4d
n_461,train,not_drowsy,True,True,True,True,32,100,COMPLETE,COMPLETE,BOTH,29f74d12e4a522352868297c1661224c5d444f2829f1cae6866c8b2d1968e721,f382c7900331c0be2f56b95f8fd95ed77f86dd5d4b06239da078e03d180eee4d
n_463,train,not_drowsy,True,True,True,True,32,100,COMPLETE,COMPLETE,BOTH,29f74d12e4a522352868297c1661224c5d444f2829f1cae6866c8b2d1968e721,f382c7900331c0be2f56b95f8fd95ed77f86dd5d4b06239da078e03d180eee4d
n_464,train,not_drowsy,True,True,True,True,32,100,COMPLETE,COMPLETE,BOTH,29f74d12e4a522352868297c1661224c5d444f2829f1cae6866c8b2d1968e721,f382c7900331c0be2f56b95f8fd95ed77f86dd5d4b06239da078e03d180eee4d
n_465,train,not_drowsy,True,True,True,True,32,100,COMPLETE,COMPLETE,BOTH,29f74d12e4a522352868297c1661224c5d444f2829f1cae6866c8b2d1968e721,f382c7900331c0be2f56b95f8fd95ed77f86dd5d4b06239da078e03d180eee4d
n_466,train,not_drowsy,True,True,True,True,32,100,COMPLETE,COMPLETE,BOTH,29f74d12e4a522352868297c1661224c5d444f2829f1cae6866c8b2d1968e721,f382c7900331c0be2f56b95f8fd95ed77f86dd5d4b06239da078e03d180eee4d
n_467,train,not_drowsy,True,True,True,True,32,100,COMPLETE,COMPLETE,BOTH,29f74d12e4a522352868297c1661224c5d444f2829f1cae6866c8b2d1968e721,f382c7900331c0be2f56b95f8fd95ed77f86dd5d4b06239da078e03d180eee4d
n_468,train,not_drowsy,True,True,True,True,32,100,COMPLETE,COMPLETE,BOTH,29f74d12e4a522352868297c1661224c5d444f2829f1cae6866c8b2d1968e721,f382c7900331c0be2f56b95f8fd95ed77f86dd5d4b06239da078e03d180eee4d
n_469,train,not_drowsy,True,True,True,True,32,100,COMPLETE,COMPLETE,BOTH,29f74d12e4a522352868297c1661224c5d444f2829f1cae6866c8b2d1968e721,f382c7900331c0be2f56b95f8fd95ed77f86dd5d4b06239da078e03d180eee4d
n_47,train,not_drowsy,True,True,True,True,32,100,COMPLETE,COMPLETE,BOTH,29f74d12e4a522352868297c1661224c5d444f2829f1cae6866c8b2d1968e721,f382c7900331c0be2f56b95f8fd95ed77f86dd5d4b06239da078e03d180eee4d
n_470,val,not_drowsy,True,True,True,True,32,100,COMPLETE,COMPLETE,BOTH,29f74d12e4a522352868297c1661224c5d444f2829f1cae6866c8b2d1968e721,f382c7900331c0be2f56b95f8fd95ed77f86dd5d4b06239da078e03d180eee4d
n_471,train,not_drowsy,True,True,True,True,32,100,COMPLETE,COMPLETE,BOTH,29f74d12e4a522352868297c1661224c5d444f2829f1cae6866c8b2d1968e721,f382c7900331c0be2f56b95f8fd95ed77f86dd5d4b06239da078e03d180eee4d
n_472,train,not_drowsy,True,True,True,True,32,100,COMPLETE,COMPLETE,BOTH,29f74d12e4a522352868297c1661224c5d444f2829f1cae6866c8b2d1968e721,f382c7900331c0be2f56b95f8fd95ed77f86dd5d4b06239da078e03d180eee4d
n_474,train,not_drowsy,True,True,True,True,32,100,COMPLETE,COMPLETE,BOTH,29f74d12e4a522352868297c1661224c5d444f2829f1cae6866c8b2d1968e721,f382c7900331c0be2f56b95f8fd95ed77f86dd5d4b06239da078e03d180eee4d
n_475,train,not_drowsy,True,True,True,True,32,100,COMPLETE,COMPLETE,BOTH,29f74d12e4a522352868297c1661224c5d444f2829f1cae6866c8b2d1968e721,f382c7900331c0be2f56b95f8fd95ed77f86dd5d4b06239da078e03d180eee4d
n_476,train,not_drowsy,True,True,True,True,32,100,COMPLETE,COMPLETE,BOTH,29f74d12e4a522352868297c1661224c5d444f2829f1cae6866c8b2d1968e721,f382c7900331c0be2f56b95f8fd95ed77f86dd5d4b06239da078e03d180eee4d
n_478,val,not_drowsy,True,True,True,True,32,100,COMPLETE,COMPLETE,BOTH,29f74d12e4a522352868297c1661224c5d444f2829f1cae6866c8b2d1968e721,f382c7900331c0be2f56b95f8fd95ed77f86dd5d4b06239da078e03d180eee4d
n_479,train,not_drowsy,True,True,True,True,32,100,COMPLETE,COMPLETE,BOTH,29f74d12e4a522352868297c1661224c5d444f2829f1cae6866c8b2d1968e721,f382c7900331c0be2f56b95f8fd95ed77f86dd5d4b06239da078e03d180eee4d
n_48,val,not_drowsy,True,True,True,True,32,100,COMPLETE,COMPLETE,BOTH,29f74d12e4a522352868297c1661224c5d444f2829f1cae6866c8b2d1968e721,f382c7900331c0be2f56b95f8fd95ed77f86dd5d4b06239da078e03d180eee4d
n_480,train,not_drowsy,True,True,True,True,32,100,COMPLETE,COMPLETE,BOTH,29f74d12e4a522352868297c1661224c5d444f2829f1cae6866c8b2d1968e721,f382c7900331c0be2f56b95f8fd95ed77f86dd5d4b06239da078e03d180eee4d
n_482,train,not_drowsy,True,True,True,True,32,100,COMPLETE,COMPLETE,BOTH,29f74d12e4a522352868297c1661224c5d444f2829f1cae6866c8b2d1968e721,f382c7900331c0be2f56b95f8fd95ed77f86dd5d4b06239da078e03d180eee4d
n_483,train,not_drowsy,True,True,True,True,32,100,COMPLETE,COMPLETE,BOTH,29f74d12e4a522352868297c1661224c5d444f2829f1cae6866c8b2d1968e721,f382c7900331c0be2f56b95f8fd95ed77f86dd5d4b06239da078e03d180eee4d
n_484,train,not_drowsy,True,True,True,True,32,100,COMPLETE,COMPLETE,BOTH,29f74d12e4a522352868297c1661224c5d444f2829f1cae6866c8b2d1968e721,f382c7900331c0be2f56b95f8fd95ed77f86dd5d4b06239da078e03d180eee4d
n_485,train,not_drowsy,True,True,True,True,32,100,COMPLETE,COMPLETE,BOTH,29f74d12e4a522352868297c1661224c5d444f2829f1cae6866c8b2d1968e721,f382c7900331c0be2f56b95f8fd95ed77f86dd5d4b06239da078e03d180eee4d
n_486,train,not_drowsy,True,True,True,True,32,100,COMPLETE,COMPLETE,BOTH,29f74d12e4a522352868297c1661224c5d444f2829f1cae6866c8b2d1968e721,f382c7900331c0be2f56b95f8fd95ed77f86dd5d4b06239da078e03d180eee4d
n_487,train,not_drowsy,True,True,True,True,32,100,COMPLETE,COMPLETE,BOTH,29f74d12e4a522352868297c1661224c5d444f2829f1cae6866c8b2d1968e721,f382c7900331c0be2f56b95f8fd95ed77f86dd5d4b06239da078e03d180eee4d
n_489,train,not_drowsy,True,True,True,True,32,100,COMPLETE,COMPLETE,BOTH,29f74d12e4a522352868297c1661224c5d444f2829f1cae6866c8b2d1968e721,f382c7900331c0be2f56b95f8fd95ed77f86dd5d4b06239da078e03d180eee4d
n_49,train,not_drowsy,True,True,True,True,32,100,COMPLETE,COMPLETE,BOTH,29f74d12e4a522352868297c1661224c5d444f2829f1cae6866c8b2d1968e721,f382c7900331c0be2f56b95f8fd95ed77f86dd5d4b06239da078e03d180eee4d
n_490,train,not_drowsy,True,True,True,True,32,100,COMPLETE,COMPLETE,BOTH,29f74d12e4a522352868297c1661224c5d444f2829f1cae6866c8b2d1968e721,f382c7900331c0be2f56b95f8fd95ed77f86dd5d4b06239da078e03d180eee4d
n_491,train,not_drowsy,True,True,True,True,32,100,COMPLETE,COMPLETE,BOTH,29f74d12e4a522352868297c1661224c5d444f2829f1cae6866c8b2d1968e721,f382c7900331c0be2f56b95f8fd95ed77f86dd5d4b06239da078e03d180eee4d
n_492,train,not_drowsy,True,True,True,True,32,100,COMPLETE,COMPLETE,BOTH,29f74d12e4a522352868297c1661224c5d444f2829f1cae6866c8b2d1968e721,f382c7900331c0be2f56b95f8fd95ed77f86dd5d4b06239da078e03d180eee4d
n_494,val,not_drowsy,True,True,True,True,32,100,COMPLETE,COMPLETE,BOTH,29f74d12e4a522352868297c1661224c5d444f2829f1cae6866c8b2d1968e721,f382c7900331c0be2f56b95f8fd95ed77f86dd5d4b06239da078e03d180eee4d
n_495,train,not_drowsy,True,True,True,True,32,100,COMPLETE,COMPLETE,BOTH,29f74d12e4a522352868297c1661224c5d444f2829f1cae6866c8b2d1968e721,f382c7900331c0be2f56b95f8fd95ed77f86dd5d4b06239da078e03d180eee4d
n_496,train,not_drowsy,True,True,True,True,32,100,COMPLETE,COMPLETE,BOTH,29f74d12e4a522352868297c1661224c5d444f2829f1cae6866c8b2d1968e721,f382c7900331c0be2f56b95f8fd95ed77f86dd5d4b06239da078e03d180eee4d
n_497,train,not_drowsy,True,True,True,True,32,100,COMPLETE,COMPLETE,BOTH,29f74d12e4a522352868297c1661224c5d444f2829f1cae6866c8b2d1968e721,f382c7900331c0be2f56b95f8fd95ed77f86dd5d4b06239da078e03d180eee4d
n_498,train,not_drowsy,True,True,True,True,32,100,COMPLETE,COMPLETE,BOTH,29f74d12e4a522352868297c1661224c5d444f2829f1cae6866c8b2d1968e721,f382c7900331c0be2f56b95f8fd95ed77f86dd5d4b06239da078e03d180eee4d
n_499,train,not_drowsy,True,True,True,True,32,100,COMPLETE,COMPLETE,BOTH,29f74d12e4a522352868297c1661224c5d444f2829f1cae6866c8b2d1968e721,f382c7900331c0be2f56b95f8fd95ed77f86dd5d4b06239da078e03d180eee4d
n_5,train,not_drowsy,True,True,True,True,32,100,COMPLETE,COMPLETE,BOTH,29f74d12e4a522352868297c1661224c5d444f2829f1cae6866c8b2d1968e721,f382c7900331c0be2f56b95f8fd95ed77f86dd5d4b06239da078e03d180eee4d
n_50,train,not_drowsy,True,True,True,True,32,100,COMPLETE,COMPLETE,BOTH,29f74d12e4a522352868297c1661224c5d444f2829f1cae6866c8b2d1968e721,f382c7900331c0be2f56b95f8fd95ed77f86dd5d4b06239da078e03d180eee4d
n_500,val,not_drowsy,True,True,True,True,32,100,COMPLETE,COMPLETE,BOTH,29f74d12e4a522352868297c1661224c5d444f2829f1cae6866c8b2d1968e721,f382c7900331c0be2f56b95f8fd95ed77f86dd5d4b06239da078e03d180eee4d
n_501,train,not_drowsy,True,True,True,True,32,100,COMPLETE,COMPLETE,BOTH,29f74d12e4a522352868297c1661224c5d444f2829f1cae6866c8b2d1968e721,f382c7900331c0be2f56b95f8fd95ed77f86dd5d4b06239da078e03d180eee4d
n_503,train,not_drowsy,True,True,True,True,32,100,COMPLETE,COMPLETE,BOTH,29f74d12e4a522352868297c1661224c5d444f2829f1cae6866c8b2d1968e721,f382c7900331c0be2f56b95f8fd95ed77f86dd5d4b06239da078e03d180eee4d
n_506,train,not_drowsy,True,True,True,True,32,100,COMPLETE,COMPLETE,BOTH,29f74d12e4a522352868297c1661224c5d444f2829f1cae6866c8b2d1968e721,f382c7900331c0be2f56b95f8fd95ed77f86dd5d4b06239da078e03d180eee4d
n_507,train,not_drowsy,True,True,True,True,32,100,COMPLETE,COMPLETE,BOTH,29f74d12e4a522352868297c1661224c5d444f2829f1cae6866c8b2d1968e721,f382c7900331c0be2f56b95f8fd95ed77f86dd5d4b06239da078e03d180eee4d
n_509,val,not_drowsy,True,True,True,True,32,100,COMPLETE,COMPLETE,BOTH,29f74d12e4a522352868297c1661224c5d444f2829f1cae6866c8b2d1968e721,f382c7900331c0be2f56b95f8fd95ed77f86dd5d4b06239da078e03d180eee4d
n_51,train,not_drowsy,True,True,True,True,32,100,COMPLETE,COMPLETE,BOTH,29f74d12e4a522352868297c1661224c5d444f2829f1cae6866c8b2d1968e721,f382c7900331c0be2f56b95f8fd95ed77f86dd5d4b06239da078e03d180eee4d
n_510,train,not_drowsy,True,True,True,True,32,100,COMPLETE,COMPLETE,BOTH,29f74d12e4a522352868297c1661224c5d444f2829f1cae6866c8b2d1968e721,f382c7900331c0be2f56b95f8fd95ed77f86dd5d4b06239da078e03d180eee4d
n_511,train,not_drowsy,True,True,True,True,32,100,COMPLETE,COMPLETE,BOTH,29f74d12e4a522352868297c1661224c5d444f2829f1cae6866c8b2d1968e721,f382c7900331c0be2f56b95f8fd95ed77f86dd5d4b06239da078e03d180eee4d
n_512,train,not_drowsy,True,True,True,True,32,100,COMPLETE,COMPLETE,BOTH,29f74d12e4a522352868297c1661224c5d444f2829f1cae6866c8b2d1968e721,f382c7900331c0be2f56b95f8fd95ed77f86dd5d4b06239da078e03d180eee4d
n_513,train,not_drowsy,True,True,True,True,32,100,COMPLETE,COMPLETE,BOTH,29f74d12e4a522352868297c1661224c5d444f2829f1cae6866c8b2d1968e721,f382c7900331c0be2f56b95f8fd95ed77f86dd5d4b06239da078e03d180eee4d
n_514,train,not_drowsy,True,True,True,True,32,100,COMPLETE,COMPLETE,BOTH,29f74d12e4a522352868297c1661224c5d444f2829f1cae6866c8b2d1968e721,f382c7900331c0be2f56b95f8fd95ed77f86dd5d4b06239da078e03d180eee4d
n_515,train,not_drowsy,True,True,True,True,32,100,COMPLETE,COMPLETE,BOTH,29f74d12e4a522352868297c1661224c5d444f2829f1cae6866c8b2d1968e721,f382c7900331c0be2f56b95f8fd95ed77f86dd5d4b06239da078e03d180eee4d
n_516,train,not_drowsy,True,True,True,True,32,100,COMPLETE,COMPLETE,BOTH,29f74d12e4a522352868297c1661224c5d444f2829f1cae6866c8b2d1968e721,f382c7900331c0be2f56b95f8fd95ed77f86dd5d4b06239da078e03d180eee4d
n_517,train,not_drowsy,True,True,True,True,32,100,COMPLETE,COMPLETE,BOTH,29f74d12e4a522352868297c1661224c5d444f2829f1cae6866c8b2d1968e721,f382c7900331c0be2f56b95f8fd95ed77f86dd5d4b06239da078e03d180eee4d
n_518,train,not_drowsy,True,True,True,True,32,100,COMPLETE,COMPLETE,BOTH,29f74d12e4a522352868297c1661224c5d444f2829f1cae6866c8b2d1968e721,f382c7900331c0be2f56b95f8fd95ed77f86dd5d4b06239da078e03d180eee4d
n_519,train,not_drowsy,True,True,True,True,32,100,COMPLETE,COMPLETE,BOTH,29f74d12e4a522352868297c1661224c5d444f2829f1cae6866c8b2d1968e721,f382c7900331c0be2f56b95f8fd95ed77f86dd5d4b06239da078e03d180eee4d
n_52,train,not_drowsy,True,True,True,True,32,100,COMPLETE,COMPLETE,BOTH,29f74d12e4a522352868297c1661224c5d444f2829f1cae6866c8b2d1968e721,f382c7900331c0be2f56b95f8fd95ed77f86dd5d4b06239da078e03d180eee4d
n_522,train,not_drowsy,True,True,True,True,32,100,COMPLETE,COMPLETE,BOTH,29f74d12e4a522352868297c1661224c5d444f2829f1cae6866c8b2d1968e721,f382c7900331c0be2f56b95f8fd95ed77f86dd5d4b06239da078e03d180eee4d
n_523,train,not_drowsy,True,True,True,True,32,100,COMPLETE,COMPLETE,BOTH,29f74d12e4a522352868297c1661224c5d444f2829f1cae6866c8b2d1968e721,f382c7900331c0be2f56b95f8fd95ed77f86dd5d4b06239da078e03d180eee4d
n_524,train,not_drowsy,True,True,True,True,32,100,COMPLETE,COMPLETE,BOTH,29f74d12e4a522352868297c1661224c5d444f2829f1cae6866c8b2d1968e721,f382c7900331c0be2f56b95f8fd95ed77f86dd5d4b06239da078e03d180eee4d
n_526,val,not_drowsy,True,True,True,True,32,100,COMPLETE,COMPLETE,BOTH,29f74d12e4a522352868297c1661224c5d444f2829f1cae6866c8b2d1968e721,f382c7900331c0be2f56b95f8fd95ed77f86dd5d4b06239da078e03d180eee4d
n_527,train,not_drowsy,True,True,True,True,32,100,COMPLETE,COMPLETE,BOTH,29f74d12e4a522352868297c1661224c5d444f2829f1cae6866c8b2d1968e721,f382c7900331c0be2f56b95f8fd95ed77f86dd5d4b06239da078e03d180eee4d
n_528,train,not_drowsy,True,True,True,True,32,100,COMPLETE,COMPLETE,BOTH,29f74d12e4a522352868297c1661224c5d444f2829f1cae6866c8b2d1968e721,f382c7900331c0be2f56b95f8fd95ed77f86dd5d4b06239da078e03d180eee4d
n_53,train,not_drowsy,True,True,True,True,32,100,COMPLETE,COMPLETE,BOTH,29f74d12e4a522352868297c1661224c5d444f2829f1cae6866c8b2d1968e721,f382c7900331c0be2f56b95f8fd95ed77f86dd5d4b06239da078e03d180eee4d
n_530,val,not_drowsy,True,True,True,True,32,100,COMPLETE,COMPLETE,BOTH,29f74d12e4a522352868297c1661224c5d444f2829f1cae6866c8b2d1968e721,f382c7900331c0be2f56b95f8fd95ed77f86dd5d4b06239da078e03d180eee4d
n_531,train,not_drowsy,False,False,False,False,0,0,EXCLUDED,EXCLUDED,NEITHER,29f74d12e4a522352868297c1661224c5d444f2829f1cae6866c8b2d1968e721,f382c7900331c0be2f56b95f8fd95ed77f86dd5d4b06239da078e03d180eee4d
n_532,train,not_drowsy,False,False,False,False,0,0,EXCLUDED,EXCLUDED,NEITHER,29f74d12e4a522352868297c1661224c5d444f2829f1cae6866c8b2d1968e721,f382c7900331c0be2f56b95f8fd95ed77f86dd5d4b06239da078e03d180eee4d
n_533,train,not_drowsy,False,False,False,False,0,0,EXCLUDED,EXCLUDED,NEITHER,29f74d12e4a522352868297c1661224c5d444f2829f1cae6866c8b2d1968e721,f382c7900331c0be2f56b95f8fd95ed77f86dd5d4b06239da078e03d180eee4d
n_534,train,not_drowsy,False,False,False,False,0,0,EXCLUDED,EXCLUDED,NEITHER,29f74d12e4a522352868297c1661224c5d444f2829f1cae6866c8b2d1968e721,f382c7900331c0be2f56b95f8fd95ed77f86dd5d4b06239da078e03d180eee4d
n_535,train,not_drowsy,True,True,True,True,32,100,COMPLETE,COMPLETE,BOTH,29f74d12e4a522352868297c1661224c5d444f2829f1cae6866c8b2d1968e721,f382c7900331c0be2f56b95f8fd95ed77f86dd5d4b06239da078e03d180eee4d
n_536,train,not_drowsy,True,True,True,True,32,100,COMPLETE,COMPLETE,BOTH,29f74d12e4a522352868297c1661224c5d444f2829f1cae6866c8b2d1968e721,f382c7900331c0be2f56b95f8fd95ed77f86dd5d4b06239da078e03d180eee4d
n_537,train,not_drowsy,True,False,True,False,32,0,COMPLETE,EXCLUDED,CONTEXT_ONLY,29f74d12e4a522352868297c1661224c5d444f2829f1cae6866c8b2d1968e721,f382c7900331c0be2f56b95f8fd95ed77f86dd5d4b06239da078e03d180eee4d
n_538,train,not_drowsy,True,False,True,False,32,0,COMPLETE,EXCLUDED,CONTEXT_ONLY,29f74d12e4a522352868297c1661224c5d444f2829f1cae6866c8b2d1968e721,f382c7900331c0be2f56b95f8fd95ed77f86dd5d4b06239da078e03d180eee4d
n_539,train,not_drowsy,True,True,True,True,32,100,COMPLETE,COMPLETE,BOTH,29f74d12e4a522352868297c1661224c5d444f2829f1cae6866c8b2d1968e721,f382c7900331c0be2f56b95f8fd95ed77f86dd5d4b06239da078e03d180eee4d
n_54,train,not_drowsy,True,True,True,True,32,100,COMPLETE,COMPLETE,BOTH,29f74d12e4a522352868297c1661224c5d444f2829f1cae6866c8b2d1968e721,f382c7900331c0be2f56b95f8fd95ed77f86dd5d4b06239da078e03d180eee4d
n_540,val,not_drowsy,True,True,True,True,32,100,COMPLETE,COMPLETE,BOTH,29f74d12e4a522352868297c1661224c5d444f2829f1cae6866c8b2d1968e721,f382c7900331c0be2f56b95f8fd95ed77f86dd5d4b06239da078e03d180eee4d
n_541,train,not_drowsy,True,False,True,False,32,0,COMPLETE,EXCLUDED,CONTEXT_ONLY,29f74d12e4a522352868297c1661224c5d444f2829f1cae6866c8b2d1968e721,f382c7900331c0be2f56b95f8fd95ed77f86dd5d4b06239da078e03d180eee4d
n_542,train,not_drowsy,True,True,True,True,32,100,COMPLETE,COMPLETE,BOTH,29f74d12e4a522352868297c1661224c5d444f2829f1cae6866c8b2d1968e721,f382c7900331c0be2f56b95f8fd95ed77f86dd5d4b06239da078e03d180eee4d
n_543,train,not_drowsy,True,True,True,True,32,100,COMPLETE,COMPLETE,BOTH,29f74d12e4a522352868297c1661224c5d444f2829f1cae6866c8b2d1968e721,f382c7900331c0be2f56b95f8fd95ed77f86dd5d4b06239da078e03d180eee4d
n_544,val,not_drowsy,True,True,True,True,32,100,COMPLETE,COMPLETE,BOTH,29f74d12e4a522352868297c1661224c5d444f2829f1cae6866c8b2d1968e721,f382c7900331c0be2f56b95f8fd95ed77f86dd5d4b06239da078e03d180eee4d
n_545,train,not_drowsy,True,True,True,True,32,100,COMPLETE,COMPLETE,BOTH,29f74d12e4a522352868297c1661224c5d444f2829f1cae6866c8b2d1968e721,f382c7900331c0be2f56b95f8fd95ed77f86dd5d4b06239da078e03d180eee4d
n_546,train,not_drowsy,True,True,True,True,32,100,COMPLETE,COMPLETE,BOTH,29f74d12e4a522352868297c1661224c5d444f2829f1cae6866c8b2d1968e721,f382c7900331c0be2f56b95f8fd95ed77f86dd5d4b06239da078e03d180eee4d
n_547,train,not_drowsy,True,True,True,True,32,100,COMPLETE,COMPLETE,BOTH,29f74d12e4a522352868297c1661224c5d444f2829f1cae6866c8b2d1968e721,f382c7900331c0be2f56b95f8fd95ed77f86dd5d4b06239da078e03d180eee4d
n_548,train,not_drowsy,True,True,True,True,32,100,COMPLETE,COMPLETE,BOTH,29f74d12e4a522352868297c1661224c5d444f2829f1cae6866c8b2d1968e721,f382c7900331c0be2f56b95f8fd95ed77f86dd5d4b06239da078e03d180eee4d
n_549,train,not_drowsy,True,True,True,True,32,100,COMPLETE,COMPLETE,BOTH,29f74d12e4a522352868297c1661224c5d444f2829f1cae6866c8b2d1968e721,f382c7900331c0be2f56b95f8fd95ed77f86dd5d4b06239da078e03d180eee4d
n_55,train,not_drowsy,True,True,True,True,32,100,COMPLETE,COMPLETE,BOTH,29f74d12e4a522352868297c1661224c5d444f2829f1cae6866c8b2d1968e721,f382c7900331c0be2f56b95f8fd95ed77f86dd5d4b06239da078e03d180eee4d
n_550,train,not_drowsy,True,True,True,True,32,100,COMPLETE,COMPLETE,BOTH,29f74d12e4a522352868297c1661224c5d444f2829f1cae6866c8b2d1968e721,f382c7900331c0be2f56b95f8fd95ed77f86dd5d4b06239da078e03d180eee4d
n_551,train,not_drowsy,True,True,True,True,32,100,COMPLETE,COMPLETE,BOTH,29f74d12e4a522352868297c1661224c5d444f2829f1cae6866c8b2d1968e721,f382c7900331c0be2f56b95f8fd95ed77f86dd5d4b06239da078e03d180eee4d
n_552,train,not_drowsy,True,True,True,True,32,100,COMPLETE,COMPLETE,BOTH,29f74d12e4a522352868297c1661224c5d444f2829f1cae6866c8b2d1968e721,f382c7900331c0be2f56b95f8fd95ed77f86dd5d4b06239da078e03d180eee4d
n_553,val,not_drowsy,True,True,True,True,32,100,COMPLETE,COMPLETE,BOTH,29f74d12e4a522352868297c1661224c5d444f2829f1cae6866c8b2d1968e721,f382c7900331c0be2f56b95f8fd95ed77f86dd5d4b06239da078e03d180eee4d
n_554,train,not_drowsy,False,False,False,False,0,0,EXCLUDED,EXCLUDED,NEITHER,29f74d12e4a522352868297c1661224c5d444f2829f1cae6866c8b2d1968e721,f382c7900331c0be2f56b95f8fd95ed77f86dd5d4b06239da078e03d180eee4d
n_556,train,not_drowsy,True,True,True,True,32,100,COMPLETE,COMPLETE,BOTH,29f74d12e4a522352868297c1661224c5d444f2829f1cae6866c8b2d1968e721,f382c7900331c0be2f56b95f8fd95ed77f86dd5d4b06239da078e03d180eee4d
n_557,val,not_drowsy,True,True,True,True,32,100,COMPLETE,COMPLETE,BOTH,29f74d12e4a522352868297c1661224c5d444f2829f1cae6866c8b2d1968e721,f382c7900331c0be2f56b95f8fd95ed77f86dd5d4b06239da078e03d180eee4d
n_56,train,not_drowsy,True,True,True,True,32,100,COMPLETE,COMPLETE,BOTH,29f74d12e4a522352868297c1661224c5d444f2829f1cae6866c8b2d1968e721,f382c7900331c0be2f56b95f8fd95ed77f86dd5d4b06239da078e03d180eee4d
n_560,train,not_drowsy,True,True,True,True,32,100,COMPLETE,COMPLETE,BOTH,29f74d12e4a522352868297c1661224c5d444f2829f1cae6866c8b2d1968e721,f382c7900331c0be2f56b95f8fd95ed77f86dd5d4b06239da078e03d180eee4d
n_561,train,not_drowsy,False,False,False,False,0,0,EXCLUDED,EXCLUDED,NEITHER,29f74d12e4a522352868297c1661224c5d444f2829f1cae6866c8b2d1968e721,f382c7900331c0be2f56b95f8fd95ed77f86dd5d4b06239da078e03d180eee4d
n_562,train,not_drowsy,True,True,True,True,32,100,COMPLETE,COMPLETE,BOTH,29f74d12e4a522352868297c1661224c5d444f2829f1cae6866c8b2d1968e721,f382c7900331c0be2f56b95f8fd95ed77f86dd5d4b06239da078e03d180eee4d
n_563,train,not_drowsy,True,True,True,True,32,100,COMPLETE,COMPLETE,BOTH,29f74d12e4a522352868297c1661224c5d444f2829f1cae6866c8b2d1968e721,f382c7900331c0be2f56b95f8fd95ed77f86dd5d4b06239da078e03d180eee4d
n_564,train,not_drowsy,True,True,True,True,32,100,COMPLETE,COMPLETE,BOTH,29f74d12e4a522352868297c1661224c5d444f2829f1cae6866c8b2d1968e721,f382c7900331c0be2f56b95f8fd95ed77f86dd5d4b06239da078e03d180eee4d
n_565,train,not_drowsy,True,True,True,True,32,100,COMPLETE,COMPLETE,BOTH,29f74d12e4a522352868297c1661224c5d444f2829f1cae6866c8b2d1968e721,f382c7900331c0be2f56b95f8fd95ed77f86dd5d4b06239da078e03d180eee4d
n_566,train,not_drowsy,True,True,True,True,32,100,COMPLETE,COMPLETE,BOTH,29f74d12e4a522352868297c1661224c5d444f2829f1cae6866c8b2d1968e721,f382c7900331c0be2f56b95f8fd95ed77f86dd5d4b06239da078e03d180eee4d
n_567,train,not_drowsy,True,True,True,True,32,100,COMPLETE,COMPLETE,BOTH,29f74d12e4a522352868297c1661224c5d444f2829f1cae6866c8b2d1968e721,f382c7900331c0be2f56b95f8fd95ed77f86dd5d4b06239da078e03d180eee4d
n_568,train,not_drowsy,True,False,True,False,32,0,COMPLETE,EXCLUDED,CONTEXT_ONLY,29f74d12e4a522352868297c1661224c5d444f2829f1cae6866c8b2d1968e721,f382c7900331c0be2f56b95f8fd95ed77f86dd5d4b06239da078e03d180eee4d
n_569,train,not_drowsy,True,True,True,True,32,100,COMPLETE,COMPLETE,BOTH,29f74d12e4a522352868297c1661224c5d444f2829f1cae6866c8b2d1968e721,f382c7900331c0be2f56b95f8fd95ed77f86dd5d4b06239da078e03d180eee4d
n_57,val,not_drowsy,True,True,True,True,32,100,COMPLETE,COMPLETE,BOTH,29f74d12e4a522352868297c1661224c5d444f2829f1cae6866c8b2d1968e721,f382c7900331c0be2f56b95f8fd95ed77f86dd5d4b06239da078e03d180eee4d
n_570,train,not_drowsy,True,True,True,True,32,100,COMPLETE,COMPLETE,BOTH,29f74d12e4a522352868297c1661224c5d444f2829f1cae6866c8b2d1968e721,f382c7900331c0be2f56b95f8fd95ed77f86dd5d4b06239da078e03d180eee4d
n_571,train,not_drowsy,True,True,True,True,32,100,COMPLETE,COMPLETE,BOTH,29f74d12e4a522352868297c1661224c5d444f2829f1cae6866c8b2d1968e721,f382c7900331c0be2f56b95f8fd95ed77f86dd5d4b06239da078e03d180eee4d
n_572,train,not_drowsy,True,True,True,True,32,100,COMPLETE,COMPLETE,BOTH,29f74d12e4a522352868297c1661224c5d444f2829f1cae6866c8b2d1968e721,f382c7900331c0be2f56b95f8fd95ed77f86dd5d4b06239da078e03d180eee4d
n_574,train,not_drowsy,True,True,True,True,32,100,COMPLETE,COMPLETE,BOTH,29f74d12e4a522352868297c1661224c5d444f2829f1cae6866c8b2d1968e721,f382c7900331c0be2f56b95f8fd95ed77f86dd5d4b06239da078e03d180eee4d
n_575,val,not_drowsy,True,True,True,True,32,100,COMPLETE,COMPLETE,BOTH,29f74d12e4a522352868297c1661224c5d444f2829f1cae6866c8b2d1968e721,f382c7900331c0be2f56b95f8fd95ed77f86dd5d4b06239da078e03d180eee4d
n_576,train,not_drowsy,True,True,True,True,32,100,COMPLETE,COMPLETE,BOTH,29f74d12e4a522352868297c1661224c5d444f2829f1cae6866c8b2d1968e721,f382c7900331c0be2f56b95f8fd95ed77f86dd5d4b06239da078e03d180eee4d
n_577,train,not_drowsy,True,True,True,True,32,100,COMPLETE,COMPLETE,BOTH,29f74d12e4a522352868297c1661224c5d444f2829f1cae6866c8b2d1968e721,f382c7900331c0be2f56b95f8fd95ed77f86dd5d4b06239da078e03d180eee4d
n_578,train,not_drowsy,True,True,True,True,32,100,COMPLETE,COMPLETE,BOTH,29f74d12e4a522352868297c1661224c5d444f2829f1cae6866c8b2d1968e721,f382c7900331c0be2f56b95f8fd95ed77f86dd5d4b06239da078e03d180eee4d
n_579,train,not_drowsy,True,True,True,True,32,100,COMPLETE,COMPLETE,BOTH,29f74d12e4a522352868297c1661224c5d444f2829f1cae6866c8b2d1968e721,f382c7900331c0be2f56b95f8fd95ed77f86dd5d4b06239da078e03d180eee4d
n_58,train,not_drowsy,True,True,True,True,32,100,COMPLETE,COMPLETE,BOTH,29f74d12e4a522352868297c1661224c5d444f2829f1cae6866c8b2d1968e721,f382c7900331c0be2f56b95f8fd95ed77f86dd5d4b06239da078e03d180eee4d
n_580,val,not_drowsy,True,True,True,True,32,100,COMPLETE,COMPLETE,BOTH,29f74d12e4a522352868297c1661224c5d444f2829f1cae6866c8b2d1968e721,f382c7900331c0be2f56b95f8fd95ed77f86dd5d4b06239da078e03d180eee4d
n_581,train,not_drowsy,True,True,True,True,32,100,COMPLETE,COMPLETE,BOTH,29f74d12e4a522352868297c1661224c5d444f2829f1cae6866c8b2d1968e721,f382c7900331c0be2f56b95f8fd95ed77f86dd5d4b06239da078e03d180eee4d
n_583,train,not_drowsy,True,True,True,True,32,100,COMPLETE,COMPLETE,BOTH,29f74d12e4a522352868297c1661224c5d444f2829f1cae6866c8b2d1968e721,f382c7900331c0be2f56b95f8fd95ed77f86dd5d4b06239da078e03d180eee4d
n_584,train,not_drowsy,True,True,True,True,32,100,COMPLETE,COMPLETE,BOTH,29f74d12e4a522352868297c1661224c5d444f2829f1cae6866c8b2d1968e721,f382c7900331c0be2f56b95f8fd95ed77f86dd5d4b06239da078e03d180eee4d
n_585,train,not_drowsy,True,True,True,True,32,100,COMPLETE,COMPLETE,BOTH,29f74d12e4a522352868297c1661224c5d444f2829f1cae6866c8b2d1968e721,f382c7900331c0be2f56b95f8fd95ed77f86dd5d4b06239da078e03d180eee4d
n_586,val,not_drowsy,True,True,True,True,32,100,COMPLETE,COMPLETE,BOTH,29f74d12e4a522352868297c1661224c5d444f2829f1cae6866c8b2d1968e721,f382c7900331c0be2f56b95f8fd95ed77f86dd5d4b06239da078e03d180eee4d
n_587,train,not_drowsy,True,True,True,True,32,100,COMPLETE,COMPLETE,BOTH,29f74d12e4a522352868297c1661224c5d444f2829f1cae6866c8b2d1968e721,f382c7900331c0be2f56b95f8fd95ed77f86dd5d4b06239da078e03d180eee4d
n_588,train,not_drowsy,True,True,True,True,32,100,COMPLETE,COMPLETE,BOTH,29f74d12e4a522352868297c1661224c5d444f2829f1cae6866c8b2d1968e721,f382c7900331c0be2f56b95f8fd95ed77f86dd5d4b06239da078e03d180eee4d
n_59,train,not_drowsy,True,True,True,True,32,100,COMPLETE,COMPLETE,BOTH,29f74d12e4a522352868297c1661224c5d444f2829f1cae6866c8b2d1968e721,f382c7900331c0be2f56b95f8fd95ed77f86dd5d4b06239da078e03d180eee4d
n_590,val,not_drowsy,True,True,True,True,32,100,COMPLETE,COMPLETE,BOTH,29f74d12e4a522352868297c1661224c5d444f2829f1cae6866c8b2d1968e721,f382c7900331c0be2f56b95f8fd95ed77f86dd5d4b06239da078e03d180eee4d
n_592,train,not_drowsy,True,True,True,True,32,100,COMPLETE,COMPLETE,BOTH,29f74d12e4a522352868297c1661224c5d444f2829f1cae6866c8b2d1968e721,f382c7900331c0be2f56b95f8fd95ed77f86dd5d4b06239da078e03d180eee4d
n_594,val,not_drowsy,True,True,True,True,32,100,COMPLETE,COMPLETE,BOTH,29f74d12e4a522352868297c1661224c5d444f2829f1cae6866c8b2d1968e721,f382c7900331c0be2f56b95f8fd95ed77f86dd5d4b06239da078e03d180eee4d
n_595,train,not_drowsy,True,True,True,True,32,100,COMPLETE,COMPLETE,BOTH,29f74d12e4a522352868297c1661224c5d444f2829f1cae6866c8b2d1968e721,f382c7900331c0be2f56b95f8fd95ed77f86dd5d4b06239da078e03d180eee4d
n_597,train,not_drowsy,True,True,True,True,32,100,COMPLETE,COMPLETE,BOTH,29f74d12e4a522352868297c1661224c5d444f2829f1cae6866c8b2d1968e721,f382c7900331c0be2f56b95f8fd95ed77f86dd5d4b06239da078e03d180eee4d
n_598,train,not_drowsy,True,True,True,True,32,100,COMPLETE,COMPLETE,BOTH,29f74d12e4a522352868297c1661224c5d444f2829f1cae6866c8b2d1968e721,f382c7900331c0be2f56b95f8fd95ed77f86dd5d4b06239da078e03d180eee4d
n_599,val,not_drowsy,True,True,True,True,32,100,COMPLETE,COMPLETE,BOTH,29f74d12e4a522352868297c1661224c5d444f2829f1cae6866c8b2d1968e721,f382c7900331c0be2f56b95f8fd95ed77f86dd5d4b06239da078e03d180eee4d
n_6,val,not_drowsy,True,False,True,False,32,0,COMPLETE,EXCLUDED,CONTEXT_ONLY,29f74d12e4a522352868297c1661224c5d444f2829f1cae6866c8b2d1968e721,f382c7900331c0be2f56b95f8fd95ed77f86dd5d4b06239da078e03d180eee4d
n_60,val,not_drowsy,True,True,True,True,32,100,COMPLETE,COMPLETE,BOTH,29f74d12e4a522352868297c1661224c5d444f2829f1cae6866c8b2d1968e721,f382c7900331c0be2f56b95f8fd95ed77f86dd5d4b06239da078e03d180eee4d
n_601,train,not_drowsy,True,True,True,True,32,100,COMPLETE,COMPLETE,BOTH,29f74d12e4a522352868297c1661224c5d444f2829f1cae6866c8b2d1968e721,f382c7900331c0be2f56b95f8fd95ed77f86dd5d4b06239da078e03d180eee4d
n_603,train,not_drowsy,True,True,True,True,32,100,COMPLETE,COMPLETE,BOTH,29f74d12e4a522352868297c1661224c5d444f2829f1cae6866c8b2d1968e721,f382c7900331c0be2f56b95f8fd95ed77f86dd5d4b06239da078e03d180eee4d
n_604,train,not_drowsy,True,True,True,True,32,100,COMPLETE,COMPLETE,BOTH,29f74d12e4a522352868297c1661224c5d444f2829f1cae6866c8b2d1968e721,f382c7900331c0be2f56b95f8fd95ed77f86dd5d4b06239da078e03d180eee4d
n_605,train,not_drowsy,True,True,True,True,32,100,COMPLETE,COMPLETE,BOTH,29f74d12e4a522352868297c1661224c5d444f2829f1cae6866c8b2d1968e721,f382c7900331c0be2f56b95f8fd95ed77f86dd5d4b06239da078e03d180eee4d
n_606,train,not_drowsy,True,True,True,True,32,100,COMPLETE,COMPLETE,BOTH,29f74d12e4a522352868297c1661224c5d444f2829f1cae6866c8b2d1968e721,f382c7900331c0be2f56b95f8fd95ed77f86dd5d4b06239da078e03d180eee4d
n_607,train,not_drowsy,True,True,True,True,32,100,COMPLETE,COMPLETE,BOTH,29f74d12e4a522352868297c1661224c5d444f2829f1cae6866c8b2d1968e721,f382c7900331c0be2f56b95f8fd95ed77f86dd5d4b06239da078e03d180eee4d
n_608,train,not_drowsy,True,True,True,True,32,100,COMPLETE,COMPLETE,BOTH,29f74d12e4a522352868297c1661224c5d444f2829f1cae6866c8b2d1968e721,f382c7900331c0be2f56b95f8fd95ed77f86dd5d4b06239da078e03d180eee4d
n_609,train,not_drowsy,True,True,True,True,32,100,COMPLETE,COMPLETE,BOTH,29f74d12e4a522352868297c1661224c5d444f2829f1cae6866c8b2d1968e721,f382c7900331c0be2f56b95f8fd95ed77f86dd5d4b06239da078e03d180eee4d
n_61,val,not_drowsy,False,False,False,False,0,0,EXCLUDED,EXCLUDED,NEITHER,29f74d12e4a522352868297c1661224c5d444f2829f1cae6866c8b2d1968e721,f382c7900331c0be2f56b95f8fd95ed77f86dd5d4b06239da078e03d180eee4d
n_610,train,not_drowsy,True,True,True,True,32,100,COMPLETE,COMPLETE,BOTH,29f74d12e4a522352868297c1661224c5d444f2829f1cae6866c8b2d1968e721,f382c7900331c0be2f56b95f8fd95ed77f86dd5d4b06239da078e03d180eee4d
n_611,val,not_drowsy,True,True,True,True,32,100,COMPLETE,COMPLETE,BOTH,29f74d12e4a522352868297c1661224c5d444f2829f1cae6866c8b2d1968e721,f382c7900331c0be2f56b95f8fd95ed77f86dd5d4b06239da078e03d180eee4d
n_612,train,not_drowsy,True,True,True,True,32,100,COMPLETE,COMPLETE,BOTH,29f74d12e4a522352868297c1661224c5d444f2829f1cae6866c8b2d1968e721,f382c7900331c0be2f56b95f8fd95ed77f86dd5d4b06239da078e03d180eee4d
n_613,val,not_drowsy,True,True,True,True,32,100,COMPLETE,COMPLETE,BOTH,29f74d12e4a522352868297c1661224c5d444f2829f1cae6866c8b2d1968e721,f382c7900331c0be2f56b95f8fd95ed77f86dd5d4b06239da078e03d180eee4d
n_614,train,not_drowsy,True,True,True,True,32,100,COMPLETE,COMPLETE,BOTH,29f74d12e4a522352868297c1661224c5d444f2829f1cae6866c8b2d1968e721,f382c7900331c0be2f56b95f8fd95ed77f86dd5d4b06239da078e03d180eee4d
n_615,train,not_drowsy,True,True,True,True,32,100,COMPLETE,COMPLETE,BOTH,29f74d12e4a522352868297c1661224c5d444f2829f1cae6866c8b2d1968e721,f382c7900331c0be2f56b95f8fd95ed77f86dd5d4b06239da078e03d180eee4d
n_616,train,not_drowsy,True,True,True,True,32,100,COMPLETE,COMPLETE,BOTH,29f74d12e4a522352868297c1661224c5d444f2829f1cae6866c8b2d1968e721,f382c7900331c0be2f56b95f8fd95ed77f86dd5d4b06239da078e03d180eee4d
n_617,train,not_drowsy,True,True,True,True,32,100,COMPLETE,COMPLETE,BOTH,29f74d12e4a522352868297c1661224c5d444f2829f1cae6866c8b2d1968e721,f382c7900331c0be2f56b95f8fd95ed77f86dd5d4b06239da078e03d180eee4d
n_619,val,not_drowsy,True,True,True,True,32,100,COMPLETE,COMPLETE,BOTH,29f74d12e4a522352868297c1661224c5d444f2829f1cae6866c8b2d1968e721,f382c7900331c0be2f56b95f8fd95ed77f86dd5d4b06239da078e03d180eee4d
n_62,train,not_drowsy,True,True,True,True,32,100,COMPLETE,COMPLETE,BOTH,29f74d12e4a522352868297c1661224c5d444f2829f1cae6866c8b2d1968e721,f382c7900331c0be2f56b95f8fd95ed77f86dd5d4b06239da078e03d180eee4d
n_620,train,not_drowsy,True,True,True,True,32,100,COMPLETE,COMPLETE,BOTH,29f74d12e4a522352868297c1661224c5d444f2829f1cae6866c8b2d1968e721,f382c7900331c0be2f56b95f8fd95ed77f86dd5d4b06239da078e03d180eee4d
n_622,train,not_drowsy,True,True,True,True,32,100,COMPLETE,COMPLETE,BOTH,29f74d12e4a522352868297c1661224c5d444f2829f1cae6866c8b2d1968e721,f382c7900331c0be2f56b95f8fd95ed77f86dd5d4b06239da078e03d180eee4d
n_623,train,not_drowsy,True,True,True,True,32,100,COMPLETE,COMPLETE,BOTH,29f74d12e4a522352868297c1661224c5d444f2829f1cae6866c8b2d1968e721,f382c7900331c0be2f56b95f8fd95ed77f86dd5d4b06239da078e03d180eee4d
n_625,train,not_drowsy,True,True,True,True,32,100,COMPLETE,COMPLETE,BOTH,29f74d12e4a522352868297c1661224c5d444f2829f1cae6866c8b2d1968e721,f382c7900331c0be2f56b95f8fd95ed77f86dd5d4b06239da078e03d180eee4d
n_627,train,not_drowsy,True,True,True,True,32,100,COMPLETE,COMPLETE,BOTH,29f74d12e4a522352868297c1661224c5d444f2829f1cae6866c8b2d1968e721,f382c7900331c0be2f56b95f8fd95ed77f86dd5d4b06239da078e03d180eee4d
n_628,train,not_drowsy,True,True,True,True,32,100,COMPLETE,COMPLETE,BOTH,29f74d12e4a522352868297c1661224c5d444f2829f1cae6866c8b2d1968e721,f382c7900331c0be2f56b95f8fd95ed77f86dd5d4b06239da078e03d180eee4d
n_629,train,not_drowsy,True,True,True,True,32,100,COMPLETE,COMPLETE,BOTH,29f74d12e4a522352868297c1661224c5d444f2829f1cae6866c8b2d1968e721,f382c7900331c0be2f56b95f8fd95ed77f86dd5d4b06239da078e03d180eee4d
n_63,train,not_drowsy,True,True,True,True,32,100,COMPLETE,COMPLETE,BOTH,29f74d12e4a522352868297c1661224c5d444f2829f1cae6866c8b2d1968e721,f382c7900331c0be2f56b95f8fd95ed77f86dd5d4b06239da078e03d180eee4d
n_631,train,not_drowsy,True,True,True,True,32,100,COMPLETE,COMPLETE,BOTH,29f74d12e4a522352868297c1661224c5d444f2829f1cae6866c8b2d1968e721,f382c7900331c0be2f56b95f8fd95ed77f86dd5d4b06239da078e03d180eee4d
n_632,train,not_drowsy,True,True,True,True,32,100,COMPLETE,COMPLETE,BOTH,29f74d12e4a522352868297c1661224c5d444f2829f1cae6866c8b2d1968e721,f382c7900331c0be2f56b95f8fd95ed77f86dd5d4b06239da078e03d180eee4d
n_633,train,not_drowsy,True,True,True,True,32,100,COMPLETE,COMPLETE,BOTH,29f74d12e4a522352868297c1661224c5d444f2829f1cae6866c8b2d1968e721,f382c7900331c0be2f56b95f8fd95ed77f86dd5d4b06239da078e03d180eee4d
n_634,val,not_drowsy,True,True,True,True,32,100,COMPLETE,COMPLETE,BOTH,29f74d12e4a522352868297c1661224c5d444f2829f1cae6866c8b2d1968e721,f382c7900331c0be2f56b95f8fd95ed77f86dd5d4b06239da078e03d180eee4d
n_636,train,not_drowsy,True,True,True,True,32,100,COMPLETE,COMPLETE,BOTH,29f74d12e4a522352868297c1661224c5d444f2829f1cae6866c8b2d1968e721,f382c7900331c0be2f56b95f8fd95ed77f86dd5d4b06239da078e03d180eee4d
n_638,train,not_drowsy,True,True,True,True,32,100,COMPLETE,COMPLETE,BOTH,29f74d12e4a522352868297c1661224c5d444f2829f1cae6866c8b2d1968e721,f382c7900331c0be2f56b95f8fd95ed77f86dd5d4b06239da078e03d180eee4d
n_639,val,not_drowsy,True,True,True,True,32,100,COMPLETE,COMPLETE,BOTH,29f74d12e4a522352868297c1661224c5d444f2829f1cae6866c8b2d1968e721,f382c7900331c0be2f56b95f8fd95ed77f86dd5d4b06239da078e03d180eee4d
n_64,train,not_drowsy,True,True,True,True,32,100,COMPLETE,COMPLETE,BOTH,29f74d12e4a522352868297c1661224c5d444f2829f1cae6866c8b2d1968e721,f382c7900331c0be2f56b95f8fd95ed77f86dd5d4b06239da078e03d180eee4d
n_640,val,not_drowsy,True,True,True,True,32,100,COMPLETE,COMPLETE,BOTH,29f74d12e4a522352868297c1661224c5d444f2829f1cae6866c8b2d1968e721,f382c7900331c0be2f56b95f8fd95ed77f86dd5d4b06239da078e03d180eee4d
n_641,train,not_drowsy,True,True,True,True,32,100,COMPLETE,COMPLETE,BOTH,29f74d12e4a522352868297c1661224c5d444f2829f1cae6866c8b2d1968e721,f382c7900331c0be2f56b95f8fd95ed77f86dd5d4b06239da078e03d180eee4d
n_642,train,not_drowsy,True,True,True,True,32,100,COMPLETE,COMPLETE,BOTH,29f74d12e4a522352868297c1661224c5d444f2829f1cae6866c8b2d1968e721,f382c7900331c0be2f56b95f8fd95ed77f86dd5d4b06239da078e03d180eee4d
n_644,val,not_drowsy,True,False,True,False,32,0,COMPLETE,EXCLUDED,CONTEXT_ONLY,29f74d12e4a522352868297c1661224c5d444f2829f1cae6866c8b2d1968e721,f382c7900331c0be2f56b95f8fd95ed77f86dd5d4b06239da078e03d180eee4d
n_646,val,not_drowsy,True,True,True,True,32,100,COMPLETE,COMPLETE,BOTH,29f74d12e4a522352868297c1661224c5d444f2829f1cae6866c8b2d1968e721,f382c7900331c0be2f56b95f8fd95ed77f86dd5d4b06239da078e03d180eee4d
n_647,train,not_drowsy,True,True,True,True,32,100,COMPLETE,COMPLETE,BOTH,29f74d12e4a522352868297c1661224c5d444f2829f1cae6866c8b2d1968e721,f382c7900331c0be2f56b95f8fd95ed77f86dd5d4b06239da078e03d180eee4d
n_648,train,not_drowsy,True,True,True,True,32,100,COMPLETE,COMPLETE,BOTH,29f74d12e4a522352868297c1661224c5d444f2829f1cae6866c8b2d1968e721,f382c7900331c0be2f56b95f8fd95ed77f86dd5d4b06239da078e03d180eee4d
n_649,train,not_drowsy,True,True,True,True,32,100,COMPLETE,COMPLETE,BOTH,29f74d12e4a522352868297c1661224c5d444f2829f1cae6866c8b2d1968e721,f382c7900331c0be2f56b95f8fd95ed77f86dd5d4b06239da078e03d180eee4d
n_65,train,not_drowsy,True,True,True,True,32,100,COMPLETE,COMPLETE,BOTH,29f74d12e4a522352868297c1661224c5d444f2829f1cae6866c8b2d1968e721,f382c7900331c0be2f56b95f8fd95ed77f86dd5d4b06239da078e03d180eee4d
n_650,train,not_drowsy,True,True,True,True,32,100,COMPLETE,COMPLETE,BOTH,29f74d12e4a522352868297c1661224c5d444f2829f1cae6866c8b2d1968e721,f382c7900331c0be2f56b95f8fd95ed77f86dd5d4b06239da078e03d180eee4d
n_651,train,not_drowsy,True,True,True,True,32,100,COMPLETE,COMPLETE,BOTH,29f74d12e4a522352868297c1661224c5d444f2829f1cae6866c8b2d1968e721,f382c7900331c0be2f56b95f8fd95ed77f86dd5d4b06239da078e03d180eee4d
n_652,train,not_drowsy,True,True,True,True,32,100,COMPLETE,COMPLETE,BOTH,29f74d12e4a522352868297c1661224c5d444f2829f1cae6866c8b2d1968e721,f382c7900331c0be2f56b95f8fd95ed77f86dd5d4b06239da078e03d180eee4d
n_655,train,not_drowsy,True,True,True,True,32,100,COMPLETE,COMPLETE,BOTH,29f74d12e4a522352868297c1661224c5d444f2829f1cae6866c8b2d1968e721,f382c7900331c0be2f56b95f8fd95ed77f86dd5d4b06239da078e03d180eee4d
n_656,val,not_drowsy,True,True,True,True,32,100,COMPLETE,COMPLETE,BOTH,29f74d12e4a522352868297c1661224c5d444f2829f1cae6866c8b2d1968e721,f382c7900331c0be2f56b95f8fd95ed77f86dd5d4b06239da078e03d180eee4d
n_657,train,not_drowsy,True,True,True,True,32,100,COMPLETE,COMPLETE,BOTH,29f74d12e4a522352868297c1661224c5d444f2829f1cae6866c8b2d1968e721,f382c7900331c0be2f56b95f8fd95ed77f86dd5d4b06239da078e03d180eee4d
n_658,val,not_drowsy,True,True,True,True,32,100,COMPLETE,COMPLETE,BOTH,29f74d12e4a522352868297c1661224c5d444f2829f1cae6866c8b2d1968e721,f382c7900331c0be2f56b95f8fd95ed77f86dd5d4b06239da078e03d180eee4d
n_659,train,not_drowsy,True,True,True,True,32,100,COMPLETE,COMPLETE,BOTH,29f74d12e4a522352868297c1661224c5d444f2829f1cae6866c8b2d1968e721,f382c7900331c0be2f56b95f8fd95ed77f86dd5d4b06239da078e03d180eee4d
n_66,train,not_drowsy,True,True,True,True,32,100,COMPLETE,COMPLETE,BOTH,29f74d12e4a522352868297c1661224c5d444f2829f1cae6866c8b2d1968e721,f382c7900331c0be2f56b95f8fd95ed77f86dd5d4b06239da078e03d180eee4d
n_660,train,not_drowsy,True,True,True,True,32,100,COMPLETE,COMPLETE,BOTH,29f74d12e4a522352868297c1661224c5d444f2829f1cae6866c8b2d1968e721,f382c7900331c0be2f56b95f8fd95ed77f86dd5d4b06239da078e03d180eee4d
n_661,train,not_drowsy,True,True,True,True,32,100,COMPLETE,COMPLETE,BOTH,29f74d12e4a522352868297c1661224c5d444f2829f1cae6866c8b2d1968e721,f382c7900331c0be2f56b95f8fd95ed77f86dd5d4b06239da078e03d180eee4d
n_662,train,not_drowsy,True,True,True,True,32,100,COMPLETE,COMPLETE,BOTH,29f74d12e4a522352868297c1661224c5d444f2829f1cae6866c8b2d1968e721,f382c7900331c0be2f56b95f8fd95ed77f86dd5d4b06239da078e03d180eee4d
n_663,val,not_drowsy,True,True,True,True,32,100,COMPLETE,COMPLETE,BOTH,29f74d12e4a522352868297c1661224c5d444f2829f1cae6866c8b2d1968e721,f382c7900331c0be2f56b95f8fd95ed77f86dd5d4b06239da078e03d180eee4d
n_668,train,not_drowsy,True,True,True,True,32,100,COMPLETE,COMPLETE,BOTH,29f74d12e4a522352868297c1661224c5d444f2829f1cae6866c8b2d1968e721,f382c7900331c0be2f56b95f8fd95ed77f86dd5d4b06239da078e03d180eee4d
n_67,val,not_drowsy,True,True,True,True,32,100,COMPLETE,COMPLETE,BOTH,29f74d12e4a522352868297c1661224c5d444f2829f1cae6866c8b2d1968e721,f382c7900331c0be2f56b95f8fd95ed77f86dd5d4b06239da078e03d180eee4d
n_670,train,not_drowsy,True,True,True,True,32,100,COMPLETE,COMPLETE,BOTH,29f74d12e4a522352868297c1661224c5d444f2829f1cae6866c8b2d1968e721,f382c7900331c0be2f56b95f8fd95ed77f86dd5d4b06239da078e03d180eee4d
n_671,val,not_drowsy,False,False,False,False,0,0,EXCLUDED,EXCLUDED,NEITHER,29f74d12e4a522352868297c1661224c5d444f2829f1cae6866c8b2d1968e721,f382c7900331c0be2f56b95f8fd95ed77f86dd5d4b06239da078e03d180eee4d
n_673,train,not_drowsy,True,True,True,True,32,100,COMPLETE,COMPLETE,BOTH,29f74d12e4a522352868297c1661224c5d444f2829f1cae6866c8b2d1968e721,f382c7900331c0be2f56b95f8fd95ed77f86dd5d4b06239da078e03d180eee4d
n_674,val,not_drowsy,True,True,True,True,32,100,COMPLETE,COMPLETE,BOTH,29f74d12e4a522352868297c1661224c5d444f2829f1cae6866c8b2d1968e721,f382c7900331c0be2f56b95f8fd95ed77f86dd5d4b06239da078e03d180eee4d
n_675,train,not_drowsy,True,True,True,True,32,100,COMPLETE,COMPLETE,BOTH,29f74d12e4a522352868297c1661224c5d444f2829f1cae6866c8b2d1968e721,f382c7900331c0be2f56b95f8fd95ed77f86dd5d4b06239da078e03d180eee4d
n_676,train,not_drowsy,True,False,True,False,32,0,COMPLETE,EXCLUDED,CONTEXT_ONLY,29f74d12e4a522352868297c1661224c5d444f2829f1cae6866c8b2d1968e721,f382c7900331c0be2f56b95f8fd95ed77f86dd5d4b06239da078e03d180eee4d
n_677,train,not_drowsy,False,False,False,False,0,0,EXCLUDED,EXCLUDED,NEITHER,29f74d12e4a522352868297c1661224c5d444f2829f1cae6866c8b2d1968e721,f382c7900331c0be2f56b95f8fd95ed77f86dd5d4b06239da078e03d180eee4d
n_678,train,not_drowsy,False,False,False,False,0,0,EXCLUDED,EXCLUDED,NEITHER,29f74d12e4a522352868297c1661224c5d444f2829f1cae6866c8b2d1968e721,f382c7900331c0be2f56b95f8fd95ed77f86dd5d4b06239da078e03d180eee4d
n_679,train,not_drowsy,True,False,True,False,32,0,COMPLETE,EXCLUDED,CONTEXT_ONLY,29f74d12e4a522352868297c1661224c5d444f2829f1cae6866c8b2d1968e721,f382c7900331c0be2f56b95f8fd95ed77f86dd5d4b06239da078e03d180eee4d
n_68,train,not_drowsy,True,True,True,True,32,100,COMPLETE,COMPLETE,BOTH,29f74d12e4a522352868297c1661224c5d444f2829f1cae6866c8b2d1968e721,f382c7900331c0be2f56b95f8fd95ed77f86dd5d4b06239da078e03d180eee4d
n_680,train,not_drowsy,True,False,True,False,32,0,COMPLETE,EXCLUDED,CONTEXT_ONLY,29f74d12e4a522352868297c1661224c5d444f2829f1cae6866c8b2d1968e721,f382c7900331c0be2f56b95f8fd95ed77f86dd5d4b06239da078e03d180eee4d
n_681,train,not_drowsy,True,True,True,True,32,100,COMPLETE,COMPLETE,BOTH,29f74d12e4a522352868297c1661224c5d444f2829f1cae6866c8b2d1968e721,f382c7900331c0be2f56b95f8fd95ed77f86dd5d4b06239da078e03d180eee4d
n_683,train,not_drowsy,True,True,True,True,32,100,COMPLETE,COMPLETE,BOTH,29f74d12e4a522352868297c1661224c5d444f2829f1cae6866c8b2d1968e721,f382c7900331c0be2f56b95f8fd95ed77f86dd5d4b06239da078e03d180eee4d
n_684,train,not_drowsy,True,True,True,True,32,100,COMPLETE,COMPLETE,BOTH,29f74d12e4a522352868297c1661224c5d444f2829f1cae6866c8b2d1968e721,f382c7900331c0be2f56b95f8fd95ed77f86dd5d4b06239da078e03d180eee4d
n_685,val,not_drowsy,True,True,True,True,32,100,COMPLETE,COMPLETE,BOTH,29f74d12e4a522352868297c1661224c5d444f2829f1cae6866c8b2d1968e721,f382c7900331c0be2f56b95f8fd95ed77f86dd5d4b06239da078e03d180eee4d
n_686,train,not_drowsy,True,True,True,True,32,100,COMPLETE,COMPLETE,BOTH,29f74d12e4a522352868297c1661224c5d444f2829f1cae6866c8b2d1968e721,f382c7900331c0be2f56b95f8fd95ed77f86dd5d4b06239da078e03d180eee4d
n_687,train,not_drowsy,True,True,True,True,32,100,COMPLETE,COMPLETE,BOTH,29f74d12e4a522352868297c1661224c5d444f2829f1cae6866c8b2d1968e721,f382c7900331c0be2f56b95f8fd95ed77f86dd5d4b06239da078e03d180eee4d
n_688,val,not_drowsy,True,True,True,True,32,100,COMPLETE,COMPLETE,BOTH,29f74d12e4a522352868297c1661224c5d444f2829f1cae6866c8b2d1968e721,f382c7900331c0be2f56b95f8fd95ed77f86dd5d4b06239da078e03d180eee4d
n_689,train,not_drowsy,True,True,True,True,32,100,COMPLETE,COMPLETE,BOTH,29f74d12e4a522352868297c1661224c5d444f2829f1cae6866c8b2d1968e721,f382c7900331c0be2f56b95f8fd95ed77f86dd5d4b06239da078e03d180eee4d
n_69,train,not_drowsy,True,True,True,True,32,100,COMPLETE,COMPLETE,BOTH,29f74d12e4a522352868297c1661224c5d444f2829f1cae6866c8b2d1968e721,f382c7900331c0be2f56b95f8fd95ed77f86dd5d4b06239da078e03d180eee4d
n_690,train,not_drowsy,True,True,True,True,32,100,COMPLETE,COMPLETE,BOTH,29f74d12e4a522352868297c1661224c5d444f2829f1cae6866c8b2d1968e721,f382c7900331c0be2f56b95f8fd95ed77f86dd5d4b06239da078e03d180eee4d
n_691,train,not_drowsy,True,True,True,True,32,100,COMPLETE,COMPLETE,BOTH,29f74d12e4a522352868297c1661224c5d444f2829f1cae6866c8b2d1968e721,f382c7900331c0be2f56b95f8fd95ed77f86dd5d4b06239da078e03d180eee4d
n_692,val,not_drowsy,True,True,True,True,32,100,COMPLETE,COMPLETE,BOTH,29f74d12e4a522352868297c1661224c5d444f2829f1cae6866c8b2d1968e721,f382c7900331c0be2f56b95f8fd95ed77f86dd5d4b06239da078e03d180eee4d
n_694,train,not_drowsy,True,True,True,True,32,100,COMPLETE,COMPLETE,BOTH,29f74d12e4a522352868297c1661224c5d444f2829f1cae6866c8b2d1968e721,f382c7900331c0be2f56b95f8fd95ed77f86dd5d4b06239da078e03d180eee4d
n_695,train,not_drowsy,True,True,True,True,32,100,COMPLETE,COMPLETE,BOTH,29f74d12e4a522352868297c1661224c5d444f2829f1cae6866c8b2d1968e721,f382c7900331c0be2f56b95f8fd95ed77f86dd5d4b06239da078e03d180eee4d
n_696,train,not_drowsy,True,True,True,True,32,100,COMPLETE,COMPLETE,BOTH,29f74d12e4a522352868297c1661224c5d444f2829f1cae6866c8b2d1968e721,f382c7900331c0be2f56b95f8fd95ed77f86dd5d4b06239da078e03d180eee4d
n_697,train,not_drowsy,True,True,True,True,32,100,COMPLETE,COMPLETE,BOTH,29f74d12e4a522352868297c1661224c5d444f2829f1cae6866c8b2d1968e721,f382c7900331c0be2f56b95f8fd95ed77f86dd5d4b06239da078e03d180eee4d
n_698,train,not_drowsy,True,True,True,True,32,100,COMPLETE,COMPLETE,BOTH,29f74d12e4a522352868297c1661224c5d444f2829f1cae6866c8b2d1968e721,f382c7900331c0be2f56b95f8fd95ed77f86dd5d4b06239da078e03d180eee4d
n_7,train,not_drowsy,True,True,True,True,32,100,COMPLETE,COMPLETE,BOTH,29f74d12e4a522352868297c1661224c5d444f2829f1cae6866c8b2d1968e721,f382c7900331c0be2f56b95f8fd95ed77f86dd5d4b06239da078e03d180eee4d
n_70,train,not_drowsy,True,True,True,True,32,100,COMPLETE,COMPLETE,BOTH,29f74d12e4a522352868297c1661224c5d444f2829f1cae6866c8b2d1968e721,f382c7900331c0be2f56b95f8fd95ed77f86dd5d4b06239da078e03d180eee4d
n_700,train,not_drowsy,True,True,True,True,32,100,COMPLETE,COMPLETE,BOTH,29f74d12e4a522352868297c1661224c5d444f2829f1cae6866c8b2d1968e721,f382c7900331c0be2f56b95f8fd95ed77f86dd5d4b06239da078e03d180eee4d
n_701,train,not_drowsy,True,True,True,True,32,100,COMPLETE,COMPLETE,BOTH,29f74d12e4a522352868297c1661224c5d444f2829f1cae6866c8b2d1968e721,f382c7900331c0be2f56b95f8fd95ed77f86dd5d4b06239da078e03d180eee4d
n_702,train,not_drowsy,True,True,True,True,32,100,COMPLETE,COMPLETE,BOTH,29f74d12e4a522352868297c1661224c5d444f2829f1cae6866c8b2d1968e721,f382c7900331c0be2f56b95f8fd95ed77f86dd5d4b06239da078e03d180eee4d
n_703,train,not_drowsy,True,True,True,True,32,100,COMPLETE,COMPLETE,BOTH,29f74d12e4a522352868297c1661224c5d444f2829f1cae6866c8b2d1968e721,f382c7900331c0be2f56b95f8fd95ed77f86dd5d4b06239da078e03d180eee4d
n_704,train,not_drowsy,True,True,True,True,32,100,COMPLETE,COMPLETE,BOTH,29f74d12e4a522352868297c1661224c5d444f2829f1cae6866c8b2d1968e721,f382c7900331c0be2f56b95f8fd95ed77f86dd5d4b06239da078e03d180eee4d
n_705,train,not_drowsy,True,False,True,False,32,0,COMPLETE,EXCLUDED,CONTEXT_ONLY,29f74d12e4a522352868297c1661224c5d444f2829f1cae6866c8b2d1968e721,f382c7900331c0be2f56b95f8fd95ed77f86dd5d4b06239da078e03d180eee4d
n_707,train,not_drowsy,True,True,True,True,32,100,COMPLETE,COMPLETE,BOTH,29f74d12e4a522352868297c1661224c5d444f2829f1cae6866c8b2d1968e721,f382c7900331c0be2f56b95f8fd95ed77f86dd5d4b06239da078e03d180eee4d
n_71,train,not_drowsy,True,True,True,True,32,100,COMPLETE,COMPLETE,BOTH,29f74d12e4a522352868297c1661224c5d444f2829f1cae6866c8b2d1968e721,f382c7900331c0be2f56b95f8fd95ed77f86dd5d4b06239da078e03d180eee4d
n_710,train,not_drowsy,True,True,True,True,32,100,COMPLETE,COMPLETE,BOTH,29f74d12e4a522352868297c1661224c5d444f2829f1cae6866c8b2d1968e721,f382c7900331c0be2f56b95f8fd95ed77f86dd5d4b06239da078e03d180eee4d
n_711,train,not_drowsy,True,True,True,True,32,100,COMPLETE,COMPLETE,BOTH,29f74d12e4a522352868297c1661224c5d444f2829f1cae6866c8b2d1968e721,f382c7900331c0be2f56b95f8fd95ed77f86dd5d4b06239da078e03d180eee4d
n_712,train,not_drowsy,True,True,True,True,32,100,COMPLETE,COMPLETE,BOTH,29f74d12e4a522352868297c1661224c5d444f2829f1cae6866c8b2d1968e721,f382c7900331c0be2f56b95f8fd95ed77f86dd5d4b06239da078e03d180eee4d
n_714,train,not_drowsy,True,True,True,True,32,100,COMPLETE,COMPLETE,BOTH,29f74d12e4a522352868297c1661224c5d444f2829f1cae6866c8b2d1968e721,f382c7900331c0be2f56b95f8fd95ed77f86dd5d4b06239da078e03d180eee4d
n_715,train,not_drowsy,True,True,True,True,32,100,COMPLETE,COMPLETE,BOTH,29f74d12e4a522352868297c1661224c5d444f2829f1cae6866c8b2d1968e721,f382c7900331c0be2f56b95f8fd95ed77f86dd5d4b06239da078e03d180eee4d
n_716,train,not_drowsy,True,True,True,True,32,100,COMPLETE,COMPLETE,BOTH,29f74d12e4a522352868297c1661224c5d444f2829f1cae6866c8b2d1968e721,f382c7900331c0be2f56b95f8fd95ed77f86dd5d4b06239da078e03d180eee4d
n_717,train,not_drowsy,True,True,True,True,32,100,COMPLETE,COMPLETE,BOTH,29f74d12e4a522352868297c1661224c5d444f2829f1cae6866c8b2d1968e721,f382c7900331c0be2f56b95f8fd95ed77f86dd5d4b06239da078e03d180eee4d
n_718,train,not_drowsy,True,True,True,True,32,100,COMPLETE,COMPLETE,BOTH,29f74d12e4a522352868297c1661224c5d444f2829f1cae6866c8b2d1968e721,f382c7900331c0be2f56b95f8fd95ed77f86dd5d4b06239da078e03d180eee4d
n_719,train,not_drowsy,True,True,True,True,32,100,COMPLETE,COMPLETE,BOTH,29f74d12e4a522352868297c1661224c5d444f2829f1cae6866c8b2d1968e721,f382c7900331c0be2f56b95f8fd95ed77f86dd5d4b06239da078e03d180eee4d
n_72,val,not_drowsy,True,True,True,True,32,100,COMPLETE,COMPLETE,BOTH,29f74d12e4a522352868297c1661224c5d444f2829f1cae6866c8b2d1968e721,f382c7900331c0be2f56b95f8fd95ed77f86dd5d4b06239da078e03d180eee4d
n_720,train,not_drowsy,True,True,True,True,32,100,COMPLETE,COMPLETE,BOTH,29f74d12e4a522352868297c1661224c5d444f2829f1cae6866c8b2d1968e721,f382c7900331c0be2f56b95f8fd95ed77f86dd5d4b06239da078e03d180eee4d
n_722,train,not_drowsy,True,True,True,True,32,100,COMPLETE,COMPLETE,BOTH,29f74d12e4a522352868297c1661224c5d444f2829f1cae6866c8b2d1968e721,f382c7900331c0be2f56b95f8fd95ed77f86dd5d4b06239da078e03d180eee4d
n_723,train,not_drowsy,True,True,True,True,32,100,COMPLETE,COMPLETE,BOTH,29f74d12e4a522352868297c1661224c5d444f2829f1cae6866c8b2d1968e721,f382c7900331c0be2f56b95f8fd95ed77f86dd5d4b06239da078e03d180eee4d
n_725,train,not_drowsy,True,False,True,False,32,0,COMPLETE,EXCLUDED,CONTEXT_ONLY,29f74d12e4a522352868297c1661224c5d444f2829f1cae6866c8b2d1968e721,f382c7900331c0be2f56b95f8fd95ed77f86dd5d4b06239da078e03d180eee4d
n_726,val,not_drowsy,False,False,False,False,0,0,EXCLUDED,EXCLUDED,NEITHER,29f74d12e4a522352868297c1661224c5d444f2829f1cae6866c8b2d1968e721,f382c7900331c0be2f56b95f8fd95ed77f86dd5d4b06239da078e03d180eee4d
n_727,train,not_drowsy,True,False,True,False,32,0,COMPLETE,EXCLUDED,CONTEXT_ONLY,29f74d12e4a522352868297c1661224c5d444f2829f1cae6866c8b2d1968e721,f382c7900331c0be2f56b95f8fd95ed77f86dd5d4b06239da078e03d180eee4d
n_729,train,not_drowsy,True,True,True,True,32,100,COMPLETE,COMPLETE,BOTH,29f74d12e4a522352868297c1661224c5d444f2829f1cae6866c8b2d1968e721,f382c7900331c0be2f56b95f8fd95ed77f86dd5d4b06239da078e03d180eee4d
n_73,train,not_drowsy,True,True,True,True,32,100,COMPLETE,COMPLETE,BOTH,29f74d12e4a522352868297c1661224c5d444f2829f1cae6866c8b2d1968e721,f382c7900331c0be2f56b95f8fd95ed77f86dd5d4b06239da078e03d180eee4d
n_730,train,not_drowsy,True,True,True,True,32,100,COMPLETE,COMPLETE,BOTH,29f74d12e4a522352868297c1661224c5d444f2829f1cae6866c8b2d1968e721,f382c7900331c0be2f56b95f8fd95ed77f86dd5d4b06239da078e03d180eee4d
n_731,train,not_drowsy,True,True,True,True,32,100,COMPLETE,COMPLETE,BOTH,29f74d12e4a522352868297c1661224c5d444f2829f1cae6866c8b2d1968e721,f382c7900331c0be2f56b95f8fd95ed77f86dd5d4b06239da078e03d180eee4d
n_732,train,not_drowsy,False,False,False,False,0,0,EXCLUDED,EXCLUDED,NEITHER,29f74d12e4a522352868297c1661224c5d444f2829f1cae6866c8b2d1968e721,f382c7900331c0be2f56b95f8fd95ed77f86dd5d4b06239da078e03d180eee4d
n_733,train,not_drowsy,True,True,True,True,32,100,COMPLETE,COMPLETE,BOTH,29f74d12e4a522352868297c1661224c5d444f2829f1cae6866c8b2d1968e721,f382c7900331c0be2f56b95f8fd95ed77f86dd5d4b06239da078e03d180eee4d
n_734,train,not_drowsy,True,True,True,True,32,100,COMPLETE,COMPLETE,BOTH,29f74d12e4a522352868297c1661224c5d444f2829f1cae6866c8b2d1968e721,f382c7900331c0be2f56b95f8fd95ed77f86dd5d4b06239da078e03d180eee4d
n_735,train,not_drowsy,True,True,True,True,32,100,COMPLETE,COMPLETE,BOTH,29f74d12e4a522352868297c1661224c5d444f2829f1cae6866c8b2d1968e721,f382c7900331c0be2f56b95f8fd95ed77f86dd5d4b06239da078e03d180eee4d
n_736,train,not_drowsy,True,True,True,True,32,100,COMPLETE,COMPLETE,BOTH,29f74d12e4a522352868297c1661224c5d444f2829f1cae6866c8b2d1968e721,f382c7900331c0be2f56b95f8fd95ed77f86dd5d4b06239da078e03d180eee4d
n_737,val,not_drowsy,True,True,True,True,32,100,COMPLETE,COMPLETE,BOTH,29f74d12e4a522352868297c1661224c5d444f2829f1cae6866c8b2d1968e721,f382c7900331c0be2f56b95f8fd95ed77f86dd5d4b06239da078e03d180eee4d
n_738,train,not_drowsy,True,True,True,True,32,100,COMPLETE,COMPLETE,BOTH,29f74d12e4a522352868297c1661224c5d444f2829f1cae6866c8b2d1968e721,f382c7900331c0be2f56b95f8fd95ed77f86dd5d4b06239da078e03d180eee4d
n_739,train,not_drowsy,True,True,True,True,32,100,COMPLETE,COMPLETE,BOTH,29f74d12e4a522352868297c1661224c5d444f2829f1cae6866c8b2d1968e721,f382c7900331c0be2f56b95f8fd95ed77f86dd5d4b06239da078e03d180eee4d
n_74,train,not_drowsy,True,True,True,True,32,100,COMPLETE,COMPLETE,BOTH,29f74d12e4a522352868297c1661224c5d444f2829f1cae6866c8b2d1968e721,f382c7900331c0be2f56b95f8fd95ed77f86dd5d4b06239da078e03d180eee4d
n_740,train,not_drowsy,True,True,True,True,32,100,COMPLETE,COMPLETE,BOTH,29f74d12e4a522352868297c1661224c5d444f2829f1cae6866c8b2d1968e721,f382c7900331c0be2f56b95f8fd95ed77f86dd5d4b06239da078e03d180eee4d
n_741,train,not_drowsy,True,True,True,True,32,100,COMPLETE,COMPLETE,BOTH,29f74d12e4a522352868297c1661224c5d444f2829f1cae6866c8b2d1968e721,f382c7900331c0be2f56b95f8fd95ed77f86dd5d4b06239da078e03d180eee4d
n_743,train,not_drowsy,True,True,True,True,32,100,COMPLETE,COMPLETE,BOTH,29f74d12e4a522352868297c1661224c5d444f2829f1cae6866c8b2d1968e721,f382c7900331c0be2f56b95f8fd95ed77f86dd5d4b06239da078e03d180eee4d
n_744,train,not_drowsy,False,False,False,False,0,0,EXCLUDED,EXCLUDED,NEITHER,29f74d12e4a522352868297c1661224c5d444f2829f1cae6866c8b2d1968e721,f382c7900331c0be2f56b95f8fd95ed77f86dd5d4b06239da078e03d180eee4d
n_745,train,not_drowsy,False,False,False,False,0,0,EXCLUDED,EXCLUDED,NEITHER,29f74d12e4a522352868297c1661224c5d444f2829f1cae6866c8b2d1968e721,f382c7900331c0be2f56b95f8fd95ed77f86dd5d4b06239da078e03d180eee4d
n_746,train,not_drowsy,True,True,True,True,32,100,COMPLETE,COMPLETE,BOTH,29f74d12e4a522352868297c1661224c5d444f2829f1cae6866c8b2d1968e721,f382c7900331c0be2f56b95f8fd95ed77f86dd5d4b06239da078e03d180eee4d
n_748,val,not_drowsy,True,True,True,True,32,100,COMPLETE,COMPLETE,BOTH,29f74d12e4a522352868297c1661224c5d444f2829f1cae6866c8b2d1968e721,f382c7900331c0be2f56b95f8fd95ed77f86dd5d4b06239da078e03d180eee4d
n_749,train,not_drowsy,True,True,True,True,32,100,COMPLETE,COMPLETE,BOTH,29f74d12e4a522352868297c1661224c5d444f2829f1cae6866c8b2d1968e721,f382c7900331c0be2f56b95f8fd95ed77f86dd5d4b06239da078e03d180eee4d
n_75,train,not_drowsy,True,True,True,True,32,100,COMPLETE,COMPLETE,BOTH,29f74d12e4a522352868297c1661224c5d444f2829f1cae6866c8b2d1968e721,f382c7900331c0be2f56b95f8fd95ed77f86dd5d4b06239da078e03d180eee4d
n_750,train,not_drowsy,True,True,True,True,32,100,COMPLETE,COMPLETE,BOTH,29f74d12e4a522352868297c1661224c5d444f2829f1cae6866c8b2d1968e721,f382c7900331c0be2f56b95f8fd95ed77f86dd5d4b06239da078e03d180eee4d
n_751,train,not_drowsy,True,True,True,True,32,100,COMPLETE,COMPLETE,BOTH,29f74d12e4a522352868297c1661224c5d444f2829f1cae6866c8b2d1968e721,f382c7900331c0be2f56b95f8fd95ed77f86dd5d4b06239da078e03d180eee4d
n_752,train,not_drowsy,True,True,True,True,32,100,COMPLETE,COMPLETE,BOTH,29f74d12e4a522352868297c1661224c5d444f2829f1cae6866c8b2d1968e721,f382c7900331c0be2f56b95f8fd95ed77f86dd5d4b06239da078e03d180eee4d
n_753,val,not_drowsy,True,True,True,True,32,100,COMPLETE,COMPLETE,BOTH,29f74d12e4a522352868297c1661224c5d444f2829f1cae6866c8b2d1968e721,f382c7900331c0be2f56b95f8fd95ed77f86dd5d4b06239da078e03d180eee4d
n_755,train,not_drowsy,True,True,True,True,32,100,COMPLETE,COMPLETE,BOTH,29f74d12e4a522352868297c1661224c5d444f2829f1cae6866c8b2d1968e721,f382c7900331c0be2f56b95f8fd95ed77f86dd5d4b06239da078e03d180eee4d
n_758,train,not_drowsy,True,True,True,True,32,100,COMPLETE,COMPLETE,BOTH,29f74d12e4a522352868297c1661224c5d444f2829f1cae6866c8b2d1968e721,f382c7900331c0be2f56b95f8fd95ed77f86dd5d4b06239da078e03d180eee4d
n_759,train,not_drowsy,True,True,True,True,32,100,COMPLETE,COMPLETE,BOTH,29f74d12e4a522352868297c1661224c5d444f2829f1cae6866c8b2d1968e721,f382c7900331c0be2f56b95f8fd95ed77f86dd5d4b06239da078e03d180eee4d
n_76,train,not_drowsy,False,False,False,False,0,0,EXCLUDED,EXCLUDED,NEITHER,29f74d12e4a522352868297c1661224c5d444f2829f1cae6866c8b2d1968e721,f382c7900331c0be2f56b95f8fd95ed77f86dd5d4b06239da078e03d180eee4d
n_761,train,not_drowsy,True,True,True,True,32,100,COMPLETE,COMPLETE,BOTH,29f74d12e4a522352868297c1661224c5d444f2829f1cae6866c8b2d1968e721,f382c7900331c0be2f56b95f8fd95ed77f86dd5d4b06239da078e03d180eee4d
n_762,train,not_drowsy,True,True,True,True,32,100,COMPLETE,COMPLETE,BOTH,29f74d12e4a522352868297c1661224c5d444f2829f1cae6866c8b2d1968e721,f382c7900331c0be2f56b95f8fd95ed77f86dd5d4b06239da078e03d180eee4d
n_763,train,not_drowsy,True,True,True,True,32,100,COMPLETE,COMPLETE,BOTH,29f74d12e4a522352868297c1661224c5d444f2829f1cae6866c8b2d1968e721,f382c7900331c0be2f56b95f8fd95ed77f86dd5d4b06239da078e03d180eee4d
n_764,train,not_drowsy,True,True,True,True,32,100,COMPLETE,COMPLETE,BOTH,29f74d12e4a522352868297c1661224c5d444f2829f1cae6866c8b2d1968e721,f382c7900331c0be2f56b95f8fd95ed77f86dd5d4b06239da078e03d180eee4d
n_765,train,not_drowsy,True,True,True,True,32,100,COMPLETE,COMPLETE,BOTH,29f74d12e4a522352868297c1661224c5d444f2829f1cae6866c8b2d1968e721,f382c7900331c0be2f56b95f8fd95ed77f86dd5d4b06239da078e03d180eee4d
n_766,train,not_drowsy,True,True,True,True,32,100,COMPLETE,COMPLETE,BOTH,29f74d12e4a522352868297c1661224c5d444f2829f1cae6866c8b2d1968e721,f382c7900331c0be2f56b95f8fd95ed77f86dd5d4b06239da078e03d180eee4d
n_767,train,not_drowsy,True,True,True,True,32,100,COMPLETE,COMPLETE,BOTH,29f74d12e4a522352868297c1661224c5d444f2829f1cae6866c8b2d1968e721,f382c7900331c0be2f56b95f8fd95ed77f86dd5d4b06239da078e03d180eee4d
n_768,val,not_drowsy,True,True,True,True,32,100,COMPLETE,COMPLETE,BOTH,29f74d12e4a522352868297c1661224c5d444f2829f1cae6866c8b2d1968e721,f382c7900331c0be2f56b95f8fd95ed77f86dd5d4b06239da078e03d180eee4d
n_769,train,not_drowsy,True,True,True,True,32,100,COMPLETE,COMPLETE,BOTH,29f74d12e4a522352868297c1661224c5d444f2829f1cae6866c8b2d1968e721,f382c7900331c0be2f56b95f8fd95ed77f86dd5d4b06239da078e03d180eee4d
n_77,train,not_drowsy,True,False,True,False,32,0,COMPLETE,EXCLUDED,CONTEXT_ONLY,29f74d12e4a522352868297c1661224c5d444f2829f1cae6866c8b2d1968e721,f382c7900331c0be2f56b95f8fd95ed77f86dd5d4b06239da078e03d180eee4d
n_770,train,not_drowsy,True,True,True,True,32,100,COMPLETE,COMPLETE,BOTH,29f74d12e4a522352868297c1661224c5d444f2829f1cae6866c8b2d1968e721,f382c7900331c0be2f56b95f8fd95ed77f86dd5d4b06239da078e03d180eee4d
n_771,train,not_drowsy,True,True,True,True,32,100,COMPLETE,COMPLETE,BOTH,29f74d12e4a522352868297c1661224c5d444f2829f1cae6866c8b2d1968e721,f382c7900331c0be2f56b95f8fd95ed77f86dd5d4b06239da078e03d180eee4d
n_772,val,not_drowsy,True,True,True,True,32,100,COMPLETE,COMPLETE,BOTH,29f74d12e4a522352868297c1661224c5d444f2829f1cae6866c8b2d1968e721,f382c7900331c0be2f56b95f8fd95ed77f86dd5d4b06239da078e03d180eee4d
n_773,train,not_drowsy,True,True,True,True,32,100,COMPLETE,COMPLETE,BOTH,29f74d12e4a522352868297c1661224c5d444f2829f1cae6866c8b2d1968e721,f382c7900331c0be2f56b95f8fd95ed77f86dd5d4b06239da078e03d180eee4d
n_774,train,not_drowsy,True,True,True,True,32,100,COMPLETE,COMPLETE,BOTH,29f74d12e4a522352868297c1661224c5d444f2829f1cae6866c8b2d1968e721,f382c7900331c0be2f56b95f8fd95ed77f86dd5d4b06239da078e03d180eee4d
n_775,train,not_drowsy,True,True,True,True,32,100,COMPLETE,COMPLETE,BOTH,29f74d12e4a522352868297c1661224c5d444f2829f1cae6866c8b2d1968e721,f382c7900331c0be2f56b95f8fd95ed77f86dd5d4b06239da078e03d180eee4d
n_776,val,not_drowsy,True,True,True,True,32,100,COMPLETE,COMPLETE,BOTH,29f74d12e4a522352868297c1661224c5d444f2829f1cae6866c8b2d1968e721,f382c7900331c0be2f56b95f8fd95ed77f86dd5d4b06239da078e03d180eee4d
n_777,train,not_drowsy,True,True,True,True,32,100,COMPLETE,COMPLETE,BOTH,29f74d12e4a522352868297c1661224c5d444f2829f1cae6866c8b2d1968e721,f382c7900331c0be2f56b95f8fd95ed77f86dd5d4b06239da078e03d180eee4d
n_779,train,not_drowsy,True,True,True,True,32,100,COMPLETE,COMPLETE,BOTH,29f74d12e4a522352868297c1661224c5d444f2829f1cae6866c8b2d1968e721,f382c7900331c0be2f56b95f8fd95ed77f86dd5d4b06239da078e03d180eee4d
n_78,train,not_drowsy,True,True,True,True,32,100,COMPLETE,COMPLETE,BOTH,29f74d12e4a522352868297c1661224c5d444f2829f1cae6866c8b2d1968e721,f382c7900331c0be2f56b95f8fd95ed77f86dd5d4b06239da078e03d180eee4d
n_780,val,not_drowsy,True,True,True,True,32,100,COMPLETE,COMPLETE,BOTH,29f74d12e4a522352868297c1661224c5d444f2829f1cae6866c8b2d1968e721,f382c7900331c0be2f56b95f8fd95ed77f86dd5d4b06239da078e03d180eee4d
n_781,train,not_drowsy,True,True,True,True,32,100,COMPLETE,COMPLETE,BOTH,29f74d12e4a522352868297c1661224c5d444f2829f1cae6866c8b2d1968e721,f382c7900331c0be2f56b95f8fd95ed77f86dd5d4b06239da078e03d180eee4d
n_782,train,not_drowsy,True,True,True,True,32,100,COMPLETE,COMPLETE,BOTH,29f74d12e4a522352868297c1661224c5d444f2829f1cae6866c8b2d1968e721,f382c7900331c0be2f56b95f8fd95ed77f86dd5d4b06239da078e03d180eee4d
n_783,train,not_drowsy,True,True,True,True,32,100,COMPLETE,COMPLETE,BOTH,29f74d12e4a522352868297c1661224c5d444f2829f1cae6866c8b2d1968e721,f382c7900331c0be2f56b95f8fd95ed77f86dd5d4b06239da078e03d180eee4d
n_784,train,not_drowsy,True,True,True,True,32,100,COMPLETE,COMPLETE,BOTH,29f74d12e4a522352868297c1661224c5d444f2829f1cae6866c8b2d1968e721,f382c7900331c0be2f56b95f8fd95ed77f86dd5d4b06239da078e03d180eee4d
n_785,train,not_drowsy,True,True,True,True,32,100,COMPLETE,COMPLETE,BOTH,29f74d12e4a522352868297c1661224c5d444f2829f1cae6866c8b2d1968e721,f382c7900331c0be2f56b95f8fd95ed77f86dd5d4b06239da078e03d180eee4d
n_786,val,not_drowsy,True,True,True,True,32,100,COMPLETE,COMPLETE,BOTH,29f74d12e4a522352868297c1661224c5d444f2829f1cae6866c8b2d1968e721,f382c7900331c0be2f56b95f8fd95ed77f86dd5d4b06239da078e03d180eee4d
n_788,train,not_drowsy,True,True,True,True,32,100,COMPLETE,COMPLETE,BOTH,29f74d12e4a522352868297c1661224c5d444f2829f1cae6866c8b2d1968e721,f382c7900331c0be2f56b95f8fd95ed77f86dd5d4b06239da078e03d180eee4d
n_79,val,not_drowsy,False,False,False,False,0,0,EXCLUDED,EXCLUDED,NEITHER,29f74d12e4a522352868297c1661224c5d444f2829f1cae6866c8b2d1968e721,f382c7900331c0be2f56b95f8fd95ed77f86dd5d4b06239da078e03d180eee4d
n_790mp4,train,not_drowsy,True,True,True,True,32,100,COMPLETE,COMPLETE,BOTH,29f74d12e4a522352868297c1661224c5d444f2829f1cae6866c8b2d1968e721,f382c7900331c0be2f56b95f8fd95ed77f86dd5d4b06239da078e03d180eee4d
n_791,train,not_drowsy,True,True,True,True,32,100,COMPLETE,COMPLETE,BOTH,29f74d12e4a522352868297c1661224c5d444f2829f1cae6866c8b2d1968e721,f382c7900331c0be2f56b95f8fd95ed77f86dd5d4b06239da078e03d180eee4d
n_792,train,not_drowsy,True,True,True,True,32,100,COMPLETE,COMPLETE,BOTH,29f74d12e4a522352868297c1661224c5d444f2829f1cae6866c8b2d1968e721,f382c7900331c0be2f56b95f8fd95ed77f86dd5d4b06239da078e03d180eee4d
n_793,train,not_drowsy,True,True,True,True,32,100,COMPLETE,COMPLETE,BOTH,29f74d12e4a522352868297c1661224c5d444f2829f1cae6866c8b2d1968e721,f382c7900331c0be2f56b95f8fd95ed77f86dd5d4b06239da078e03d180eee4d
n_794,train,not_drowsy,True,True,True,True,32,100,COMPLETE,COMPLETE,BOTH,29f74d12e4a522352868297c1661224c5d444f2829f1cae6866c8b2d1968e721,f382c7900331c0be2f56b95f8fd95ed77f86dd5d4b06239da078e03d180eee4d
n_795,train,not_drowsy,True,True,True,True,32,100,COMPLETE,COMPLETE,BOTH,29f74d12e4a522352868297c1661224c5d444f2829f1cae6866c8b2d1968e721,f382c7900331c0be2f56b95f8fd95ed77f86dd5d4b06239da078e03d180eee4d
n_796,train,not_drowsy,True,True,True,True,32,100,COMPLETE,COMPLETE,BOTH,29f74d12e4a522352868297c1661224c5d444f2829f1cae6866c8b2d1968e721,f382c7900331c0be2f56b95f8fd95ed77f86dd5d4b06239da078e03d180eee4d
n_797,train,not_drowsy,True,True,True,True,32,100,COMPLETE,COMPLETE,BOTH,29f74d12e4a522352868297c1661224c5d444f2829f1cae6866c8b2d1968e721,f382c7900331c0be2f56b95f8fd95ed77f86dd5d4b06239da078e03d180eee4d
n_798,train,not_drowsy,True,True,True,True,32,100,COMPLETE,COMPLETE,BOTH,29f74d12e4a522352868297c1661224c5d444f2829f1cae6866c8b2d1968e721,f382c7900331c0be2f56b95f8fd95ed77f86dd5d4b06239da078e03d180eee4d
n_799,train,not_drowsy,True,True,True,True,32,100,COMPLETE,COMPLETE,BOTH,29f74d12e4a522352868297c1661224c5d444f2829f1cae6866c8b2d1968e721,f382c7900331c0be2f56b95f8fd95ed77f86dd5d4b06239da078e03d180eee4d
n_8,val,not_drowsy,True,False,True,False,32,0,COMPLETE,EXCLUDED,CONTEXT_ONLY,29f74d12e4a522352868297c1661224c5d444f2829f1cae6866c8b2d1968e721,f382c7900331c0be2f56b95f8fd95ed77f86dd5d4b06239da078e03d180eee4d
n_80,train,not_drowsy,True,True,True,True,32,100,COMPLETE,COMPLETE,BOTH,29f74d12e4a522352868297c1661224c5d444f2829f1cae6866c8b2d1968e721,f382c7900331c0be2f56b95f8fd95ed77f86dd5d4b06239da078e03d180eee4d
n_800,train,not_drowsy,True,True,True,True,32,100,COMPLETE,COMPLETE,BOTH,29f74d12e4a522352868297c1661224c5d444f2829f1cae6866c8b2d1968e721,f382c7900331c0be2f56b95f8fd95ed77f86dd5d4b06239da078e03d180eee4d
n_801,val,not_drowsy,True,True,True,True,32,100,COMPLETE,COMPLETE,BOTH,29f74d12e4a522352868297c1661224c5d444f2829f1cae6866c8b2d1968e721,f382c7900331c0be2f56b95f8fd95ed77f86dd5d4b06239da078e03d180eee4d
n_802,train,not_drowsy,True,True,True,True,32,100,COMPLETE,COMPLETE,BOTH,29f74d12e4a522352868297c1661224c5d444f2829f1cae6866c8b2d1968e721,f382c7900331c0be2f56b95f8fd95ed77f86dd5d4b06239da078e03d180eee4d
n_803,train,not_drowsy,True,True,True,True,32,100,COMPLETE,COMPLETE,BOTH,29f74d12e4a522352868297c1661224c5d444f2829f1cae6866c8b2d1968e721,f382c7900331c0be2f56b95f8fd95ed77f86dd5d4b06239da078e03d180eee4d
n_804,train,not_drowsy,True,False,True,False,32,0,COMPLETE,EXCLUDED,CONTEXT_ONLY,29f74d12e4a522352868297c1661224c5d444f2829f1cae6866c8b2d1968e721,f382c7900331c0be2f56b95f8fd95ed77f86dd5d4b06239da078e03d180eee4d
n_805,train,not_drowsy,False,False,False,False,0,0,EXCLUDED,EXCLUDED,NEITHER,29f74d12e4a522352868297c1661224c5d444f2829f1cae6866c8b2d1968e721,f382c7900331c0be2f56b95f8fd95ed77f86dd5d4b06239da078e03d180eee4d
n_806,train,not_drowsy,True,True,True,True,32,100,COMPLETE,COMPLETE,BOTH,29f74d12e4a522352868297c1661224c5d444f2829f1cae6866c8b2d1968e721,f382c7900331c0be2f56b95f8fd95ed77f86dd5d4b06239da078e03d180eee4d
n_808,train,not_drowsy,True,True,True,True,32,100,COMPLETE,COMPLETE,BOTH,29f74d12e4a522352868297c1661224c5d444f2829f1cae6866c8b2d1968e721,f382c7900331c0be2f56b95f8fd95ed77f86dd5d4b06239da078e03d180eee4d
n_809,train,not_drowsy,True,True,True,True,32,100,COMPLETE,COMPLETE,BOTH,29f74d12e4a522352868297c1661224c5d444f2829f1cae6866c8b2d1968e721,f382c7900331c0be2f56b95f8fd95ed77f86dd5d4b06239da078e03d180eee4d
n_81,train,not_drowsy,True,True,True,True,32,100,COMPLETE,COMPLETE,BOTH,29f74d12e4a522352868297c1661224c5d444f2829f1cae6866c8b2d1968e721,f382c7900331c0be2f56b95f8fd95ed77f86dd5d4b06239da078e03d180eee4d
n_810,val,not_drowsy,True,True,True,True,32,100,COMPLETE,COMPLETE,BOTH,29f74d12e4a522352868297c1661224c5d444f2829f1cae6866c8b2d1968e721,f382c7900331c0be2f56b95f8fd95ed77f86dd5d4b06239da078e03d180eee4d
n_811,train,not_drowsy,True,False,True,False,32,0,COMPLETE,EXCLUDED,CONTEXT_ONLY,29f74d12e4a522352868297c1661224c5d444f2829f1cae6866c8b2d1968e721,f382c7900331c0be2f56b95f8fd95ed77f86dd5d4b06239da078e03d180eee4d
n_812,train,not_drowsy,True,False,True,False,32,0,COMPLETE,EXCLUDED,CONTEXT_ONLY,29f74d12e4a522352868297c1661224c5d444f2829f1cae6866c8b2d1968e721,f382c7900331c0be2f56b95f8fd95ed77f86dd5d4b06239da078e03d180eee4d
n_813,train,not_drowsy,True,True,True,True,32,100,COMPLETE,COMPLETE,BOTH,29f74d12e4a522352868297c1661224c5d444f2829f1cae6866c8b2d1968e721,f382c7900331c0be2f56b95f8fd95ed77f86dd5d4b06239da078e03d180eee4d
n_814,train,not_drowsy,True,False,True,False,32,0,COMPLETE,EXCLUDED,CONTEXT_ONLY,29f74d12e4a522352868297c1661224c5d444f2829f1cae6866c8b2d1968e721,f382c7900331c0be2f56b95f8fd95ed77f86dd5d4b06239da078e03d180eee4d
n_815,train,not_drowsy,True,True,True,True,32,100,COMPLETE,COMPLETE,BOTH,29f74d12e4a522352868297c1661224c5d444f2829f1cae6866c8b2d1968e721,f382c7900331c0be2f56b95f8fd95ed77f86dd5d4b06239da078e03d180eee4d
n_816,val,not_drowsy,True,True,True,True,32,100,COMPLETE,COMPLETE,BOTH,29f74d12e4a522352868297c1661224c5d444f2829f1cae6866c8b2d1968e721,f382c7900331c0be2f56b95f8fd95ed77f86dd5d4b06239da078e03d180eee4d
n_817,train,not_drowsy,True,True,True,True,32,100,COMPLETE,COMPLETE,BOTH,29f74d12e4a522352868297c1661224c5d444f2829f1cae6866c8b2d1968e721,f382c7900331c0be2f56b95f8fd95ed77f86dd5d4b06239da078e03d180eee4d
n_819,val,not_drowsy,True,True,True,True,32,100,COMPLETE,COMPLETE,BOTH,29f74d12e4a522352868297c1661224c5d444f2829f1cae6866c8b2d1968e721,f382c7900331c0be2f56b95f8fd95ed77f86dd5d4b06239da078e03d180eee4d
n_82,val,not_drowsy,False,False,False,False,0,0,EXCLUDED,EXCLUDED,NEITHER,29f74d12e4a522352868297c1661224c5d444f2829f1cae6866c8b2d1968e721,f382c7900331c0be2f56b95f8fd95ed77f86dd5d4b06239da078e03d180eee4d
n_820,train,not_drowsy,True,True,True,True,32,100,COMPLETE,COMPLETE,BOTH,29f74d12e4a522352868297c1661224c5d444f2829f1cae6866c8b2d1968e721,f382c7900331c0be2f56b95f8fd95ed77f86dd5d4b06239da078e03d180eee4d
n_821,train,not_drowsy,True,True,True,True,32,100,COMPLETE,COMPLETE,BOTH,29f74d12e4a522352868297c1661224c5d444f2829f1cae6866c8b2d1968e721,f382c7900331c0be2f56b95f8fd95ed77f86dd5d4b06239da078e03d180eee4d
n_822,train,not_drowsy,True,True,True,True,32,100,COMPLETE,COMPLETE,BOTH,29f74d12e4a522352868297c1661224c5d444f2829f1cae6866c8b2d1968e721,f382c7900331c0be2f56b95f8fd95ed77f86dd5d4b06239da078e03d180eee4d
n_823,train,not_drowsy,True,True,True,True,32,100,COMPLETE,COMPLETE,BOTH,29f74d12e4a522352868297c1661224c5d444f2829f1cae6866c8b2d1968e721,f382c7900331c0be2f56b95f8fd95ed77f86dd5d4b06239da078e03d180eee4d
n_824,train,not_drowsy,True,True,True,True,32,100,COMPLETE,COMPLETE,BOTH,29f74d12e4a522352868297c1661224c5d444f2829f1cae6866c8b2d1968e721,f382c7900331c0be2f56b95f8fd95ed77f86dd5d4b06239da078e03d180eee4d
n_825,train,not_drowsy,True,True,True,True,32,100,COMPLETE,COMPLETE,BOTH,29f74d12e4a522352868297c1661224c5d444f2829f1cae6866c8b2d1968e721,f382c7900331c0be2f56b95f8fd95ed77f86dd5d4b06239da078e03d180eee4d
n_826,val,not_drowsy,True,True,True,True,32,100,COMPLETE,COMPLETE,BOTH,29f74d12e4a522352868297c1661224c5d444f2829f1cae6866c8b2d1968e721,f382c7900331c0be2f56b95f8fd95ed77f86dd5d4b06239da078e03d180eee4d
n_827,train,not_drowsy,True,True,True,True,32,100,COMPLETE,COMPLETE,BOTH,29f74d12e4a522352868297c1661224c5d444f2829f1cae6866c8b2d1968e721,f382c7900331c0be2f56b95f8fd95ed77f86dd5d4b06239da078e03d180eee4d
n_829,train,not_drowsy,True,True,True,True,32,100,COMPLETE,COMPLETE,BOTH,29f74d12e4a522352868297c1661224c5d444f2829f1cae6866c8b2d1968e721,f382c7900331c0be2f56b95f8fd95ed77f86dd5d4b06239da078e03d180eee4d
n_83,train,not_drowsy,True,True,True,True,32,100,COMPLETE,COMPLETE,BOTH,29f74d12e4a522352868297c1661224c5d444f2829f1cae6866c8b2d1968e721,f382c7900331c0be2f56b95f8fd95ed77f86dd5d4b06239da078e03d180eee4d
n_830,train,not_drowsy,True,True,True,True,32,100,COMPLETE,COMPLETE,BOTH,29f74d12e4a522352868297c1661224c5d444f2829f1cae6866c8b2d1968e721,f382c7900331c0be2f56b95f8fd95ed77f86dd5d4b06239da078e03d180eee4d
n_831,val,not_drowsy,True,True,True,True,32,100,COMPLETE,COMPLETE,BOTH,29f74d12e4a522352868297c1661224c5d444f2829f1cae6866c8b2d1968e721,f382c7900331c0be2f56b95f8fd95ed77f86dd5d4b06239da078e03d180eee4d
n_832,train,not_drowsy,True,True,True,True,32,100,COMPLETE,COMPLETE,BOTH,29f74d12e4a522352868297c1661224c5d444f2829f1cae6866c8b2d1968e721,f382c7900331c0be2f56b95f8fd95ed77f86dd5d4b06239da078e03d180eee4d
n_833,train,not_drowsy,True,True,True,True,32,100,COMPLETE,COMPLETE,BOTH,29f74d12e4a522352868297c1661224c5d444f2829f1cae6866c8b2d1968e721,f382c7900331c0be2f56b95f8fd95ed77f86dd5d4b06239da078e03d180eee4d
n_834,train,not_drowsy,True,False,True,False,32,0,COMPLETE,EXCLUDED,CONTEXT_ONLY,29f74d12e4a522352868297c1661224c5d444f2829f1cae6866c8b2d1968e721,f382c7900331c0be2f56b95f8fd95ed77f86dd5d4b06239da078e03d180eee4d
n_835,val,not_drowsy,True,True,True,True,32,100,COMPLETE,COMPLETE,BOTH,29f74d12e4a522352868297c1661224c5d444f2829f1cae6866c8b2d1968e721,f382c7900331c0be2f56b95f8fd95ed77f86dd5d4b06239da078e03d180eee4d
n_836,train,not_drowsy,True,True,True,True,32,100,COMPLETE,COMPLETE,BOTH,29f74d12e4a522352868297c1661224c5d444f2829f1cae6866c8b2d1968e721,f382c7900331c0be2f56b95f8fd95ed77f86dd5d4b06239da078e03d180eee4d
n_837,train,not_drowsy,True,False,True,False,32,0,COMPLETE,EXCLUDED,CONTEXT_ONLY,29f74d12e4a522352868297c1661224c5d444f2829f1cae6866c8b2d1968e721,f382c7900331c0be2f56b95f8fd95ed77f86dd5d4b06239da078e03d180eee4d
n_838,train,not_drowsy,True,True,True,True,32,100,COMPLETE,COMPLETE,BOTH,29f74d12e4a522352868297c1661224c5d444f2829f1cae6866c8b2d1968e721,f382c7900331c0be2f56b95f8fd95ed77f86dd5d4b06239da078e03d180eee4d
n_84,train,not_drowsy,True,True,True,True,32,100,COMPLETE,COMPLETE,BOTH,29f74d12e4a522352868297c1661224c5d444f2829f1cae6866c8b2d1968e721,f382c7900331c0be2f56b95f8fd95ed77f86dd5d4b06239da078e03d180eee4d
n_841,val,not_drowsy,True,False,True,False,32,0,COMPLETE,EXCLUDED,CONTEXT_ONLY,29f74d12e4a522352868297c1661224c5d444f2829f1cae6866c8b2d1968e721,f382c7900331c0be2f56b95f8fd95ed77f86dd5d4b06239da078e03d180eee4d
n_842,train,not_drowsy,False,False,False,False,0,0,EXCLUDED,EXCLUDED,NEITHER,29f74d12e4a522352868297c1661224c5d444f2829f1cae6866c8b2d1968e721,f382c7900331c0be2f56b95f8fd95ed77f86dd5d4b06239da078e03d180eee4d
n_843,train,not_drowsy,False,False,False,False,0,0,EXCLUDED,EXCLUDED,NEITHER,29f74d12e4a522352868297c1661224c5d444f2829f1cae6866c8b2d1968e721,f382c7900331c0be2f56b95f8fd95ed77f86dd5d4b06239da078e03d180eee4d
n_844,train,not_drowsy,True,True,True,True,32,100,COMPLETE,COMPLETE,BOTH,29f74d12e4a522352868297c1661224c5d444f2829f1cae6866c8b2d1968e721,f382c7900331c0be2f56b95f8fd95ed77f86dd5d4b06239da078e03d180eee4d
n_845,train,not_drowsy,True,True,True,True,32,100,COMPLETE,COMPLETE,BOTH,29f74d12e4a522352868297c1661224c5d444f2829f1cae6866c8b2d1968e721,f382c7900331c0be2f56b95f8fd95ed77f86dd5d4b06239da078e03d180eee4d
n_846,train,not_drowsy,True,False,True,False,32,0,COMPLETE,EXCLUDED,CONTEXT_ONLY,29f74d12e4a522352868297c1661224c5d444f2829f1cae6866c8b2d1968e721,f382c7900331c0be2f56b95f8fd95ed77f86dd5d4b06239da078e03d180eee4d
n_847,train,not_drowsy,True,True,True,True,32,100,COMPLETE,COMPLETE,BOTH,29f74d12e4a522352868297c1661224c5d444f2829f1cae6866c8b2d1968e721,f382c7900331c0be2f56b95f8fd95ed77f86dd5d4b06239da078e03d180eee4d
n_848,train,not_drowsy,True,True,True,True,32,100,COMPLETE,COMPLETE,BOTH,29f74d12e4a522352868297c1661224c5d444f2829f1cae6866c8b2d1968e721,f382c7900331c0be2f56b95f8fd95ed77f86dd5d4b06239da078e03d180eee4d
n_849,train,not_drowsy,True,True,True,True,32,100,COMPLETE,COMPLETE,BOTH,29f74d12e4a522352868297c1661224c5d444f2829f1cae6866c8b2d1968e721,f382c7900331c0be2f56b95f8fd95ed77f86dd5d4b06239da078e03d180eee4d
n_85,train,not_drowsy,True,True,True,True,32,100,COMPLETE,COMPLETE,BOTH,29f74d12e4a522352868297c1661224c5d444f2829f1cae6866c8b2d1968e721,f382c7900331c0be2f56b95f8fd95ed77f86dd5d4b06239da078e03d180eee4d
n_850,train,not_drowsy,True,False,True,False,32,0,COMPLETE,EXCLUDED,CONTEXT_ONLY,29f74d12e4a522352868297c1661224c5d444f2829f1cae6866c8b2d1968e721,f382c7900331c0be2f56b95f8fd95ed77f86dd5d4b06239da078e03d180eee4d
n_851,train,not_drowsy,True,True,True,True,32,100,COMPLETE,COMPLETE,BOTH,29f74d12e4a522352868297c1661224c5d444f2829f1cae6866c8b2d1968e721,f382c7900331c0be2f56b95f8fd95ed77f86dd5d4b06239da078e03d180eee4d
n_852,train,not_drowsy,True,True,True,True,32,100,COMPLETE,COMPLETE,BOTH,29f74d12e4a522352868297c1661224c5d444f2829f1cae6866c8b2d1968e721,f382c7900331c0be2f56b95f8fd95ed77f86dd5d4b06239da078e03d180eee4d
n_855,train,not_drowsy,True,False,True,False,32,0,COMPLETE,EXCLUDED,CONTEXT_ONLY,29f74d12e4a522352868297c1661224c5d444f2829f1cae6866c8b2d1968e721,f382c7900331c0be2f56b95f8fd95ed77f86dd5d4b06239da078e03d180eee4d
n_856,train,not_drowsy,True,True,True,True,32,100,COMPLETE,COMPLETE,BOTH,29f74d12e4a522352868297c1661224c5d444f2829f1cae6866c8b2d1968e721,f382c7900331c0be2f56b95f8fd95ed77f86dd5d4b06239da078e03d180eee4d
n_857,train,not_drowsy,False,False,False,False,0,0,EXCLUDED,EXCLUDED,NEITHER,29f74d12e4a522352868297c1661224c5d444f2829f1cae6866c8b2d1968e721,f382c7900331c0be2f56b95f8fd95ed77f86dd5d4b06239da078e03d180eee4d
n_858,val,not_drowsy,True,True,True,True,32,100,COMPLETE,COMPLETE,BOTH,29f74d12e4a522352868297c1661224c5d444f2829f1cae6866c8b2d1968e721,f382c7900331c0be2f56b95f8fd95ed77f86dd5d4b06239da078e03d180eee4d
n_859,train,not_drowsy,True,True,True,True,32,100,COMPLETE,COMPLETE,BOTH,29f74d12e4a522352868297c1661224c5d444f2829f1cae6866c8b2d1968e721,f382c7900331c0be2f56b95f8fd95ed77f86dd5d4b06239da078e03d180eee4d
n_86,train,not_drowsy,True,True,True,True,32,100,COMPLETE,COMPLETE,BOTH,29f74d12e4a522352868297c1661224c5d444f2829f1cae6866c8b2d1968e721,f382c7900331c0be2f56b95f8fd95ed77f86dd5d4b06239da078e03d180eee4d
n_860,train,not_drowsy,True,True,True,True,32,100,COMPLETE,COMPLETE,BOTH,29f74d12e4a522352868297c1661224c5d444f2829f1cae6866c8b2d1968e721,f382c7900331c0be2f56b95f8fd95ed77f86dd5d4b06239da078e03d180eee4d
n_861,train,not_drowsy,True,False,True,False,32,0,COMPLETE,EXCLUDED,CONTEXT_ONLY,29f74d12e4a522352868297c1661224c5d444f2829f1cae6866c8b2d1968e721,f382c7900331c0be2f56b95f8fd95ed77f86dd5d4b06239da078e03d180eee4d
n_862,train,not_drowsy,True,False,True,False,32,0,COMPLETE,EXCLUDED,CONTEXT_ONLY,29f74d12e4a522352868297c1661224c5d444f2829f1cae6866c8b2d1968e721,f382c7900331c0be2f56b95f8fd95ed77f86dd5d4b06239da078e03d180eee4d
n_863,train,not_drowsy,True,False,True,False,32,0,COMPLETE,EXCLUDED,CONTEXT_ONLY,29f74d12e4a522352868297c1661224c5d444f2829f1cae6866c8b2d1968e721,f382c7900331c0be2f56b95f8fd95ed77f86dd5d4b06239da078e03d180eee4d
n_864,train,not_drowsy,True,False,True,False,32,0,COMPLETE,EXCLUDED,CONTEXT_ONLY,29f74d12e4a522352868297c1661224c5d444f2829f1cae6866c8b2d1968e721,f382c7900331c0be2f56b95f8fd95ed77f86dd5d4b06239da078e03d180eee4d
n_865,val,not_drowsy,False,False,False,False,0,0,EXCLUDED,EXCLUDED,NEITHER,29f74d12e4a522352868297c1661224c5d444f2829f1cae6866c8b2d1968e721,f382c7900331c0be2f56b95f8fd95ed77f86dd5d4b06239da078e03d180eee4d
n_866,train,not_drowsy,True,True,True,True,32,100,COMPLETE,COMPLETE,BOTH,29f74d12e4a522352868297c1661224c5d444f2829f1cae6866c8b2d1968e721,f382c7900331c0be2f56b95f8fd95ed77f86dd5d4b06239da078e03d180eee4d
n_867,train,not_drowsy,True,True,True,True,32,100,COMPLETE,COMPLETE,BOTH,29f74d12e4a522352868297c1661224c5d444f2829f1cae6866c8b2d1968e721,f382c7900331c0be2f56b95f8fd95ed77f86dd5d4b06239da078e03d180eee4d
n_868,val,not_drowsy,True,True,True,True,32,100,COMPLETE,COMPLETE,BOTH,29f74d12e4a522352868297c1661224c5d444f2829f1cae6866c8b2d1968e721,f382c7900331c0be2f56b95f8fd95ed77f86dd5d4b06239da078e03d180eee4d
n_869,train,not_drowsy,True,True,True,True,32,100,COMPLETE,COMPLETE,BOTH,29f74d12e4a522352868297c1661224c5d444f2829f1cae6866c8b2d1968e721,f382c7900331c0be2f56b95f8fd95ed77f86dd5d4b06239da078e03d180eee4d
n_87,train,not_drowsy,True,True,True,True,32,100,COMPLETE,COMPLETE,BOTH,29f74d12e4a522352868297c1661224c5d444f2829f1cae6866c8b2d1968e721,f382c7900331c0be2f56b95f8fd95ed77f86dd5d4b06239da078e03d180eee4d
n_870,val,not_drowsy,True,True,True,True,32,100,COMPLETE,COMPLETE,BOTH,29f74d12e4a522352868297c1661224c5d444f2829f1cae6866c8b2d1968e721,f382c7900331c0be2f56b95f8fd95ed77f86dd5d4b06239da078e03d180eee4d
n_871,train,not_drowsy,False,False,False,False,0,0,EXCLUDED,EXCLUDED,NEITHER,29f74d12e4a522352868297c1661224c5d444f2829f1cae6866c8b2d1968e721,f382c7900331c0be2f56b95f8fd95ed77f86dd5d4b06239da078e03d180eee4d
n_872,train,not_drowsy,True,True,True,True,32,100,COMPLETE,COMPLETE,BOTH,29f74d12e4a522352868297c1661224c5d444f2829f1cae6866c8b2d1968e721,f382c7900331c0be2f56b95f8fd95ed77f86dd5d4b06239da078e03d180eee4d
n_873,train,not_drowsy,True,True,True,True,32,100,COMPLETE,COMPLETE,BOTH,29f74d12e4a522352868297c1661224c5d444f2829f1cae6866c8b2d1968e721,f382c7900331c0be2f56b95f8fd95ed77f86dd5d4b06239da078e03d180eee4d
n_874,train,not_drowsy,True,True,True,True,32,100,COMPLETE,COMPLETE,BOTH,29f74d12e4a522352868297c1661224c5d444f2829f1cae6866c8b2d1968e721,f382c7900331c0be2f56b95f8fd95ed77f86dd5d4b06239da078e03d180eee4d
n_875,train,not_drowsy,True,True,True,True,32,100,COMPLETE,COMPLETE,BOTH,29f74d12e4a522352868297c1661224c5d444f2829f1cae6866c8b2d1968e721,f382c7900331c0be2f56b95f8fd95ed77f86dd5d4b06239da078e03d180eee4d
n_876,train,not_drowsy,True,True,True,True,32,100,COMPLETE,COMPLETE,BOTH,29f74d12e4a522352868297c1661224c5d444f2829f1cae6866c8b2d1968e721,f382c7900331c0be2f56b95f8fd95ed77f86dd5d4b06239da078e03d180eee4d
n_877,val,not_drowsy,True,True,True,True,32,100,COMPLETE,COMPLETE,BOTH,29f74d12e4a522352868297c1661224c5d444f2829f1cae6866c8b2d1968e721,f382c7900331c0be2f56b95f8fd95ed77f86dd5d4b06239da078e03d180eee4d
n_878,train,not_drowsy,True,True,True,True,32,100,COMPLETE,COMPLETE,BOTH,29f74d12e4a522352868297c1661224c5d444f2829f1cae6866c8b2d1968e721,f382c7900331c0be2f56b95f8fd95ed77f86dd5d4b06239da078e03d180eee4d
n_879,train,not_drowsy,True,True,True,True,32,100,COMPLETE,COMPLETE,BOTH,29f74d12e4a522352868297c1661224c5d444f2829f1cae6866c8b2d1968e721,f382c7900331c0be2f56b95f8fd95ed77f86dd5d4b06239da078e03d180eee4d
n_880,train,not_drowsy,True,True,True,True,32,100,COMPLETE,COMPLETE,BOTH,29f74d12e4a522352868297c1661224c5d444f2829f1cae6866c8b2d1968e721,f382c7900331c0be2f56b95f8fd95ed77f86dd5d4b06239da078e03d180eee4d
n_882,train,not_drowsy,True,True,True,True,32,100,COMPLETE,COMPLETE,BOTH,29f74d12e4a522352868297c1661224c5d444f2829f1cae6866c8b2d1968e721,f382c7900331c0be2f56b95f8fd95ed77f86dd5d4b06239da078e03d180eee4d
n_883,train,not_drowsy,True,True,True,True,32,100,COMPLETE,COMPLETE,BOTH,29f74d12e4a522352868297c1661224c5d444f2829f1cae6866c8b2d1968e721,f382c7900331c0be2f56b95f8fd95ed77f86dd5d4b06239da078e03d180eee4d
n_884,val,not_drowsy,True,True,True,True,32,100,COMPLETE,COMPLETE,BOTH,29f74d12e4a522352868297c1661224c5d444f2829f1cae6866c8b2d1968e721,f382c7900331c0be2f56b95f8fd95ed77f86dd5d4b06239da078e03d180eee4d
n_885,train,not_drowsy,True,True,True,True,32,100,COMPLETE,COMPLETE,BOTH,29f74d12e4a522352868297c1661224c5d444f2829f1cae6866c8b2d1968e721,f382c7900331c0be2f56b95f8fd95ed77f86dd5d4b06239da078e03d180eee4d
n_886,train,not_drowsy,True,True,True,True,32,100,COMPLETE,COMPLETE,BOTH,29f74d12e4a522352868297c1661224c5d444f2829f1cae6866c8b2d1968e721,f382c7900331c0be2f56b95f8fd95ed77f86dd5d4b06239da078e03d180eee4d
n_888,train,not_drowsy,True,True,True,True,32,100,COMPLETE,COMPLETE,BOTH,29f74d12e4a522352868297c1661224c5d444f2829f1cae6866c8b2d1968e721,f382c7900331c0be2f56b95f8fd95ed77f86dd5d4b06239da078e03d180eee4d
n_889,train,not_drowsy,True,True,True,True,32,100,COMPLETE,COMPLETE,BOTH,29f74d12e4a522352868297c1661224c5d444f2829f1cae6866c8b2d1968e721,f382c7900331c0be2f56b95f8fd95ed77f86dd5d4b06239da078e03d180eee4d
n_89,train,not_drowsy,True,True,True,True,32,100,COMPLETE,COMPLETE,BOTH,29f74d12e4a522352868297c1661224c5d444f2829f1cae6866c8b2d1968e721,f382c7900331c0be2f56b95f8fd95ed77f86dd5d4b06239da078e03d180eee4d
n_891,val,not_drowsy,True,True,True,True,32,100,COMPLETE,COMPLETE,BOTH,29f74d12e4a522352868297c1661224c5d444f2829f1cae6866c8b2d1968e721,f382c7900331c0be2f56b95f8fd95ed77f86dd5d4b06239da078e03d180eee4d
n_892,train,not_drowsy,True,True,True,True,32,100,COMPLETE,COMPLETE,BOTH,29f74d12e4a522352868297c1661224c5d444f2829f1cae6866c8b2d1968e721,f382c7900331c0be2f56b95f8fd95ed77f86dd5d4b06239da078e03d180eee4d
n_893,train,not_drowsy,True,True,True,True,32,100,COMPLETE,COMPLETE,BOTH,29f74d12e4a522352868297c1661224c5d444f2829f1cae6866c8b2d1968e721,f382c7900331c0be2f56b95f8fd95ed77f86dd5d4b06239da078e03d180eee4d
n_894,train,not_drowsy,True,True,True,True,32,100,COMPLETE,COMPLETE,BOTH,29f74d12e4a522352868297c1661224c5d444f2829f1cae6866c8b2d1968e721,f382c7900331c0be2f56b95f8fd95ed77f86dd5d4b06239da078e03d180eee4d
n_896,val,not_drowsy,True,True,True,True,32,100,COMPLETE,COMPLETE,BOTH,29f74d12e4a522352868297c1661224c5d444f2829f1cae6866c8b2d1968e721,f382c7900331c0be2f56b95f8fd95ed77f86dd5d4b06239da078e03d180eee4d
n_897,train,not_drowsy,True,True,True,True,32,100,COMPLETE,COMPLETE,BOTH,29f74d12e4a522352868297c1661224c5d444f2829f1cae6866c8b2d1968e721,f382c7900331c0be2f56b95f8fd95ed77f86dd5d4b06239da078e03d180eee4d
n_898,train,not_drowsy,True,True,True,True,32,100,COMPLETE,COMPLETE,BOTH,29f74d12e4a522352868297c1661224c5d444f2829f1cae6866c8b2d1968e721,f382c7900331c0be2f56b95f8fd95ed77f86dd5d4b06239da078e03d180eee4d
n_9,val,not_drowsy,True,True,True,True,32,100,COMPLETE,COMPLETE,BOTH,29f74d12e4a522352868297c1661224c5d444f2829f1cae6866c8b2d1968e721,f382c7900331c0be2f56b95f8fd95ed77f86dd5d4b06239da078e03d180eee4d
n_90,train,not_drowsy,True,True,True,True,32,100,COMPLETE,COMPLETE,BOTH,29f74d12e4a522352868297c1661224c5d444f2829f1cae6866c8b2d1968e721,f382c7900331c0be2f56b95f8fd95ed77f86dd5d4b06239da078e03d180eee4d
n_900,val,not_drowsy,True,True,True,True,32,100,COMPLETE,COMPLETE,BOTH,29f74d12e4a522352868297c1661224c5d444f2829f1cae6866c8b2d1968e721,f382c7900331c0be2f56b95f8fd95ed77f86dd5d4b06239da078e03d180eee4d
n_901,val,not_drowsy,True,True,True,True,32,100,COMPLETE,COMPLETE,BOTH,29f74d12e4a522352868297c1661224c5d444f2829f1cae6866c8b2d1968e721,f382c7900331c0be2f56b95f8fd95ed77f86dd5d4b06239da078e03d180eee4d
n_902,val,not_drowsy,True,True,True,True,32,100,COMPLETE,COMPLETE,BOTH,29f74d12e4a522352868297c1661224c5d444f2829f1cae6866c8b2d1968e721,f382c7900331c0be2f56b95f8fd95ed77f86dd5d4b06239da078e03d180eee4d
n_903,train,not_drowsy,True,True,True,True,32,100,COMPLETE,COMPLETE,BOTH,29f74d12e4a522352868297c1661224c5d444f2829f1cae6866c8b2d1968e721,f382c7900331c0be2f56b95f8fd95ed77f86dd5d4b06239da078e03d180eee4d
n_904,train,not_drowsy,True,True,True,True,32,100,COMPLETE,COMPLETE,BOTH,29f74d12e4a522352868297c1661224c5d444f2829f1cae6866c8b2d1968e721,f382c7900331c0be2f56b95f8fd95ed77f86dd5d4b06239da078e03d180eee4d
n_905,train,not_drowsy,True,True,True,True,32,100,COMPLETE,COMPLETE,BOTH,29f74d12e4a522352868297c1661224c5d444f2829f1cae6866c8b2d1968e721,f382c7900331c0be2f56b95f8fd95ed77f86dd5d4b06239da078e03d180eee4d
n_907,train,not_drowsy,True,True,True,True,32,100,COMPLETE,COMPLETE,BOTH,29f74d12e4a522352868297c1661224c5d444f2829f1cae6866c8b2d1968e721,f382c7900331c0be2f56b95f8fd95ed77f86dd5d4b06239da078e03d180eee4d
n_908,train,not_drowsy,True,True,True,True,32,100,COMPLETE,COMPLETE,BOTH,29f74d12e4a522352868297c1661224c5d444f2829f1cae6866c8b2d1968e721,f382c7900331c0be2f56b95f8fd95ed77f86dd5d4b06239da078e03d180eee4d
n_909,train,not_drowsy,True,True,True,True,32,100,COMPLETE,COMPLETE,BOTH,29f74d12e4a522352868297c1661224c5d444f2829f1cae6866c8b2d1968e721,f382c7900331c0be2f56b95f8fd95ed77f86dd5d4b06239da078e03d180eee4d
n_91,train,not_drowsy,True,True,True,True,32,100,COMPLETE,COMPLETE,BOTH,29f74d12e4a522352868297c1661224c5d444f2829f1cae6866c8b2d1968e721,f382c7900331c0be2f56b95f8fd95ed77f86dd5d4b06239da078e03d180eee4d
n_910,train,not_drowsy,True,True,True,True,32,100,COMPLETE,COMPLETE,BOTH,29f74d12e4a522352868297c1661224c5d444f2829f1cae6866c8b2d1968e721,f382c7900331c0be2f56b95f8fd95ed77f86dd5d4b06239da078e03d180eee4d
n_911,train,not_drowsy,True,True,True,True,32,100,COMPLETE,COMPLETE,BOTH,29f74d12e4a522352868297c1661224c5d444f2829f1cae6866c8b2d1968e721,f382c7900331c0be2f56b95f8fd95ed77f86dd5d4b06239da078e03d180eee4d
n_914,train,not_drowsy,True,True,True,True,32,100,COMPLETE,COMPLETE,BOTH,29f74d12e4a522352868297c1661224c5d444f2829f1cae6866c8b2d1968e721,f382c7900331c0be2f56b95f8fd95ed77f86dd5d4b06239da078e03d180eee4d
n_915,train,not_drowsy,True,True,True,True,32,100,COMPLETE,COMPLETE,BOTH,29f74d12e4a522352868297c1661224c5d444f2829f1cae6866c8b2d1968e721,f382c7900331c0be2f56b95f8fd95ed77f86dd5d4b06239da078e03d180eee4d
n_916,train,not_drowsy,True,True,True,True,32,100,COMPLETE,COMPLETE,BOTH,29f74d12e4a522352868297c1661224c5d444f2829f1cae6866c8b2d1968e721,f382c7900331c0be2f56b95f8fd95ed77f86dd5d4b06239da078e03d180eee4d
n_917,train,not_drowsy,True,True,True,True,32,100,COMPLETE,COMPLETE,BOTH,29f74d12e4a522352868297c1661224c5d444f2829f1cae6866c8b2d1968e721,f382c7900331c0be2f56b95f8fd95ed77f86dd5d4b06239da078e03d180eee4d
n_918,train,not_drowsy,True,True,True,True,32,100,COMPLETE,COMPLETE,BOTH,29f74d12e4a522352868297c1661224c5d444f2829f1cae6866c8b2d1968e721,f382c7900331c0be2f56b95f8fd95ed77f86dd5d4b06239da078e03d180eee4d
n_919,train,not_drowsy,True,True,True,True,32,100,COMPLETE,COMPLETE,BOTH,29f74d12e4a522352868297c1661224c5d444f2829f1cae6866c8b2d1968e721,f382c7900331c0be2f56b95f8fd95ed77f86dd5d4b06239da078e03d180eee4d
n_92,train,not_drowsy,True,True,True,True,32,100,COMPLETE,COMPLETE,BOTH,29f74d12e4a522352868297c1661224c5d444f2829f1cae6866c8b2d1968e721,f382c7900331c0be2f56b95f8fd95ed77f86dd5d4b06239da078e03d180eee4d
n_920,train,not_drowsy,True,True,True,True,32,100,COMPLETE,COMPLETE,BOTH,29f74d12e4a522352868297c1661224c5d444f2829f1cae6866c8b2d1968e721,f382c7900331c0be2f56b95f8fd95ed77f86dd5d4b06239da078e03d180eee4d
n_921,val,not_drowsy,True,True,True,True,32,100,COMPLETE,COMPLETE,BOTH,29f74d12e4a522352868297c1661224c5d444f2829f1cae6866c8b2d1968e721,f382c7900331c0be2f56b95f8fd95ed77f86dd5d4b06239da078e03d180eee4d
n_922,train,not_drowsy,True,True,True,True,32,100,COMPLETE,COMPLETE,BOTH,29f74d12e4a522352868297c1661224c5d444f2829f1cae6866c8b2d1968e721,f382c7900331c0be2f56b95f8fd95ed77f86dd5d4b06239da078e03d180eee4d
n_923,train,not_drowsy,True,True,True,True,32,100,COMPLETE,COMPLETE,BOTH,29f74d12e4a522352868297c1661224c5d444f2829f1cae6866c8b2d1968e721,f382c7900331c0be2f56b95f8fd95ed77f86dd5d4b06239da078e03d180eee4d
n_924,train,not_drowsy,True,True,True,True,32,100,COMPLETE,COMPLETE,BOTH,29f74d12e4a522352868297c1661224c5d444f2829f1cae6866c8b2d1968e721,f382c7900331c0be2f56b95f8fd95ed77f86dd5d4b06239da078e03d180eee4d
n_925,train,not_drowsy,True,True,True,True,32,100,COMPLETE,COMPLETE,BOTH,29f74d12e4a522352868297c1661224c5d444f2829f1cae6866c8b2d1968e721,f382c7900331c0be2f56b95f8fd95ed77f86dd5d4b06239da078e03d180eee4d
n_926,train,not_drowsy,True,True,True,True,32,100,COMPLETE,COMPLETE,BOTH,29f74d12e4a522352868297c1661224c5d444f2829f1cae6866c8b2d1968e721,f382c7900331c0be2f56b95f8fd95ed77f86dd5d4b06239da078e03d180eee4d
n_927,val,not_drowsy,True,True,True,True,32,100,COMPLETE,COMPLETE,BOTH,29f74d12e4a522352868297c1661224c5d444f2829f1cae6866c8b2d1968e721,f382c7900331c0be2f56b95f8fd95ed77f86dd5d4b06239da078e03d180eee4d
n_928,val,not_drowsy,True,True,True,True,32,100,COMPLETE,COMPLETE,BOTH,29f74d12e4a522352868297c1661224c5d444f2829f1cae6866c8b2d1968e721,f382c7900331c0be2f56b95f8fd95ed77f86dd5d4b06239da078e03d180eee4d
n_929,train,not_drowsy,True,True,True,True,32,100,COMPLETE,COMPLETE,BOTH,29f74d12e4a522352868297c1661224c5d444f2829f1cae6866c8b2d1968e721,f382c7900331c0be2f56b95f8fd95ed77f86dd5d4b06239da078e03d180eee4d
n_93,val,not_drowsy,True,True,True,True,32,100,COMPLETE,COMPLETE,BOTH,29f74d12e4a522352868297c1661224c5d444f2829f1cae6866c8b2d1968e721,f382c7900331c0be2f56b95f8fd95ed77f86dd5d4b06239da078e03d180eee4d
n_930,train,not_drowsy,True,True,True,True,32,100,COMPLETE,COMPLETE,BOTH,29f74d12e4a522352868297c1661224c5d444f2829f1cae6866c8b2d1968e721,f382c7900331c0be2f56b95f8fd95ed77f86dd5d4b06239da078e03d180eee4d
n_931,train,not_drowsy,True,True,True,True,32,100,COMPLETE,COMPLETE,BOTH,29f74d12e4a522352868297c1661224c5d444f2829f1cae6866c8b2d1968e721,f382c7900331c0be2f56b95f8fd95ed77f86dd5d4b06239da078e03d180eee4d
n_932,train,not_drowsy,True,True,True,True,32,100,COMPLETE,COMPLETE,BOTH,29f74d12e4a522352868297c1661224c5d444f2829f1cae6866c8b2d1968e721,f382c7900331c0be2f56b95f8fd95ed77f86dd5d4b06239da078e03d180eee4d
n_933,train,not_drowsy,True,True,True,True,32,100,COMPLETE,COMPLETE,BOTH,29f74d12e4a522352868297c1661224c5d444f2829f1cae6866c8b2d1968e721,f382c7900331c0be2f56b95f8fd95ed77f86dd5d4b06239da078e03d180eee4d
n_934,train,not_drowsy,True,False,True,False,32,0,COMPLETE,EXCLUDED,CONTEXT_ONLY,29f74d12e4a522352868297c1661224c5d444f2829f1cae6866c8b2d1968e721,f382c7900331c0be2f56b95f8fd95ed77f86dd5d4b06239da078e03d180eee4d
n_935,train,not_drowsy,True,True,True,True,32,100,COMPLETE,COMPLETE,BOTH,29f74d12e4a522352868297c1661224c5d444f2829f1cae6866c8b2d1968e721,f382c7900331c0be2f56b95f8fd95ed77f86dd5d4b06239da078e03d180eee4d
n_936,train,not_drowsy,True,True,True,True,32,100,COMPLETE,COMPLETE,BOTH,29f74d12e4a522352868297c1661224c5d444f2829f1cae6866c8b2d1968e721,f382c7900331c0be2f56b95f8fd95ed77f86dd5d4b06239da078e03d180eee4d
n_937,train,not_drowsy,True,True,True,True,32,100,COMPLETE,COMPLETE,BOTH,29f74d12e4a522352868297c1661224c5d444f2829f1cae6866c8b2d1968e721,f382c7900331c0be2f56b95f8fd95ed77f86dd5d4b06239da078e03d180eee4d
n_938,val,not_drowsy,True,True,True,True,32,100,COMPLETE,COMPLETE,BOTH,29f74d12e4a522352868297c1661224c5d444f2829f1cae6866c8b2d1968e721,f382c7900331c0be2f56b95f8fd95ed77f86dd5d4b06239da078e03d180eee4d
n_939,train,not_drowsy,True,True,True,True,32,100,COMPLETE,COMPLETE,BOTH,29f74d12e4a522352868297c1661224c5d444f2829f1cae6866c8b2d1968e721,f382c7900331c0be2f56b95f8fd95ed77f86dd5d4b06239da078e03d180eee4d
n_94,train,not_drowsy,True,True,True,True,32,100,COMPLETE,COMPLETE,BOTH,29f74d12e4a522352868297c1661224c5d444f2829f1cae6866c8b2d1968e721,f382c7900331c0be2f56b95f8fd95ed77f86dd5d4b06239da078e03d180eee4d
n_940,train,not_drowsy,True,True,True,True,32,100,COMPLETE,COMPLETE,BOTH,29f74d12e4a522352868297c1661224c5d444f2829f1cae6866c8b2d1968e721,f382c7900331c0be2f56b95f8fd95ed77f86dd5d4b06239da078e03d180eee4d
n_942,train,not_drowsy,True,True,True,True,32,100,COMPLETE,COMPLETE,BOTH,29f74d12e4a522352868297c1661224c5d444f2829f1cae6866c8b2d1968e721,f382c7900331c0be2f56b95f8fd95ed77f86dd5d4b06239da078e03d180eee4d
n_943,train,not_drowsy,True,True,True,True,32,100,COMPLETE,COMPLETE,BOTH,29f74d12e4a522352868297c1661224c5d444f2829f1cae6866c8b2d1968e721,f382c7900331c0be2f56b95f8fd95ed77f86dd5d4b06239da078e03d180eee4d
n_944,train,not_drowsy,True,True,True,True,32,100,COMPLETE,COMPLETE,BOTH,29f74d12e4a522352868297c1661224c5d444f2829f1cae6866c8b2d1968e721,f382c7900331c0be2f56b95f8fd95ed77f86dd5d4b06239da078e03d180eee4d
n_945,train,not_drowsy,True,True,True,True,32,100,COMPLETE,COMPLETE,BOTH,29f74d12e4a522352868297c1661224c5d444f2829f1cae6866c8b2d1968e721,f382c7900331c0be2f56b95f8fd95ed77f86dd5d4b06239da078e03d180eee4d
n_948,train,not_drowsy,True,True,True,True,32,100,COMPLETE,COMPLETE,BOTH,29f74d12e4a522352868297c1661224c5d444f2829f1cae6866c8b2d1968e721,f382c7900331c0be2f56b95f8fd95ed77f86dd5d4b06239da078e03d180eee4d
n_949,train,not_drowsy,True,True,True,True,32,100,COMPLETE,COMPLETE,BOTH,29f74d12e4a522352868297c1661224c5d444f2829f1cae6866c8b2d1968e721,f382c7900331c0be2f56b95f8fd95ed77f86dd5d4b06239da078e03d180eee4d
n_95,train,not_drowsy,True,True,True,True,32,100,COMPLETE,COMPLETE,BOTH,29f74d12e4a522352868297c1661224c5d444f2829f1cae6866c8b2d1968e721,f382c7900331c0be2f56b95f8fd95ed77f86dd5d4b06239da078e03d180eee4d
n_950,train,not_drowsy,True,True,True,True,32,100,COMPLETE,COMPLETE,BOTH,29f74d12e4a522352868297c1661224c5d444f2829f1cae6866c8b2d1968e721,f382c7900331c0be2f56b95f8fd95ed77f86dd5d4b06239da078e03d180eee4d
n_951,val,not_drowsy,True,True,True,True,32,100,COMPLETE,COMPLETE,BOTH,29f74d12e4a522352868297c1661224c5d444f2829f1cae6866c8b2d1968e721,f382c7900331c0be2f56b95f8fd95ed77f86dd5d4b06239da078e03d180eee4d
n_952,train,not_drowsy,True,True,True,True,32,100,COMPLETE,COMPLETE,BOTH,29f74d12e4a522352868297c1661224c5d444f2829f1cae6866c8b2d1968e721,f382c7900331c0be2f56b95f8fd95ed77f86dd5d4b06239da078e03d180eee4d
n_953,train,not_drowsy,True,True,True,True,32,100,COMPLETE,COMPLETE,BOTH,29f74d12e4a522352868297c1661224c5d444f2829f1cae6866c8b2d1968e721,f382c7900331c0be2f56b95f8fd95ed77f86dd5d4b06239da078e03d180eee4d
n_954,train,not_drowsy,True,True,True,True,32,100,COMPLETE,COMPLETE,BOTH,29f74d12e4a522352868297c1661224c5d444f2829f1cae6866c8b2d1968e721,f382c7900331c0be2f56b95f8fd95ed77f86dd5d4b06239da078e03d180eee4d
n_955,train,not_drowsy,True,True,True,True,32,100,COMPLETE,COMPLETE,BOTH,29f74d12e4a522352868297c1661224c5d444f2829f1cae6866c8b2d1968e721,f382c7900331c0be2f56b95f8fd95ed77f86dd5d4b06239da078e03d180eee4d
n_957,train,not_drowsy,True,False,True,False,32,0,COMPLETE,EXCLUDED,CONTEXT_ONLY,29f74d12e4a522352868297c1661224c5d444f2829f1cae6866c8b2d1968e721,f382c7900331c0be2f56b95f8fd95ed77f86dd5d4b06239da078e03d180eee4d
n_958,train,not_drowsy,True,True,True,True,32,100,COMPLETE,COMPLETE,BOTH,29f74d12e4a522352868297c1661224c5d444f2829f1cae6866c8b2d1968e721,f382c7900331c0be2f56b95f8fd95ed77f86dd5d4b06239da078e03d180eee4d
n_959,train,not_drowsy,True,True,True,True,32,100,COMPLETE,COMPLETE,BOTH,29f74d12e4a522352868297c1661224c5d444f2829f1cae6866c8b2d1968e721,f382c7900331c0be2f56b95f8fd95ed77f86dd5d4b06239da078e03d180eee4d
n_96,train,not_drowsy,True,True,True,True,32,100,COMPLETE,COMPLETE,BOTH,29f74d12e4a522352868297c1661224c5d444f2829f1cae6866c8b2d1968e721,f382c7900331c0be2f56b95f8fd95ed77f86dd5d4b06239da078e03d180eee4d
n_960,train,not_drowsy,True,True,True,True,32,100,COMPLETE,COMPLETE,BOTH,29f74d12e4a522352868297c1661224c5d444f2829f1cae6866c8b2d1968e721,f382c7900331c0be2f56b95f8fd95ed77f86dd5d4b06239da078e03d180eee4d
n_961,train,not_drowsy,True,True,True,True,32,100,COMPLETE,COMPLETE,BOTH,29f74d12e4a522352868297c1661224c5d444f2829f1cae6866c8b2d1968e721,f382c7900331c0be2f56b95f8fd95ed77f86dd5d4b06239da078e03d180eee4d
n_962,train,not_drowsy,True,True,True,True,32,100,COMPLETE,COMPLETE,BOTH,29f74d12e4a522352868297c1661224c5d444f2829f1cae6866c8b2d1968e721,f382c7900331c0be2f56b95f8fd95ed77f86dd5d4b06239da078e03d180eee4d
n_965,train,not_drowsy,True,True,True,True,32,100,COMPLETE,COMPLETE,BOTH,29f74d12e4a522352868297c1661224c5d444f2829f1cae6866c8b2d1968e721,f382c7900331c0be2f56b95f8fd95ed77f86dd5d4b06239da078e03d180eee4d
n_967,train,not_drowsy,True,True,True,True,32,100,COMPLETE,COMPLETE,BOTH,29f74d12e4a522352868297c1661224c5d444f2829f1cae6866c8b2d1968e721,f382c7900331c0be2f56b95f8fd95ed77f86dd5d4b06239da078e03d180eee4d
n_968,train,not_drowsy,True,True,True,True,32,100,COMPLETE,COMPLETE,BOTH,29f74d12e4a522352868297c1661224c5d444f2829f1cae6866c8b2d1968e721,f382c7900331c0be2f56b95f8fd95ed77f86dd5d4b06239da078e03d180eee4d
n_969,train,not_drowsy,True,True,True,True,32,100,COMPLETE,COMPLETE,BOTH,29f74d12e4a522352868297c1661224c5d444f2829f1cae6866c8b2d1968e721,f382c7900331c0be2f56b95f8fd95ed77f86dd5d4b06239da078e03d180eee4d
n_97,train,not_drowsy,True,True,True,True,32,100,COMPLETE,COMPLETE,BOTH,29f74d12e4a522352868297c1661224c5d444f2829f1cae6866c8b2d1968e721,f382c7900331c0be2f56b95f8fd95ed77f86dd5d4b06239da078e03d180eee4d
n_970,train,not_drowsy,True,True,True,True,32,100,COMPLETE,COMPLETE,BOTH,29f74d12e4a522352868297c1661224c5d444f2829f1cae6866c8b2d1968e721,f382c7900331c0be2f56b95f8fd95ed77f86dd5d4b06239da078e03d180eee4d
n_971,train,not_drowsy,True,True,True,True,32,100,COMPLETE,COMPLETE,BOTH,29f74d12e4a522352868297c1661224c5d444f2829f1cae6866c8b2d1968e721,f382c7900331c0be2f56b95f8fd95ed77f86dd5d4b06239da078e03d180eee4d
n_972,train,not_drowsy,True,True,True,True,32,100,COMPLETE,COMPLETE,BOTH,29f74d12e4a522352868297c1661224c5d444f2829f1cae6866c8b2d1968e721,f382c7900331c0be2f56b95f8fd95ed77f86dd5d4b06239da078e03d180eee4d
n_973,train,not_drowsy,True,True,True,True,32,100,COMPLETE,COMPLETE,BOTH,29f74d12e4a522352868297c1661224c5d444f2829f1cae6866c8b2d1968e721,f382c7900331c0be2f56b95f8fd95ed77f86dd5d4b06239da078e03d180eee4d
n_974,train,not_drowsy,True,True,True,True,32,100,COMPLETE,COMPLETE,BOTH,29f74d12e4a522352868297c1661224c5d444f2829f1cae6866c8b2d1968e721,f382c7900331c0be2f56b95f8fd95ed77f86dd5d4b06239da078e03d180eee4d
n_975,train,not_drowsy,True,True,True,True,32,100,COMPLETE,COMPLETE,BOTH,29f74d12e4a522352868297c1661224c5d444f2829f1cae6866c8b2d1968e721,f382c7900331c0be2f56b95f8fd95ed77f86dd5d4b06239da078e03d180eee4d
n_976,train,not_drowsy,True,True,True,True,32,100,COMPLETE,COMPLETE,BOTH,29f74d12e4a522352868297c1661224c5d444f2829f1cae6866c8b2d1968e721,f382c7900331c0be2f56b95f8fd95ed77f86dd5d4b06239da078e03d180eee4d
n_978,val,not_drowsy,True,True,True,True,32,100,COMPLETE,COMPLETE,BOTH,29f74d12e4a522352868297c1661224c5d444f2829f1cae6866c8b2d1968e721,f382c7900331c0be2f56b95f8fd95ed77f86dd5d4b06239da078e03d180eee4d
n_979,train,not_drowsy,True,True,True,True,32,100,COMPLETE,COMPLETE,BOTH,29f74d12e4a522352868297c1661224c5d444f2829f1cae6866c8b2d1968e721,f382c7900331c0be2f56b95f8fd95ed77f86dd5d4b06239da078e03d180eee4d
n_98,train,not_drowsy,True,True,True,True,32,100,COMPLETE,COMPLETE,BOTH,29f74d12e4a522352868297c1661224c5d444f2829f1cae6866c8b2d1968e721,f382c7900331c0be2f56b95f8fd95ed77f86dd5d4b06239da078e03d180eee4d
n_980,train,not_drowsy,True,True,True,True,32,100,COMPLETE,COMPLETE,BOTH,29f74d12e4a522352868297c1661224c5d444f2829f1cae6866c8b2d1968e721,f382c7900331c0be2f56b95f8fd95ed77f86dd5d4b06239da078e03d180eee4d
n_981,train,not_drowsy,True,True,True,True,32,100,COMPLETE,COMPLETE,BOTH,29f74d12e4a522352868297c1661224c5d444f2829f1cae6866c8b2d1968e721,f382c7900331c0be2f56b95f8fd95ed77f86dd5d4b06239da078e03d180eee4d
n_982,train,not_drowsy,True,True,True,True,32,100,COMPLETE,COMPLETE,BOTH,29f74d12e4a522352868297c1661224c5d444f2829f1cae6866c8b2d1968e721,f382c7900331c0be2f56b95f8fd95ed77f86dd5d4b06239da078e03d180eee4d
n_983,train,not_drowsy,True,True,True,True,32,100,COMPLETE,COMPLETE,BOTH,29f74d12e4a522352868297c1661224c5d444f2829f1cae6866c8b2d1968e721,f382c7900331c0be2f56b95f8fd95ed77f86dd5d4b06239da078e03d180eee4d
n_984,train,not_drowsy,True,True,True,True,32,100,COMPLETE,COMPLETE,BOTH,29f74d12e4a522352868297c1661224c5d444f2829f1cae6866c8b2d1968e721,f382c7900331c0be2f56b95f8fd95ed77f86dd5d4b06239da078e03d180eee4d
n_986,train,not_drowsy,True,True,True,True,32,100,COMPLETE,COMPLETE,BOTH,29f74d12e4a522352868297c1661224c5d444f2829f1cae6866c8b2d1968e721,f382c7900331c0be2f56b95f8fd95ed77f86dd5d4b06239da078e03d180eee4d
n_988,train,not_drowsy,True,True,True,True,32,100,COMPLETE,COMPLETE,BOTH,29f74d12e4a522352868297c1661224c5d444f2829f1cae6866c8b2d1968e721,f382c7900331c0be2f56b95f8fd95ed77f86dd5d4b06239da078e03d180eee4d
n_989,train,not_drowsy,True,True,True,True,32,100,COMPLETE,COMPLETE,BOTH,29f74d12e4a522352868297c1661224c5d444f2829f1cae6866c8b2d1968e721,f382c7900331c0be2f56b95f8fd95ed77f86dd5d4b06239da078e03d180eee4d
n_99,val,not_drowsy,True,True,True,True,32,100,COMPLETE,COMPLETE,BOTH,29f74d12e4a522352868297c1661224c5d444f2829f1cae6866c8b2d1968e721,f382c7900331c0be2f56b95f8fd95ed77f86dd5d4b06239da078e03d180eee4d
n_991,train,not_drowsy,True,True,True,True,32,100,COMPLETE,COMPLETE,BOTH,29f74d12e4a522352868297c1661224c5d444f2829f1cae6866c8b2d1968e721,f382c7900331c0be2f56b95f8fd95ed77f86dd5d4b06239da078e03d180eee4d
n_992,train,not_drowsy,True,True,True,True,32,100,COMPLETE,COMPLETE,BOTH,29f74d12e4a522352868297c1661224c5d444f2829f1cae6866c8b2d1968e721,f382c7900331c0be2f56b95f8fd95ed77f86dd5d4b06239da078e03d180eee4d
n_993,train,not_drowsy,True,True,True,True,32,100,COMPLETE,COMPLETE,BOTH,29f74d12e4a522352868297c1661224c5d444f2829f1cae6866c8b2d1968e721,f382c7900331c0be2f56b95f8fd95ed77f86dd5d4b06239da078e03d180eee4d
n_994,train,not_drowsy,True,True,True,True,32,100,COMPLETE,COMPLETE,BOTH,29f74d12e4a522352868297c1661224c5d444f2829f1cae6866c8b2d1968e721,f382c7900331c0be2f56b95f8fd95ed77f86dd5d4b06239da078e03d180eee4d
n_995,train,not_drowsy,True,False,True,False,32,0,COMPLETE,EXCLUDED,CONTEXT_ONLY,29f74d12e4a522352868297c1661224c5d444f2829f1cae6866c8b2d1968e721,f382c7900331c0be2f56b95f8fd95ed77f86dd5d4b06239da078e03d180eee4d
n_996,val,not_drowsy,True,False,True,False,32,0,COMPLETE,EXCLUDED,CONTEXT_ONLY,29f74d12e4a522352868297c1661224c5d444f2829f1cae6866c8b2d1968e721,f382c7900331c0be2f56b95f8fd95ed77f86dd5d4b06239da078e03d180eee4d
n_997,val,not_drowsy,True,False,True,False,32,0,COMPLETE,EXCLUDED,CONTEXT_ONLY,29f74d12e4a522352868297c1661224c5d444f2829f1cae6866c8b2d1968e721,f382c7900331c0be2f56b95f8fd95ed77f86dd5d4b06239da078e03d180eee4d
n_998,train,not_drowsy,False,False,False,False,0,0,EXCLUDED,EXCLUDED,NEITHER,29f74d12e4a522352868297c1661224c5d444f2829f1cae6866c8b2d1968e721,f382c7900331c0be2f56b95f8fd95ed77f86dd5d4b06239da078e03d180eee4d
n_999,train,not_drowsy,True,False,True,False,32,0,COMPLETE,EXCLUDED,CONTEXT_ONLY,29f74d12e4a522352868297c1661224c5d444f2829f1cae6866c8b2d1968e721,f382c7900331c0be2f56b95f8fd95ed77f86dd5d4b06239da078e03d180eee4d
